,Scheme Name,all_sectors,key_sectors,ISIN,Tag,,xx,key_sectors
0,Aditya Birla SL BSE Sensex ETF,"{'Automobiles - LCVs / HCVs': 1.49, 'Automobiles - Passenger Cars': 5.07, 'Banks - Private Sector': 32.15, 'Banks - Public Sector': 3.54, 'Cement - North India': 1.58, 'Cigarettes': 4.03, 'Computers - Software - Large': 11.54, 'Diamond Cutting / Jewellery': 1.57, 'Electronics - Components': 1.4, 'Engineering - Turnkey Services': 4.47, 'Finance & Investments': 3.53, 'Miscellaneous': 3.34, 'Paints / Varnishes': 1.21, 'Personal Care - Multinational': 2.52, 'Pharmaceuticals - Indian - Bulk Drugs & Formln': 1.79, 'Power Generation And Supply': 2.98, 'Refineries': 9.75, 'Steel - Large': 1.35, 'Telecommunications - Service Provider': 5.26, 'Trading': 1.24}",[],INF209KB10E8,Index Based,Equity,Equity-Index Based,[]
1,Aditya Birla SL Nifty 200 Momentum 30 ETF,"{'Automobiles - Motorcycles / Mopeds': 3.52, 'Banks - Private Sector': 14.97, 'Breweries & Distilleries': 1.43, 'Cement - North India': 1.84, 'Chemicals': 4.94, 'Computers - Software - Large': 2.37, 'Computers - Software - Medium / Small': 2.72, 'Electronics - Components': 4.8, 'Electronics - Consumer': 2.19, 'Engineering': 0.88, 'Finance & Investments': 26.57, 'Healthcare': 4.21, 'Hotels': 2.2, 'Miscellaneous': 11.35, 'Pharmaceuticals - Indian - Bulk Drugs': 4.19, 'Telecommunications - Service Provider': 5.07, 'Trading': 1.4, 'Transport - Airlines': 5.29}",[],INF209KB14K7,Factor Based,Equity,Equity-Factor Based,[]
2,Aditya Birla SL Nifty 200 Quality 30 ETF,"{'Automobiles - Motorcycles / Mopeds': 3.37, 'Automobiles - Scooters And 3 - Wheelers': 4.01, 'Cables - Power': 2.48, 'Chemicals': 2.65, 'Cigarettes': 5.03, 'Computers - Software - Large': 20.4, 'Computers - Software - Medium / Small': 3.54, 'Electric Equipment': 2.14, 'Electronics - Components': 4.49, 'Engineering': 3.24, 'Engines': 3.02, 'Finance & Investments': 3.15, 'Food - Processing - MNC': 9.42, 'Mining / Minerals / Metals': 6.73, 'Miscellaneous': 1.36, 'Paints / Varnishes': 4.67, 'Personal Care - Multinational': 10.0, 'Refineries': 2.79, 'Solvent Extraction': 2.92, 'Textiles - Products': 2.41, 'Travel Agencies': 2.19}",[],INF209KB15K4,Index Based,Equity,Equity-Index Based,[]
3,Aditya Birla SL Nifty 50 ETF,"{'Aluminium and Aluminium Products': 0.92, 'Automobiles - LCVs / HCVs': 1.26, 'Automobiles - Motorcycles / Mopeds': 1.36, 'Automobiles - Passenger Cars': 4.3, 'Automobiles - Scooters And 3 - Wheelers': 0.86, 'Banks - Private Sector': 27.82, 'Banks - Public Sector': 2.78, 'Cement - North India': 1.35, 'Cigarettes': 3.44, 'Computers - Software - Large': 10.5, 'Diamond Cutting / Jewellery': 1.35, 'Electronics - Components': 1.19, 'Engineering - Turnkey Services': 3.81, 'Finance & Investments': 6.17, 'Food - Processing - MNC': 0.75, 'Healthcare': 0.69, 'Mining / Minerals / Metals': 0.77, 'Miscellaneous': 2.84, 'Oil Drilling / Allied Services': 0.82, 'Paints / Varnishes': 1.03, 'Personal Care - Multinational': 2.13, 'Pharmaceuticals - Indian - Bulk Drugs & Formln': 3.05, 'Power Generation And Supply': 2.53, 'Refineries': 8.3, 'Steel - Large': 2.03, 'Tea': 0.63, 'Telecommunications - Service Provider': 4.64, 'Textiles - Manmade': 0.96, 'Trading': 1.59}",[],INF209KB19D1,Index Based,Equity,Equity-Index Based,[]
4,Aditya Birla SL Nifty Bank ETF,"{'Banks - Private Sector': 82.92, 'Banks - Public Sector': 16.87}",['Banks - Private Sector'],INF209KB17D5,Sector Based,Equity,Equity-Sector Based,['Banks - Private Sector']
5,Aditya Birla SL Nifty Healthcare ETF,"{'Healthcare': 21.95, 'Miscellaneous': 1.24, 'Pharmaceuticals - Indian - Bulk Drugs': 8.14, 'Pharmaceuticals - Indian - Bulk Drugs & Formln': 63.06, 'Pharmaceuticals - Indian - Formulations': 3.89, 'Pharmaceuticals - Multinational': 1.71}",['Pharmaceuticals - Indian - Bulk Drugs & Formln'],INF209KB10C2,Sector Based,Equity,Equity-Sector Based,['Pharmaceuticals - Indian - Bulk Drugs & Formln']
6,Aditya Birla SL Nifty IT ETF,"{'Computers - Software - Large': 94.16, 'Computers - Software - Medium / Small': 5.83}",['Computers - Software - Large'],INF209KB11D8,Sector Based,Equity,Equity-Sector Based,['Computers - Software - Large']
7,Aditya Birla SL Nifty Next 50 ETF,"{'Auto Ancillaries': 3.32, 'Automobiles - Motorcycles / Mopeds': 3.38, 'Automobiles - Passenger Cars': 1.54, 'Banks - Public Sector': 4.96, 'Breweries & Distilleries': 1.7, 'Cement - North India': 3.34, 'Chemicals': 2.07, 'Computers - Software - Large': 2.09, 'Construction': 3.55, 'Electric Equipment': 5.99, 'Engineering': 3.62, 'Finance - Housing': 0.46, 'Finance - Term-Lending Institutions': 5.28, 'Finance & Investments': 8.86, 'Food - Processing - Indian': 2.87, 'Food - Processing - MNC': 3.02, 'Hotels': 2.93, 'Mining / Minerals / Metals': 3.14, 'Miscellaneous': 5.07, 'Personal Care - Indian': 3.55, 'Pharmaceuticals - Indian - Bulk Drugs': 3.42, 'Pharmaceuticals - Indian - Bulk Drugs & Formln': 1.08, 'Pharmaceuticals - Indian - Formulations': 1.64, 'Power Generation And Supply': 8.44, 'Refineries': 4.87, 'Steel - Large': 1.54, 'Trading': 3.08, 'Transport - Airlines': 4.87}",[],INF209KB16D7,Index Based,Equity,Equity-Index Based,[]
8,Aditya Birla SL Nifty PSE ETF,"{'Construction': 1.5, 'Electric Equipment': 2.34, 'Electronics - Components': 11.59, 'Engineering': 7.21, 'Finance - Term-Lending Institutions': 10.52, 'Mining / Minerals / Metals': 9.54, 'Miscellaneous': 5.68, 'Oil Drilling / Allied Services': 9.81, 'Power Generation And Supply': 26.66, 'Refineries': 12.86, 'Travel Agencies': 1.83}",[],INF209KB19Z4,Index Based,Equity,Equity-Index Based,[]
9,AXIS BSE Sensex ETF,"{'Automobiles - LCVs / HCVs': 1.49, 'Automobiles - Passenger Cars': 5.08, 'Banks - Private Sector': 32.17, 'Banks - Public Sector': 3.5, 'Cement - North India': 1.56, 'Cigarettes': 4.03, 'Computers - Software - Large': 11.54, 'Diamond Cutting / Jewellery': 1.57, 'Electronics - Components': 1.37, 'Engineering - Turnkey Services': 4.47, 'Finance & Investments': 3.53, 'Miscellaneous': 3.35, 'Paints / Varnishes': 1.21, 'Personal Care - Multinational': 2.52, 'Pharmaceuticals - Indian - Bulk Drugs & Formln': 1.79, 'Power Generation And Supply': 2.99, 'Refineries': 9.76, 'Steel - Large': 1.35, 'Telecommunications - Service Provider': 5.26, 'Trading': 1.23}",[],INF846K010Q0,Index Based,Equity,Equity-Index Based,[]
10,AXIS Nifty 50 ETF,"{'Aluminium and Aluminium Products': 0.92, 'Automobiles - LCVs / HCVs': 1.26, 'Automobiles - Motorcycles / Mopeds': 1.35, 'Automobiles - Passenger Cars': 4.29, 'Automobiles - Scooters And 3 - Wheelers': 0.86, 'Banks - Private Sector': 27.82, 'Banks - Public Sector': 2.77, 'Cement - North India': 1.35, 'Cigarettes': 3.43, 'Computers - Software - Large': 10.48, 'Diamond Cutting / Jewellery': 1.35, 'Electronics - Components': 1.19, 'Engineering - Turnkey Services': 3.82, 'Finance & Investments': 6.16, 'Food - Processing - MNC': 0.75, 'Healthcare': 0.69, 'Mining / Minerals / Metals': 0.77, 'Miscellaneous': 2.84, 'Oil Drilling / Allied Services': 0.82, 'Paints / Varnishes': 1.02, 'Personal Care - Multinational': 2.12, 'Pharmaceuticals - Indian - Bulk Drugs & Formln': 3.05, 'Power Generation And Supply': 2.52, 'Refineries': 8.29, 'Steel - Large': 2.03, 'Tea': 0.63, 'Telecommunications - Service Provider': 4.65, 'Textiles - Manmade': 0.96, 'Trading': 1.59}",[],INF846K01W98,Index Based,Equity,Equity-Index Based,[]
11,AXIS Nifty Bank ETF,"{'Banks - Private Sector': 82.92, 'Banks - Public Sector': 16.85}",['Banks - Private Sector'],INF846K01X63,Sector Based,Equity,Equity-Sector Based,['Banks - Private Sector']
12,AXIS Nifty India Consumption ETF,"{'Automobiles - Motorcycles / Mopeds': 6.79, 'Automobiles - Passenger Cars': 14.29, 'Automobiles - Scooters And 3 - Wheelers': 2.87, 'Breweries & Distilleries': 1.16, 'Cigarettes': 9.58, 'Construction': 1.42, 'Diamond Cutting / Jewellery': 4.49, 'Electric Equipment': 1.14, 'Food - Processing - Indian': 1.96, 'Food - Processing - MNC': 4.54, 'Healthcare': 4.87, 'Hotels': 2.0, 'Miscellaneous': 8.13, 'Paints / Varnishes': 3.41, 'Personal Care - Indian': 1.5, 'Personal Care - Multinational': 7.98, 'Power Generation And Supply': 3.29, 'Tea': 2.07, 'Telecommunications - Service Provider': 9.37, 'Trading': 5.62, 'Transport - Airlines': 3.32}",[],INF846K016C7,Theme Based,Equity,Equity-Theme Based,[]
13,AXIS Nifty IT ETF,"{'Computers - Software - Large': 94.15, 'Computers - Software - Medium / Small': 5.83}",['Computers - Software - Large'],INF846K01Y96,Sector Based,Equity,Equity-Sector Based,['Computers - Software - Large']
14,AXIS Nifty500 Value 50 ETF,"{'Aluminium and Aluminium Products': 6.31, 'Automobiles - LCVs / HCVs': 5.11, 'Automobiles - Passenger Cars': 3.4, 'Banks - Private Sector': 5.03, 'Banks - Public Sector': 12.5, 'Chemicals': 0.82, 'Construction': 0.49, 'Entertainment / Electronic Media Software': 0.5, 'Fertilizers': 0.4, 'Finance - Housing': 1.13, 'Finance - Term-Lending Institutions': 4.57, 'Finance & Investments': 1.05, 'Mining / Minerals / Metals': 11.47, 'Miscellaneous': 2.48, 'Oil Drilling / Allied Services': 5.73, 'Pesticides / Agrochemicals - Indian': 1.79, 'Power Generation And Supply': 10.64, 'Refineries': 11.35, 'Shipping': 0.96, 'Steel - Large': 6.9, 'Textiles - Manmade': 5.04, 'Trading': 1.63}",[],INF846KA1119,Index Based,Equity,Equity-Index Based,[]
15,Bajaj Finserv Nifty 50 ETF,"{'Aluminium and Aluminium Products': 0.92, 'Automobiles - LCVs / HCVs': 1.26, 'Automobiles - Motorcycles / Mopeds': 1.36, 'Automobiles - Passenger Cars': 4.3, 'Automobiles - Scooters And 3 - Wheelers': 0.86, 'Banks - Private Sector': 27.82, 'Banks - Public Sector': 2.78, 'Cement - North India': 1.35, 'Cigarettes': 3.44, 'Computers - Software - Large': 10.5, 'Diamond Cutting / Jewellery': 1.35, 'Electronics - Components': 1.19, 'Engineering - Turnkey Services': 3.81, 'Finance & Investments': 6.17, 'Food - Processing - MNC': 0.75, 'Healthcare': 0.69, 'Mining / Minerals / Metals': 0.77, 'Miscellaneous': 2.84, 'Oil Drilling / Allied Services': 0.82, 'Paints / Varnishes': 1.03, 'Personal Care - Multinational': 2.13, 'Pharmaceuticals - Indian - Bulk Drugs & Formln': 3.05, 'Power Generation And Supply': 2.53, 'Refineries': 8.3, 'Steel - Large': 2.03, 'Tea': 0.63, 'Telecommunications - Service Provider': 4.64, 'Textiles - Manmade': 0.96, 'Trading': 1.59}",[],INF0QA701722,Index Based,Equity,Equity-Index Based,[]
16,Bajaj Finserv Nifty Bank ETF,"{'Banks - Private Sector': 82.92, 'Banks - Public Sector': 16.87}",['Banks - Private Sector'],INF0QA701714,Sector Based,Equity,Equity-Sector Based,['Banks - Private Sector']
17,Bandhan Nifty 50 ETF,"{'Aluminium and Aluminium Products': 0.92, 'Automobiles - LCVs / HCVs': 1.26, 'Automobiles - Motorcycles / Mopeds': 1.35, 'Automobiles - Passenger Cars': 4.3, 'Automobiles - Scooters And 3 - Wheelers': 0.86, 'Banks - Private Sector': 27.8, 'Banks - Public Sector': 2.78, 'Cement - North India': 1.35, 'Cigarettes': 3.44, 'Computers - Software - Large': 10.49, 'Diamond Cutting / Jewellery': 1.35, 'Electronics - Components': 1.19, 'Engineering - Turnkey Services': 3.81, 'Finance & Investments': 6.17, 'Food - Processing - MNC': 0.75, 'Healthcare': 0.69, 'Mining / Minerals / Metals': 0.77, 'Miscellaneous': 2.84, 'Oil Drilling / Allied Services': 0.82, 'Paints / Varnishes': 1.03, 'Personal Care - Multinational': 2.13, 'Pharmaceuticals - Indian - Bulk Drugs & Formln': 3.05, 'Power Generation And Supply': 2.52, 'Refineries': 8.29, 'Steel - Large': 2.03, 'Tea': 0.63, 'Telecommunications - Service Provider': 4.64, 'Textiles - Manmade': 0.96, 'Trading': 1.59}",[],INF194KA1U07,Index Based,Equity,Equity-Index Based,[]
18,Baroda BNP Paribas NIFTY Bank ETF,"{'Banks - Private Sector': 82.69, 'Banks - Public Sector': 16.77}",['Banks - Private Sector'],INF251K01TL6,Sector Based,Equity,Equity-Sector Based,['Banks - Private Sector']
19,Bharat 22 ETF,"{'Aluminium and Aluminium Products': 4.58, 'Banks - Private Sector': 7.72, 'Banks - Public Sector': 9.69, 'Cigarettes': 14.06, 'Electronics - Components': 5.59, 'Engineering - Turnkey Services': 16.17, 'Finance - Term-Lending Institutions': 2.55, 'Mining / Minerals / Metals': 5.11, 'Miscellaneous': 3.22, 'Oil Drilling / Allied Services': 5.45, 'Power Generation And Supply': 19.01, 'Refineries': 6.6}",[],INF109KB15Y7,Index Based,Equity,Equity-Index Based,[]
20,CPSE ETF,"{'Electronics - Components': 19.28, 'Mining / Minerals / Metals': 13.16, 'Miscellaneous': 3.67, 'Oil Drilling / Allied Services': 17.32, 'Power Generation And Supply': 46.22}",[],INF457M01133,Theme Based,Equity,Equity-Theme Based,[]
21,DSP BSE Sensex ETF,"{'Automobiles - LCVs / HCVs': 1.49, 'Automobiles - Passenger Cars': 5.07, 'Banks - Private Sector': 32.14, 'Banks - Public Sector': 3.54, 'Cement - North India': 1.58, 'Cigarettes': 4.03, 'Computers - Software - Large': 11.53, 'Diamond Cutting / Jewellery': 1.57, 'Electronics - Components': 1.4, 'Engineering - Turnkey Services': 4.47, 'Finance & Investments': 3.53, 'Miscellaneous': 3.34, 'Paints / Varnishes': 1.2, 'Personal Care - Multinational': 2.52, 'Pharmaceuticals - Indian - Bulk Drugs & Formln': 1.79, 'Power Generation And Supply': 2.98, 'Refineries': 9.75, 'Steel - Large': 1.35, 'Telecommunications - Service Provider': 5.26, 'Trading': 1.24}",[],INF740KA1SZ6,Index Based,Equity,Equity-Index Based,[]
22,DSP BSE SENSEX Next 30 ETF,"{'Aluminium and Aluminium Products': 4.26, 'Automobiles - Motorcycles / Mopeds': 3.51, 'Automobiles - Scooters And 3 - Wheelers': 4.05, 'Banks - Private Sector': 2.04, 'Computers - Software - Large': 2.97, 'Engineering': 3.42, 'Finance - Term-Lending Institutions': 4.14, 'Finance & Investments': 14.66, 'Food - Processing - Indian': 2.77, 'Food - Processing - MNC': 6.37, 'Healthcare': 6.81, 'Hotels': 2.82, 'Mining / Minerals / Metals': 6.56, 'Oil Drilling / Allied Services': 3.84, 'Pharmaceuticals - Indian - Bulk Drugs': 3.28, 'Pharmaceuticals - Indian - Bulk Drugs & Formln': 7.02, 'Power Generation And Supply': 2.62, 'Steel - Large': 4.12, 'Tea': 2.88, 'Textiles - Manmade': 4.45, 'Trading': 2.51, 'Transport - Airlines': 4.66}",[],INF740KA1VE5,Index Based,Equity,Equity-Index Based,[]
23,DSP Nifty 50 Equal Weight ETF,"{'Aluminium and Aluminium Products': 2.13, 'Automobiles - LCVs / HCVs': 2.02, 'Automobiles - Motorcycles / Mopeds': 4.64, 'Automobiles - Passenger Cars': 4.39, 'Automobiles - Scooters And 3 - Wheelers': 2.09, 'Banks - Private Sector': 9.33, 'Banks - Public Sector': 2.04, 'Cement - North India': 2.19, 'Cigarettes': 2.0, 'Computers - Software - Large': 9.04, 'Diamond Cutting / Jewellery': 2.02, 'Electronics - Components': 1.85, 'Engineering - Turnkey Services': 2.02, 'Finance & Investments': 11.7, 'Food - Processing - MNC': 1.96, 'Healthcare': 2.2, 'Mining / Minerals / Metals': 1.95, 'Miscellaneous': 4.39, 'Oil Drilling / Allied Services': 1.97, 'Paints / Varnishes': 2.25, 'Personal Care - Multinational': 2.38, 'Pharmaceuticals - Indian - Bulk Drugs & Formln': 5.99, 'Power Generation And Supply': 3.94, 'Refineries': 1.88, 'Steel - Large': 4.05, 'Tea': 1.92, 'Telecommunications - Service Provider': 1.96, 'Textiles - Manmade': 1.99, 'Trading': 3.57}",[],INF740KA1QK2,Index Based,Equity,Equity-Index Based,[]
24,DSP Nifty 50 ETF,"{'Aluminium and Aluminium Products': 0.92, 'Automobiles - LCVs / HCVs': 1.26, 'Automobiles - Motorcycles / Mopeds': 1.36, 'Automobiles - Passenger Cars': 4.3, 'Automobiles - Scooters And 3 - Wheelers': 0.86, 'Banks - Private Sector': 27.8, 'Banks - Public Sector': 2.78, 'Cement - North India': 1.35, 'Cigarettes': 3.44, 'Computers - Software - Large': 10.49, 'Diamond Cutting / Jewellery': 1.35, 'Electronics - Components': 1.19, 'Engineering - Turnkey Services': 3.81, 'Finance & Investments': 6.17, 'Food - Processing - MNC': 0.75, 'Healthcare': 0.69, 'Mining / Minerals / Metals': 0.77, 'Miscellaneous': 2.84, 'Oil Drilling / Allied Services': 0.82, 'Paints / Varnishes': 1.03, 'Personal Care - Multinational': 2.13, 'Pharmaceuticals - Indian - Bulk Drugs & Formln': 3.05, 'Power Generation And Supply': 2.52, 'Refineries': 8.29, 'Steel - Large': 2.03, 'Tea': 0.63, 'Telecommunications - Service Provider': 4.64, 'Textiles - Manmade': 0.96, 'Trading': 1.59}",[],INF740KA1CL0,Index Based,Equity,Equity-Index Based,[]
25,DSP Nifty Bank ETF,"{'Banks - Private Sector': 82.9, 'Banks - Public Sector': 16.87}",['Banks - Private Sector'],INF740KA1RX3,Sector Based,Equity,Equity-Sector Based,['Banks - Private Sector']
26,DSP Nifty IT ETF,"{'Computers - Software - Large': 94.15, 'Computers - Software - Medium / Small': 5.83}",['Computers - Software - Large'],INF740KA1SX1,Sector Based,Equity,Equity-Sector Based,['Computers - Software - Large']
27,DSP Nifty Midcap 150 Quality 50 ETF,"{'Bearings': 1.5, 'Cables - Power': 4.64, 'Castings & Forgings': 1.24, 'Chemicals': 2.42, 'Computers - Software - Large': 8.24, 'Computers - Software - Medium / Small': 6.98, 'Diversified - Large': 1.5, 'Electric Equipment': 1.55, 'Electronics - Components': 1.01, 'Electronics - Consumer': 3.43, 'Engineering': 1.22, 'Engines': 3.31, 'Entertainment / Electronic Media Software': 0.87, 'Fertilizers': 1.98, 'Finance & Investments': 11.1, 'Mining / Minerals / Metals': 4.52, 'Miscellaneous': 8.38, 'Paints / Varnishes': 1.52, 'Personal Care - Indian': 1.68, 'Personal Care - Multinational': 4.89, 'Pesticides / Agrochemicals - Indian': 2.1, 'Pharmaceuticals - Indian - Bulk Drugs & Formln': 2.08, 'Pharmaceuticals - Indian - Formulations': 1.38, 'Pharmaceuticals - Multinational': 4.02, 'Plastics Products': 3.33, 'Solvent Extraction': 3.36, 'Steel - Large': 3.86, 'Textiles - Products': 3.84, 'Travel Agencies': 2.52, 'Tyres': 1.38}",[],INF740KA1QL0,Index Based,Equity,Equity-Index Based,[]
28,DSP Nifty Private Bank ETF,{'Banks - Private Sector': 99.79},['Banks - Private Sector'],INF740KA1TA7,Sector Based,Equity,Equity-Sector Based,['Banks - Private Sector']
29,DSP Nifty PSU Bank ETF,{'Banks - Public Sector': 99.96},['Banks - Public Sector'],INF740KA1SY9,Sector Based,Equity,Equity-Sector Based,['Banks - Public Sector']
30,DSP Nifty Top 10 Equal Weight ETF,"{'Banks - Private Sector': 39.41, 'Cigarettes': 10.5, 'Computers - Software - Large': 19.25, 'Engineering - Turnkey Services': 10.61, 'Refineries': 9.86, 'Telecommunications - Service Provider': 10.25}",[],INF740KA1UR9,Index Based,Equity,Equity-Index Based,[]
31,Edelweiss Nifty500 Multicap Momentum Quality 50 ETF,"{'Automobiles - Motorcycles / Mopeds': 5.27, 'Chemicals': 3.88, 'Cigarettes': 1.27, 'Computers - Software - Large': 8.17, 'Computers - Software - Medium / Small': 7.14, 'Electric Equipment': 6.91, 'Electronics - Components': 4.88, 'Electronics - Consumer': 3.63, 'Engineering': 4.73, 'Fertilizers': 2.53, 'Finance & Investments': 13.26, 'Food - Processing - Indian': 0.44, 'Food - Processing - MNC': 10.33, 'Healthcare': 1.1, 'Miscellaneous': 10.53, 'Personal Care - Multinational': 0.54, 'Pharmaceuticals - Indian - Bulk Drugs': 4.99, 'Pharmaceuticals - Indian - Bulk Drugs & Formln': 0.61, 'Pharmaceuticals - Indian - Formulations': 0.26, 'Pharmaceuticals - Multinational': 1.28, 'Refineries': 3.29, 'Solvent Extraction': 2.7, 'Textiles - Products': 1.96}",[],INF754K01TF1,Factor Based,Equity,Equity-Factor Based,[]
32,Groww Nifty 200 ETF,"{'Air-conditioners': 0.19, 'Aluminium and Aluminium Products': 0.73, 'Auto Ancillaries': 0.69, 'Automobiles - LCVs / HCVs': 1.1, 'Automobiles - Motorcycles / Mopeds': 1.44, 'Automobiles - Passenger Cars': 3.17, 'Automobiles - Scooters And 3 - Wheelers': 0.6, 'Automobiles - Tractors': 0.07, 'Banks - Private Sector': 20.25, 'Banks - Public Sector': 3.04, 'Breweries & Distilleries': 0.24, 'Cables - Power': 0.22, 'Castings & Forgings': 0.18, 'Cement - North India': 1.47, 'Chemicals': 0.76, 'Cigarettes': 2.37, 'Computers - Software - Large': 8.17, 'Computers - Software - Medium / Small': 1.01, 'Construction': 1.29, 'Diamond Cutting / Jewellery': 1.05, 'Electric Equipment': 1.51, 'Electronics - Components': 0.82, 'Electronics - Consumer': 0.4, 'Engineering': 0.59, 'Engineering - Turnkey Services': 2.62, 'Engines': 0.32, 'Finance - Housing': 0.16, 'Finance - Term-Lending Institutions': 0.87, 'Finance & Investments': 6.57, 'Food - Processing - Indian': 0.41, 'Food - Processing - MNC': 0.94, 'Healthcare': 1.0, 'Hotels': 0.56, 'Mining / Minerals / Metals': 1.22, 'Miscellaneous': 4.53, 'Oil Drilling / Allied Services': 0.69, 'Paints / Varnishes': 0.71, 'Personal Care - Indian': 0.5, 'Personal Care - Multinational': 1.66, 'Pesticides / Agrochemicals - Indian': 0.41, 'Pharmaceuticals - Indian - Bulk Drugs': 0.48, 'Pharmaceuticals - Indian - Bulk Drugs & Formln': 3.37, 'Pharmaceuticals - Indian - Formulations': 0.23, 'Plastics Products': 0.28, 'Power Generation And Supply': 3.3, 'Refineries': 6.61, 'Solvent Extraction': 0.36, 'Steel - Large': 2.1, 'Tea': 0.43, 'Telecommunications - Service Provider': 3.49, 'Textiles - Manmade': 0.66, 'Textiles - Products': 0.18, 'Trading': 1.88, 'Transmisson Line Towers / Equipment': 0.28, 'Transport - Airlines': 0.69, 'Travel Agencies': 0.13, 'Tyres': 0.3}",[],INF666M01JV1,Index Based,Equity,Equity-Index Based,[]
33,Groww Nifty 500 Momentum 50 ETF,"{'Banks - Private Sector': 4.8, 'Breweries & Distilleries': 1.15, 'Castings & Forgings': 0.47, 'Chemicals': 7.11, 'Cigarettes': 1.1, 'Computers - Software - Large': 2.58, 'Computers - Software - Medium / Small': 4.18, 'Electric Equipment': 1.83, 'Electronics - Components': 2.03, 'Engineering': 1.0, 'Fertilizers': 2.35, 'Finance - Housing': 0.54, 'Finance & Investments': 28.83, 'Food - Processing - Indian': 0.39, 'Healthcare': 8.87, 'Mining / Minerals / Metals': 1.36, 'Miscellaneous': 15.22, 'Paints / Varnishes': 0.82, 'Pharmaceuticals - Indian - Bulk Drugs': 4.58, 'Pharmaceuticals - Indian - Formulations': 0.61, 'Pharmaceuticals - Multinational': 0.65, 'Power Generation And Supply': 1.02, 'Steel - Large': 0.67, 'Telecommunications - Service Provider': 0.96, 'Trading': 0.76, 'Transport - Airlines': 5.39, 'Tyres': 0.43}",[],INF666M01KJ4,Factor Based,Equity,Equity-Factor Based,[]
34,Groww Nifty EV & New Age Automotive ETF,"{'Auto Ancillaries': 27.95, 'Automobiles - LCVs / HCVs': 8.72, 'Automobiles - Motorcycles / Mopeds': 5.2, 'Automobiles - Passenger Cars': 17.67, 'Automobiles - Scooters And 3 - Wheelers': 8.06, 'Cables - Power': 3.92, 'Castings & Forgings': 0.66, 'Chemicals': 7.92, 'Computers - Software - Large': 2.37, 'Computers - Software - Medium / Small': 8.94, 'Electric Equipment': 4.02, 'Engineering': 0.1, 'Finance & Investments': 0.05, 'Refineries': 3.62, 'Steel - Large': 0.71}",[],INF666M01IH2,Theme Based,Equity,Equity-Theme Based,[]
35,Groww Nifty India Defence ETF,"{'Chemicals': 14.88, 'Electronics - Components': 25.71, 'Engineering': 33.97, 'Miscellaneous': 20.77, 'Steel - Medium / Small': 0.78, 'Telecommunications - Equipment': 3.83}",[],INF666M01IO8,Theme Based,Equity,Equity-Theme Based,[]
36,Groww Nifty India Railways PSU ETF,"{'Construction': 19.68, 'Electric Equipment': 1.24, 'Electronics - Components': 6.12, 'Engineering': 0.34, 'Finance - Term-Lending Institutions': 18.54, 'Miscellaneous': 18.84, 'Oil Drilling / Allied Services': 4.2, 'Power Generation And Supply': 7.18, 'Refineries': 1.77, 'Steel - Large': 0.79, 'Telecommunications - Equipment': 0.13, 'Telecommunications - Service Provider': 2.52, 'Travel Agencies': 18.34}",[],INF666M01JJ6,Theme Based,Equity,Equity-Theme Based,[]
37,HDFC BSE 500 ETF,"{'Abrasives And Grinding Wheels': 0.1, 'Air-conditioners': 0.3, 'Aluminium and Aluminium Products': 0.64, 'Auto Ancillaries': 1.18, 'Automobiles - LCVs / HCVs': 0.99, 'Automobiles - Motorcycles / Mopeds': 1.25, 'Automobiles - Passenger Cars': 2.77, 'Automobiles - Scooters And 3 - Wheelers': 0.52, 'Automobiles - Tractors': 0.07, 'Banks - Private Sector': 17.79, 'Banks - Public Sector': 2.84, 'Bearings': 0.21, 'Breweries & Distilleries': 0.4, 'Cables - Power': 0.37, 'Cables - Telephone': 0.04, 'Castings & Forgings': 0.33, 'Cement - North India': 1.51, 'Cement - South India': 0.18, 'Ceramics - Tiles / Sanitaryware': 0.07, 'Chemicals': 1.53, 'Cigarettes': 2.13, 'Compressors / Drilling Equipment': 0.07, 'Computers - Software - Large': 7.16, 'Computers - Software - Medium / Small': 1.47, 'Construction': 1.47, 'Couriers': 0.02, 'Diamond Cutting / Jewellery': 0.9, 'Diversified - Large': 0.05, 'Diversified - Mega': 0.03, 'Domestic Appliances': 0.05, 'Electric Equipment': 1.84, 'Electrodes - Graphites': 0.04, 'Electrodes - Welding Equipment': 0.01, 'Electronics - Components': 1.02, 'Electronics - Consumer': 0.35, 'Engineering': 0.7, 'Engineering - Turnkey Services': 2.37, 'Engines': 0.32, 'Entertainment / Electronic Media Software': 0.15, 'Fertilizers': 0.22, 'Finance - Housing': 0.45, 'Finance - Term-Lending Institutions': 0.79, 'Finance & Investments': 7.12, 'Food - Processing - Indian': 0.45, 'Food - Processing - MNC': 0.82, 'Glass & Glass Products': 0.05, 'Healthcare': 1.6, 'Hotels': 0.73, 'Leather / Leather Products': 0.09, 'Mining / Minerals / Metals': 1.21, 'Miscellaneous': 4.6, 'Oil Drilling / Allied Services': 0.6, 'Paints / Varnishes': 0.74, 'Personal Care - Indian': 0.52, 'Personal Care - Multinational': 1.55, 'Pesticides / Agrochemicals - Indian': 0.42, 'Pesticides / Agrochemicals - Multinational': 0.03, 'Petrochemicals': 0.03, 'Pharmaceuticals - Indian - Bulk Drugs': 0.52, 'Pharmaceuticals - Indian - Bulk Drugs & Formln': 3.67, 'Pharmaceuticals - Indian - Formulations': 0.43, 'Pharmaceuticals - Multinational': 0.28, 'Plastics Products': 0.28, 'Power Generation And Supply': 2.98, 'Printing & Stationery': 0.02, 'Pumps': 0.03, 'Refineries': 5.79, 'Refractories / Intermediates': 0.02, 'Shipping': 0.05, 'Solvent Extraction': 0.36, 'Steel - Large': 2.1, 'Steel - Medium / Small': 0.1, 'Sugar': 0.09, 'Tea': 0.4, 'Telecommunications - Equipment': 0.02, 'Telecommunications - Service Provider': 2.87, 'Textile Machinery': 0.05, 'Textiles - Cotton/Blended': 0.04, 'Textiles - Manmade': 0.57, 'Textiles - Processing': 0.01, 'Textiles - Products': 0.31, 'Trading': 1.98, 'Transmisson Line Towers / Equipment': 0.38, 'Transport - Airlines': 0.6, 'Travel Agencies': 0.13, 'Tyres': 0.38}",[],INF179KC1EZ4,Index Based,Equity,Equity-Index Based,[]
38,HDFC BSE SENSEX ETF,"{'Automobiles - LCVs / HCVs': 1.49, 'Automobiles - Passenger Cars': 5.07, 'Banks - Private Sector': 32.15, 'Banks - Public Sector': 3.54, 'Cement - North India': 1.58, 'Cigarettes': 4.03, 'Computers - Software - Large': 11.54, 'Diamond Cutting / Jewellery': 1.57, 'Electronics - Components': 1.41, 'Engineering - Turnkey Services': 4.47, 'Finance & Investments': 3.53, 'Miscellaneous': 3.34, 'Paints / Varnishes': 1.21, 'Personal Care - Multinational': 2.52, 'Pharmaceuticals - Indian - Bulk Drugs & Formln': 1.79, 'Power Generation And Supply': 2.98, 'Refineries': 9.76, 'Steel - Large': 1.35, 'Telecommunications - Service Provider': 5.26, 'Trading': 1.24}",[],INF179KC1HX2,Index Based,Equity,Equity-Index Based,[]
39,HDFC NIFTY 100 ETF,"{'Aluminium and Aluminium Products': 0.76, 'Auto Ancillaries': 0.56, 'Automobiles - LCVs / HCVs': 1.05, 'Automobiles - Motorcycles / Mopeds': 1.7, 'Automobiles - Passenger Cars': 3.83, 'Automobiles - Scooters And 3 - Wheelers': 0.72, 'Banks - Private Sector': 23.08, 'Banks - Public Sector': 3.15, 'Breweries & Distilleries': 0.29, 'Cement - North India': 1.7, 'Chemicals': 0.35, 'Cigarettes': 2.86, 'Computers - Software - Large': 9.06, 'Construction': 0.61, 'Diamond Cutting / Jewellery': 1.12, 'Electric Equipment': 1.02, 'Electronics - Components': 0.99, 'Engineering': 0.62, 'Engineering - Turnkey Services': 3.17, 'Finance - Housing': 0.08, 'Finance - Term-Lending Institutions': 0.9, 'Finance & Investments': 6.64, 'Food - Processing - Indian': 0.49, 'Food - Processing - MNC': 1.13, 'Healthcare': 0.58, 'Hotels': 0.5, 'Mining / Minerals / Metals': 1.17, 'Miscellaneous': 3.22, 'Oil Drilling / Allied Services': 0.68, 'Paints / Varnishes': 0.85, 'Personal Care - Indian': 0.6, 'Personal Care - Multinational': 1.77, 'Pharmaceuticals - Indian - Bulk Drugs': 0.58, 'Pharmaceuticals - Indian - Bulk Drugs & Formln': 2.71, 'Pharmaceuticals - Indian - Formulations': 0.28, 'Power Generation And Supply': 3.53, 'Refineries': 7.71, 'Steel - Large': 1.95, 'Tea': 0.52, 'Telecommunications - Service Provider': 3.85, 'Textiles - Manmade': 0.79, 'Trading': 1.84, 'Transport - Airlines': 0.83}",[],INF179KC1HR4,Index Based,Equity,Equity-Index Based,[]
40,HDFC Nifty 50 ETF,"{'Aluminium and Aluminium Products': 0.92, 'Automobiles - LCVs / HCVs': 1.26, 'Automobiles - Motorcycles / Mopeds': 1.36, 'Automobiles - Passenger Cars': 4.3, 'Automobiles - Scooters And 3 - Wheelers': 0.86, 'Banks - Private Sector': 27.82, 'Banks - Public Sector': 2.78, 'Cement - North India': 1.35, 'Cigarettes': 3.44, 'Computers - Software - Large': 10.5, 'Diamond Cutting / Jewellery': 1.35, 'Electronics - Components': 1.19, 'Engineering - Turnkey Services': 3.81, 'Finance & Investments': 6.17, 'Food - Processing - MNC': 0.75, 'Healthcare': 0.69, 'Mining / Minerals / Metals': 0.77, 'Miscellaneous': 2.84, 'Oil Drilling / Allied Services': 0.82, 'Paints / Varnishes': 1.03, 'Personal Care - Multinational': 2.13, 'Pharmaceuticals - Indian - Bulk Drugs & Formln': 3.05, 'Power Generation And Supply': 2.53, 'Refineries': 8.3, 'Steel - Large': 2.03, 'Tea': 0.63, 'Telecommunications - Service Provider': 4.64, 'Textiles - Manmade': 0.96, 'Trading': 1.59}",[],INF179KC1965,Index Based,Equity,Equity-Index Based,[]
41,HDFC NIFTY Bank ETF,"{'Banks - Private Sector': 82.93, 'Banks - Public Sector': 16.87}",['Banks - Private Sector'],INF179KC1HY0,Sector Based,Equity,Equity-Sector Based,['Banks - Private Sector']
42,HDFC NIFTY Growth Sectors 15 ETF,"{'Automobiles - Motorcycles / Mopeds': 13.36, 'Automobiles - Passenger Cars': 14.77, 'Computers - Software - Large': 26.58, 'Electronics - Consumer': 3.82, 'Healthcare': 4.53, 'Personal Care - Indian': 2.94, 'Personal Care - Multinational': 13.9, 'Pharmaceuticals - Indian - Bulk Drugs': 4.58, 'Pharmaceuticals - Indian - Bulk Drugs & Formln': 15.38}",[],INF179KC1DJ0,Theme Based,Equity,Equity-Theme Based,[]
43,HDFC NIFTY IT ETF,"{'Computers - Software - Large': 94.16, 'Computers - Software - Medium / Small': 5.83}",['Computers - Software - Large'],INF179KC1IA8,Sector Based,Equity,Equity-Sector Based,['Computers - Software - Large']
44,HDFC NIFTY Midcap 150 ETF,"{'Air-conditioners': 1.62, 'Aluminium and Aluminium Products': 0.48, 'Auto Ancillaries': 2.36, 'Automobiles - LCVs / HCVs': 1.05, 'Automobiles - Motorcycles / Mopeds': 0.16, 'Automobiles - Tractors': 0.34, 'Banks - Private Sector': 5.27, 'Banks - Public Sector': 2.0, 'Bearings': 0.45, 'Breweries & Distilleries': 0.39, 'Cables - Power': 1.72, 'Castings & Forgings': 1.19, 'Cement - North India': 1.18, 'Cement - South India': 0.55, 'Chemicals': 3.48, 'Computers - Software - Large': 3.48, 'Computers - Software - Medium / Small': 4.74, 'Construction': 3.72, 'Diamond Cutting / Jewellery': 0.56, 'Diversified - Large': 0.25, 'Electric Equipment': 5.48, 'Electronics - Components': 0.25, 'Electronics - Consumer': 1.88, 'Engineering': 0.38, 'Engines': 1.5, 'Entertainment / Electronic Media Software': 0.16, 'Fertilizers': 0.79, 'Finance - Housing': 0.48, 'Finance - Term-Lending Institutions': 0.62, 'Finance & Investments': 8.04, 'Healthcare': 4.21, 'Hotels': 0.69, 'Mining / Minerals / Metals': 1.63, 'Miscellaneous': 9.88, 'Oil Drilling / Allied Services': 0.62, 'Paints / Varnishes': 0.44, 'Personal Care - Indian': 0.33, 'Personal Care - Multinational': 0.89, 'Pesticides / Agrochemicals - Indian': 1.92, 'Pharmaceuticals - Indian - Bulk Drugs & Formln': 5.81, 'Pharmaceuticals - Indian - Formulations': 0.73, 'Pharmaceuticals - Multinational': 0.81, 'Plastics Products': 1.33, 'Power Generation And Supply': 2.07, 'Refineries': 1.11, 'Solvent Extraction': 1.92, 'Steel - Large': 2.97, 'Telecommunications - Service Provider': 1.44, 'Textiles - Products': 1.21, 'Trading': 1.66, 'Transmisson Line Towers / Equipment': 1.3, 'Travel Agencies': 0.6, 'Tyres': 1.79}",[],INF179KC1HT0,Index Based,Equity,Equity-Index Based,[]
45,HDFC NIFTY NEXT 50 ETF,"{'Auto Ancillaries': 3.32, 'Automobiles - Motorcycles / Mopeds': 3.38, 'Automobiles - Passenger Cars': 1.54, 'Banks - Public Sector': 4.97, 'Breweries & Distilleries': 1.7, 'Cement - North India': 3.34, 'Chemicals': 2.07, 'Computers - Software - Large': 2.09, 'Construction': 3.56, 'Electric Equipment': 5.99, 'Engineering': 3.62, 'Finance - Housing': 0.46, 'Finance - Term-Lending Institutions': 5.28, 'Finance & Investments': 8.86, 'Food - Processing - Indian': 2.87, 'Food - Processing - MNC': 3.02, 'Hotels': 2.93, 'Mining / Minerals / Metals': 3.14, 'Miscellaneous': 5.07, 'Personal Care - Indian': 3.55, 'Pharmaceuticals - Indian - Bulk Drugs': 3.42, 'Pharmaceuticals - Indian - Bulk Drugs & Formln': 1.08, 'Pharmaceuticals - Indian - Formulations': 1.64, 'Power Generation And Supply': 8.44, 'Refineries': 4.87, 'Steel - Large': 1.54, 'Trading': 3.08, 'Transport - Airlines': 4.87}",[],INF179KC1HS2,Index Based,Equity,Equity-Index Based,[]
46,HDFC NIFTY Private Bank ETF,{'Banks - Private Sector': 99.82},['Banks - Private Sector'],INF179KC1HZ7,Sector Based,Equity,Equity-Sector Based,['Banks - Private Sector']
47,HDFC NIFTY PSU BANK ETF,{'Banks - Public Sector': 100.0},['Banks - Public Sector'],INF179KC1HW4,Sector Based,Equity,Equity-Sector Based,['Banks - Public Sector']
48,HDFC NIFTY Smallcap 250 ETF,"{'Abrasives And Grinding Wheels': 0.55, 'Auto Ancillaries': 3.19, 'Automobiles - LCVs / HCVs': 0.34, 'Banks - Private Sector': 3.13, 'Banks - Public Sector': 0.56, 'Bearings': 1.1, 'Breweries & Distilleries': 1.18, 'Cables - Power': 0.54, 'Cables - Telephone': 0.35, 'Castings & Forgings': 0.76, 'Cement - South India': 0.8, 'Ceramics - Tiles / Sanitaryware': 0.72, 'Chemicals': 5.57, 'Cigarettes': 0.79, 'Compressors / Drilling Equipment': 0.54, 'Computers - Hardware': 0.19, 'Computers - Software - Medium / Small': 5.98, 'Construction': 3.64, 'Couriers': 0.18, 'Diversified - Large': 0.51, 'Diversified - Mega': 0.26, 'Domestic Appliances': 0.43, 'Electric Equipment': 3.06, 'Electrodes - Graphites': 0.39, 'Electronics - Components': 2.77, 'Engineering': 2.13, 'Engineering - Turnkey Services': 1.02, 'Engines': 0.4, 'Entertainment / Electronic Media Software': 1.36, 'Fertilizers': 0.86, 'Finance - Housing': 2.93, 'Finance - Term-Lending Institutions': 0.18, 'Finance & Investments': 9.53, 'Food - Processing - Indian': 0.74, 'Glass & Glass Products': 0.49, 'Healthcare': 4.33, 'Hotels': 2.28, 'Leather / Leather Products': 0.49, 'Mining / Minerals / Metals': 0.83, 'Miscellaneous': 10.44, 'Packaging': 0.13, 'Paints / Varnishes': 0.26, 'Personal Care - Indian': 0.25, 'Personal Care - Multinational': 0.44, 'Pesticides / Agrochemicals - Indian': 0.37, 'Pesticides / Agrochemicals - Multinational': 0.35, 'Pharmaceuticals - Indian - Bulk Drugs': 1.02, 'Pharmaceuticals - Indian - Bulk Drugs & Formln': 6.13, 'Pharmaceuticals - Indian - Formulations': 1.02, 'Pharmaceuticals - Multinational': 0.7, 'Plastics Products': 0.32, 'Power Generation And Supply': 1.63, 'Printing & Stationery': 0.23, 'Pumps': 0.26, 'Refineries': 0.17, 'Refractories / Intermediates': 0.15, 'Shipping': 0.68, 'Steel - Large': 1.54, 'Steel - Medium / Small': 0.94, 'Sugar': 1.22, 'Tea': 0.33, 'Telecommunications - Equipment': 0.4, 'Telecommunications - Service Provider': 0.3, 'Textiles - Cotton/Blended': 0.41, 'Textiles - Processing': 0.11, 'Textiles - Products': 0.91, 'Trading': 1.88, 'Transmisson Line Towers / Equipment': 1.31, 'Transport - Airlines': 0.11, 'Travel Agencies': 0.23, 'Tyres': 0.58}",[],INF179KC1FB2,Index Based,Equity,Equity-Index Based,[]
49,HDFC NIFTY100 Low Volatility 30 ETF,"{'Auto Ancillaries': 3.72, 'Automobiles - Motorcycles / Mopeds': 3.51, 'Automobiles - Passenger Cars': 3.98, 'Automobiles - Scooters And 3 - Wheelers': 2.68, 'Banks - Private Sector': 10.12, 'Cement - North India': 3.29, 'Chemicals': 3.0, 'Cigarettes': 4.02, 'Computers - Software - Large': 10.64, 'Diamond Cutting / Jewellery': 3.29, 'Engineering - Turnkey Services': 2.63, 'Finance & Investments': 5.79, 'Food - Processing - MNC': 7.76, 'Healthcare': 3.93, 'Paints / Varnishes': 3.99, 'Personal Care - Indian': 3.21, 'Personal Care - Multinational': 4.41, 'Pharmaceuticals - Indian - Bulk Drugs & Formln': 10.49, 'Pharmaceuticals - Indian - Formulations': 3.27, 'Refineries': 3.01, 'Telecommunications - Service Provider': 3.12}",[],INF179KC1HU8,Factor Based,Equity,Equity-Factor Based,[]
50,HDFC NIFTY200 Momentum 30 ETF,"{'Automobiles - Motorcycles / Mopeds': 3.52, 'Banks - Private Sector': 14.96, 'Breweries & Distilleries': 1.43, 'Cement - North India': 1.85, 'Chemicals': 4.94, 'Computers - Software - Large': 2.37, 'Computers - Software - Medium / Small': 2.72, 'Electronics - Components': 4.8, 'Electronics - Consumer': 2.2, 'Engineering': 0.88, 'Finance & Investments': 26.56, 'Healthcare': 4.21, 'Hotels': 2.2, 'Miscellaneous': 11.35, 'Pharmaceuticals - Indian - Bulk Drugs': 4.19, 'Telecommunications - Service Provider': 5.07, 'Trading': 1.4, 'Transport - Airlines': 5.29}",[],INF179KC1HV6,Factor Based,Equity,Equity-Factor Based,[]
51,HDFC NIFTY50 Value 20 ETF,"{'Aluminium and Aluminium Products': 2.76, 'Automobiles - LCVs / HCVs': 3.78, 'Automobiles - Motorcycles / Mopeds': 1.79, 'Automobiles - Passenger Cars': 5.26, 'Automobiles - Scooters And 3 - Wheelers': 2.59, 'Banks - Private Sector': 16.47, 'Banks - Public Sector': 8.36, 'Cigarettes': 10.34, 'Computers - Software - Large': 28.71, 'Mining / Minerals / Metals': 2.31, 'Oil Drilling / Allied Services': 2.46, 'Pharmaceuticals - Indian - Bulk Drugs & Formln': 4.5, 'Power Generation And Supply': 7.59, 'Textiles - Manmade': 2.87}",[],INF179KC1DK8,Index Based,Equity,Equity-Index Based,[]
52,ICICI Pru BSE 500 ETF,"{'Abrasives And Grinding Wheels': 0.1, 'Air-conditioners': 0.3, 'Aluminium and Aluminium Products': 0.64, 'Auto Ancillaries': 1.18, 'Automobiles - LCVs / HCVs': 0.99, 'Automobiles - Motorcycles / Mopeds': 1.25, 'Automobiles - Passenger Cars': 2.77, 'Automobiles - Scooters And 3 - Wheelers': 0.52, 'Automobiles - Tractors': 0.06, 'Banks - Private Sector': 17.81, 'Banks - Public Sector': 2.84, 'Bearings': 0.2, 'Breweries & Distilleries': 0.4, 'Cables - Power': 0.37, 'Cables - Telephone': 0.04, 'Castings & Forgings': 0.33, 'Cement - North India': 1.51, 'Cement - South India': 0.18, 'Ceramics - Tiles / Sanitaryware': 0.07, 'Chemicals': 1.52, 'Cigarettes': 2.13, 'Compressors / Drilling Equipment': 0.07, 'Computers - Software - Large': 7.16, 'Computers - Software - Medium / Small': 1.47, 'Construction': 1.47, 'Couriers': 0.02, 'Diamond Cutting / Jewellery': 0.9, 'Diversified - Large': 0.05, 'Diversified - Mega': 0.03, 'Domestic Appliances': 0.05, 'Electric Equipment': 1.83, 'Electrodes - Graphites': 0.04, 'Electrodes - Welding Equipment': 0.01, 'Electronics - Components': 1.03, 'Electronics - Consumer': 0.35, 'Engineering': 0.7, 'Engineering - Turnkey Services': 2.37, 'Engines': 0.32, 'Entertainment / Electronic Media Software': 0.15, 'Fertilizers': 0.22, 'Finance - Housing': 0.45, 'Finance - Term-Lending Institutions': 0.79, 'Finance & Investments': 7.13, 'Food - Processing - Indian': 0.45, 'Food - Processing - MNC': 0.82, 'Glass & Glass Products': 0.05, 'Healthcare': 1.6, 'Hotels': 0.73, 'Leather / Leather Products': 0.09, 'Mining / Minerals / Metals': 1.21, 'Miscellaneous': 4.59, 'Oil Drilling / Allied Services': 0.6, 'Paints / Varnishes': 0.74, 'Personal Care - Indian': 0.51, 'Personal Care - Multinational': 1.56, 'Pesticides / Agrochemicals - Indian': 0.42, 'Pesticides / Agrochemicals - Multinational': 0.04, 'Petrochemicals': 0.03, 'Pharmaceuticals - Indian - Bulk Drugs': 0.52, 'Pharmaceuticals - Indian - Bulk Drugs & Formln': 3.68, 'Pharmaceuticals - Indian - Formulations': 0.43, 'Pharmaceuticals - Multinational': 0.27, 'Plastics Products': 0.28, 'Power Generation And Supply': 2.98, 'Printing & Stationery': 0.02, 'Pumps': 0.03, 'Refineries': 5.79, 'Refractories / Intermediates': 0.02, 'Shipping': 0.05, 'Solvent Extraction': 0.36, 'Steel - Large': 2.1, 'Steel - Medium / Small': 0.1, 'Sugar': 0.09, 'Tea': 0.4, 'Telecommunications - Equipment': 0.03, 'Telecommunications - Service Provider': 2.87, 'Textile Machinery': 0.06, 'Textiles - Cotton/Blended': 0.04, 'Textiles - Manmade': 0.57, 'Textiles - Processing': 0.01, 'Textiles - Products': 0.31, 'Trading': 1.98, 'Transmisson Line Towers / Equipment': 0.38, 'Transport - Airlines': 0.6, 'Travel Agencies': 0.13, 'Tyres': 0.37}",[],INF109KC1V59,Index Based,Equity,Equity-Index Based,[]
53,ICICI Pru BSE Midcap Select ETF,"{'Air-conditioners': 2.47, 'Automobiles - LCVs / HCVs': 2.88, 'Banks - Private Sector': 13.25, 'Castings & Forgings': 2.33, 'Computers - Software - Large': 6.97, 'Computers - Software - Medium / Small': 9.12, 'Construction': 4.38, 'Electric Equipment': 10.61, 'Electronics - Consumer': 5.09, 'Engines': 4.1, 'Healthcare': 6.73, 'Hotels': 5.28, 'Personal Care - Multinational': 2.4, 'Pesticides / Agrochemicals - Indian': 5.58, 'Pharmaceuticals - Indian - Bulk Drugs & Formln': 5.87, 'Pharmaceuticals - Indian - Formulations': 2.94, 'Plastics Products': 2.28, 'Refineries': 2.84, 'Steel - Large': 4.77}",[],INF109KC10W0,Index Based,Equity,Equity-Index Based,[]
54,ICICI Pru BSE Sensex ETF,"{'Automobiles - LCVs / HCVs': 1.49, 'Automobiles - Passenger Cars': 5.07, 'Banks - Private Sector': 32.15, 'Banks - Public Sector': 3.54, 'Cement - North India': 1.58, 'Cigarettes': 4.03, 'Computers - Software - Large': 11.54, 'Diamond Cutting / Jewellery': 1.57, 'Electronics - Components': 1.41, 'Engineering - Turnkey Services': 4.47, 'Finance & Investments': 3.53, 'Miscellaneous': 3.35, 'Paints / Varnishes': 1.21, 'Personal Care - Multinational': 2.52, 'Pharmaceuticals - Indian - Bulk Drugs & Formln': 1.79, 'Power Generation And Supply': 2.98, 'Refineries': 9.76, 'Steel - Large': 1.35, 'Telecommunications - Service Provider': 5.26, 'Trading': 1.24}",[],INF346A01034,Index Based,Equity,Equity-Index Based,[]
55,ICICI Pru Nifty 100 ETF,"{'Aluminium and Aluminium Products': 0.76, 'Auto Ancillaries': 0.57, 'Automobiles - LCVs / HCVs': 1.05, 'Automobiles - Motorcycles / Mopeds': 1.69, 'Automobiles - Passenger Cars': 3.83, 'Automobiles - Scooters And 3 - Wheelers': 0.71, 'Banks - Private Sector': 23.09, 'Banks - Public Sector': 3.15, 'Breweries & Distilleries': 0.29, 'Cement - North India': 1.69, 'Chemicals': 0.35, 'Cigarettes': 2.85, 'Computers - Software - Large': 9.06, 'Construction': 0.61, 'Diamond Cutting / Jewellery': 1.12, 'Electric Equipment': 1.01, 'Electronics - Components': 0.99, 'Engineering': 0.61, 'Engineering - Turnkey Services': 3.16, 'Finance - Housing': 0.08, 'Finance - Term-Lending Institutions': 0.9, 'Finance & Investments': 6.64, 'Food - Processing - Indian': 0.49, 'Food - Processing - MNC': 1.13, 'Healthcare': 0.57, 'Hotels': 0.5, 'Mining / Minerals / Metals': 1.17, 'Miscellaneous': 3.23, 'Oil Drilling / Allied Services': 0.68, 'Paints / Varnishes': 0.85, 'Personal Care - Indian': 0.61, 'Personal Care - Multinational': 1.77, 'Pharmaceuticals - Indian - Bulk Drugs': 0.58, 'Pharmaceuticals - Indian - Bulk Drugs & Formln': 2.72, 'Pharmaceuticals - Indian - Formulations': 0.28, 'Power Generation And Supply': 3.53, 'Refineries': 7.71, 'Steel - Large': 1.95, 'Tea': 0.52, 'Telecommunications - Service Provider': 3.85, 'Textiles - Manmade': 0.79, 'Trading': 1.84, 'Transport - Airlines': 0.83}",[],INF109KC16V9,Index Based,Equity,Equity-Index Based,[]
56,ICICI Pru Nifty 100 Low Volatility 30 ETF,"{'Auto Ancillaries': 3.73, 'Automobiles - Motorcycles / Mopeds': 3.51, 'Automobiles - Passenger Cars': 3.98, 'Automobiles - Scooters And 3 - Wheelers': 2.69, 'Banks - Private Sector': 10.14, 'Cement - North India': 3.29, 'Chemicals': 3.0, 'Cigarettes': 4.02, 'Computers - Software - Large': 10.66, 'Diamond Cutting / Jewellery': 3.3, 'Engineering - Turnkey Services': 2.63, 'Finance & Investments': 5.79, 'Food - Processing - MNC': 7.76, 'Healthcare': 3.94, 'Paints / Varnishes': 3.99, 'Personal Care - Indian': 3.21, 'Personal Care - Multinational': 4.41, 'Pharmaceuticals - Indian - Bulk Drugs & Formln': 10.49, 'Pharmaceuticals - Indian - Formulations': 3.27, 'Refineries': 3.01, 'Telecommunications - Service Provider': 3.12}",[],INF109KC19U5,Factor Based,Equity,Equity-Factor Based,[]
57,ICICI Pru Nifty 200 Momentum 30 ETF,"{'Automobiles - Motorcycles / Mopeds': 3.52, 'Banks - Private Sector': 14.95, 'Breweries & Distilleries': 1.43, 'Cement - North India': 1.85, 'Chemicals': 4.94, 'Computers - Software - Large': 2.37, 'Computers - Software - Medium / Small': 2.72, 'Electronics - Components': 4.8, 'Electronics - Consumer': 2.2, 'Engineering': 0.88, 'Finance & Investments': 26.56, 'Healthcare': 4.21, 'Hotels': 2.2, 'Miscellaneous': 11.35, 'Pharmaceuticals - Indian - Bulk Drugs': 4.19, 'Telecommunications - Service Provider': 5.07, 'Trading': 1.4, 'Transport - Airlines': 5.28}",[],INF109KC17C7,Factor Based,Equity,Equity-Factor Based,[]
58,ICICI Pru Nifty 200 Quality 30 ETF,"{'Automobiles - Motorcycles / Mopeds': 3.36, 'Automobiles - Scooters And 3 - Wheelers': 4.0, 'Cables - Power': 2.48, 'Chemicals': 2.65, 'Cigarettes': 5.02, 'Computers - Software - Large': 20.37, 'Computers - Software - Medium / Small': 3.54, 'Electric Equipment': 2.13, 'Electronics - Components': 4.48, 'Engineering': 3.24, 'Engines': 3.01, 'Finance & Investments': 3.14, 'Food - Processing - MNC': 9.41, 'Mining / Minerals / Metals': 6.71, 'Miscellaneous': 1.36, 'Paints / Varnishes': 4.66, 'Personal Care - Multinational': 10.0, 'Refineries': 2.79, 'Solvent Extraction': 2.91, 'Textiles - Products': 2.41, 'Travel Agencies': 2.18}",[],INF109KC18V5,Index Based,Equity,Equity-Index Based,[]
59,ICICI Pru Nifty 50 ETF,"{'Aluminium and Aluminium Products': 0.92, 'Automobiles - LCVs / HCVs': 1.26, 'Automobiles - Motorcycles / Mopeds': 1.36, 'Automobiles - Passenger Cars': 4.3, 'Automobiles - Scooters And 3 - Wheelers': 0.86, 'Banks - Private Sector': 27.82, 'Banks - Public Sector': 2.78, 'Cement - North India': 1.35, 'Cigarettes': 3.44, 'Computers - Software - Large': 10.5, 'Diamond Cutting / Jewellery': 1.35, 'Electronics - Components': 1.19, 'Engineering - Turnkey Services': 3.81, 'Finance & Investments': 6.17, 'Food - Processing - MNC': 0.75, 'Healthcare': 0.69, 'Mining / Minerals / Metals': 0.77, 'Miscellaneous': 2.84, 'Oil Drilling / Allied Services': 0.82, 'Paints / Varnishes': 1.03, 'Personal Care - Multinational': 2.13, 'Pharmaceuticals - Indian - Bulk Drugs & Formln': 3.05, 'Power Generation And Supply': 2.53, 'Refineries': 8.3, 'Steel - Large': 2.03, 'Tea': 0.63, 'Telecommunications - Service Provider': 4.64, 'Textiles - Manmade': 0.96, 'Trading': 1.59}",[],INF109K012R6,Index Based,Equity,Equity-Index Based,[]
60,ICICI Pru Nifty 50 Value 20 ETF,"{'Aluminium and Aluminium Products': 2.76, 'Automobiles - LCVs / HCVs': 3.78, 'Automobiles - Motorcycles / Mopeds': 1.79, 'Automobiles - Passenger Cars': 5.26, 'Automobiles - Scooters And 3 - Wheelers': 2.59, 'Banks - Private Sector': 16.46, 'Banks - Public Sector': 8.35, 'Cigarettes': 10.34, 'Computers - Software - Large': 28.7, 'Mining / Minerals / Metals': 2.31, 'Oil Drilling / Allied Services': 2.46, 'Pharmaceuticals - Indian - Bulk Drugs & Formln': 4.5, 'Power Generation And Supply': 7.59, 'Textiles - Manmade': 2.87}",[],INF109KC11V0,Index Based,Equity,Equity-Index Based,[]
61,ICICI Pru Nifty Alpha Low - Volatility 30 ETF,"{'Auto Ancillaries': 2.68, 'Automobiles - Motorcycles / Mopeds': 3.33, 'Banks - Private Sector': 12.08, 'Breweries & Distilleries': 2.99, 'Cement - North India': 6.32, 'Chemicals': 3.64, 'Cigarettes': 4.22, 'Computers - Software - Large': 10.97, 'Finance & Investments': 19.31, 'Food - Processing - MNC': 3.96, 'Healthcare': 4.48, 'Pharmaceuticals - Indian - Bulk Drugs': 3.53, 'Pharmaceuticals - Indian - Bulk Drugs & Formln': 10.41, 'Pharmaceuticals - Indian - Formulations': 2.88, 'Telecommunications - Service Provider': 3.88, 'Textiles - Manmade': 3.08, 'Textiles - Products': 2.16}",[],INF109KC17V7,Factor Based,Equity,Equity-Factor Based,[]
62,ICICI Pru Nifty Auto ETF,"{'Auto Ancillaries': 7.93, 'Automobiles - LCVs / HCVs': 14.9, 'Automobiles - Motorcycles / Mopeds': 19.24, 'Automobiles - Passenger Cars': 40.4, 'Automobiles - Scooters And 3 - Wheelers': 8.1, 'Castings & Forgings': 2.49, 'Steel - Large': 2.68, 'Tyres': 3.97}",[],INF109KC10V2,Theme Based,Equity,Equity-Theme Based,[]
63,ICICI Pru Nifty Bank ETF,"{'Banks - Private Sector': 82.95, 'Banks - Public Sector': 16.88}",['Banks - Private Sector'],INF109KC15I8,Sector Based,Equity,Equity-Sector Based,['Banks - Private Sector']
64,ICICI Pru Nifty Commodities ETF,"{'Aluminium and Aluminium Products': 5.38, 'Cement - North India': 11.91, 'Chemicals': 4.65, 'Mining / Minerals / Metals': 9.5, 'Oil Drilling / Allied Services': 5.91, 'Pesticides / Agrochemicals - Indian': 3.49, 'Power Generation And Supply': 20.83, 'Refineries': 17.18, 'Steel - Large': 15.25, 'Textiles - Manmade': 5.59}",[],INF109KC19O8,Theme Based,Equity,Equity-Theme Based,[]
65,ICICI Pru Nifty EV & New Age Automotive ETF,"{'Auto Ancillaries': 27.94, 'Automobiles - LCVs / HCVs': 8.72, 'Automobiles - Motorcycles / Mopeds': 5.2, 'Automobiles - Passenger Cars': 17.64, 'Automobiles - Scooters And 3 - Wheelers': 8.06, 'Cables - Power': 3.92, 'Castings & Forgings': 0.66, 'Chemicals': 7.92, 'Computers - Software - Large': 2.37, 'Computers - Software - Medium / Small': 8.94, 'Electric Equipment': 4.02, 'Engineering': 0.1, 'Finance & Investments': 0.05, 'Refineries': 3.63, 'Steel - Large': 0.71}",[],INF109K1A153,Theme Based,Equity,Equity-Theme Based,[]
66,ICICI Pru Nifty Financial Services Ex-Bank ETF,"{'Computers - Software - Medium / Small': 3.98, 'Finance - Housing': 1.13, 'Finance - Term-Lending Institutions': 8.14, 'Finance & Investments': 69.01, 'Miscellaneous': 17.62}",['Finance & Investments'],INF109KC17L8,Sector Based,Equity,Equity-Sector Based,['Finance & Investments']
67,ICICI Pru Nifty FMCG ETF,"{'Breweries & Distilleries': 6.53, 'Cigarettes': 31.65, 'Food - Processing - Indian': 5.74, 'Food - Processing - MNC': 13.31, 'Personal Care - Indian': 8.08, 'Personal Care - Multinational': 23.43, 'Solvent Extraction': 5.1, 'Tea': 6.09}",[],INF109KC19V3,Theme Based,Equity,Equity-Theme Based,[]
68,ICICI Pru Nifty Healthcare ETF,"{'Healthcare': 21.95, 'Miscellaneous': 1.24, 'Pharmaceuticals - Indian - Bulk Drugs': 8.14, 'Pharmaceuticals - Indian - Bulk Drugs & Formln': 63.05, 'Pharmaceuticals - Indian - Formulations': 3.89, 'Pharmaceuticals - Multinational': 1.71}",['Pharmaceuticals - Indian - Bulk Drugs & Formln'],INF109KC1Q72,Sector Based,Equity,Equity-Sector Based,['Pharmaceuticals - Indian - Bulk Drugs & Formln']
69,ICICI Pru Nifty India Consumption ETF,"{'Automobiles - Motorcycles / Mopeds': 6.81, 'Automobiles - Passenger Cars': 14.3, 'Automobiles - Scooters And 3 - Wheelers': 2.87, 'Breweries & Distilleries': 1.16, 'Cigarettes': 9.59, 'Construction': 1.42, 'Diamond Cutting / Jewellery': 4.49, 'Electric Equipment': 1.15, 'Food - Processing - Indian': 1.96, 'Food - Processing - MNC': 4.55, 'Healthcare': 4.88, 'Hotels': 2.0, 'Miscellaneous': 8.12, 'Paints / Varnishes': 3.42, 'Personal Care - Indian': 1.5, 'Personal Care - Multinational': 8.0, 'Power Generation And Supply': 3.3, 'Tea': 2.08, 'Telecommunications - Service Provider': 9.36, 'Trading': 5.63, 'Transport - Airlines': 3.32}",[],INF109KC1V42,Theme Based,Equity,Equity-Theme Based,[]
70,ICICI Pru Nifty Infrastructure ETF,"{'Auto Ancillaries': 1.22, 'Automobiles - LCVs / HCVs': 1.08, 'Castings & Forgings': 0.88, 'Cement - North India': 6.72, 'Construction': 2.28, 'Electric Equipment': 2.13, 'Engineering - Turnkey Services': 12.57, 'Engines': 1.54, 'Healthcare': 4.84, 'Hotels': 1.98, 'Miscellaneous': 4.27, 'Oil Drilling / Allied Services': 2.7, 'Power Generation And Supply': 11.03, 'Refineries': 23.55, 'Telecommunications - Service Provider': 15.31, 'Textiles - Manmade': 3.15, 'Transmisson Line Towers / Equipment': 1.33, 'Transport - Airlines': 3.29}",[],INF109KC16E5,Theme Based,Equity,Equity-Theme Based,[]
71,ICICI Pru Nifty IT ETF,"{'Computers - Software - Large': 94.19, 'Computers - Software - Medium / Small': 5.83}",['Computers - Software - Large'],INF109KC16I6,Sector Based,Equity,Equity-Sector Based,['Computers - Software - Large']
72,ICICI Pru Nifty Metal ETF,"{'Aluminium and Aluminium Products': 18.05, 'Mining / Minerals / Metals': 20.54, 'Steel - Large': 52.03, 'Trading': 8.9}",[],INF109KC19W1,Theme Based,Equity,Equity-Theme Based,[]
73,ICICI Pru Nifty Midcap 150 ETF,"{'Air-conditioners': 1.62, 'Aluminium and Aluminium Products': 0.48, 'Auto Ancillaries': 2.36, 'Automobiles - LCVs / HCVs': 1.05, 'Automobiles - Motorcycles / Mopeds': 0.16, 'Automobiles - Tractors': 0.34, 'Banks - Private Sector': 5.27, 'Banks - Public Sector': 2.0, 'Bearings': 0.45, 'Breweries & Distilleries': 0.39, 'Cables - Power': 1.72, 'Castings & Forgings': 1.2, 'Cement - North India': 1.18, 'Cement - South India': 0.55, 'Chemicals': 3.48, 'Computers - Software - Large': 3.48, 'Computers - Software - Medium / Small': 4.74, 'Construction': 3.72, 'Diamond Cutting / Jewellery': 0.56, 'Diversified - Large': 0.25, 'Electric Equipment': 5.48, 'Electronics - Components': 0.25, 'Electronics - Consumer': 1.88, 'Engineering': 0.38, 'Engines': 1.5, 'Entertainment / Electronic Media Software': 0.16, 'Fertilizers': 0.79, 'Finance - Housing': 0.48, 'Finance - Term-Lending Institutions': 0.62, 'Finance & Investments': 8.04, 'Healthcare': 4.21, 'Hotels': 0.69, 'Mining / Minerals / Metals': 1.63, 'Miscellaneous': 9.88, 'Oil Drilling / Allied Services': 0.62, 'Paints / Varnishes': 0.44, 'Personal Care - Indian': 0.33, 'Personal Care - Multinational': 0.89, 'Pesticides / Agrochemicals - Indian': 1.92, 'Pharmaceuticals - Indian - Bulk Drugs & Formln': 5.81, 'Pharmaceuticals - Indian - Formulations': 0.73, 'Pharmaceuticals - Multinational': 0.81, 'Plastics Products': 1.33, 'Power Generation And Supply': 2.07, 'Refineries': 1.11, 'Solvent Extraction': 1.92, 'Steel - Large': 2.97, 'Telecommunications - Service Provider': 1.44, 'Textiles - Products': 1.21, 'Trading': 1.66, 'Transmisson Line Towers / Equipment': 1.3, 'Travel Agencies': 0.6, 'Tyres': 1.79}",[],INF109KC11W8,Index Based,Equity,Equity-Index Based,[]
74,ICICI Pru Nifty Next 50 ETF,"{'Auto Ancillaries': 3.32, 'Automobiles - Motorcycles / Mopeds': 3.38, 'Automobiles - Passenger Cars': 1.54, 'Banks - Public Sector': 4.96, 'Breweries & Distilleries': 1.7, 'Cement - North India': 3.34, 'Chemicals': 2.07, 'Computers - Software - Large': 2.09, 'Construction': 3.55, 'Electric Equipment': 5.99, 'Engineering': 3.62, 'Finance - Housing': 0.46, 'Finance - Term-Lending Institutions': 5.28, 'Finance & Investments': 8.86, 'Food - Processing - Indian': 2.87, 'Food - Processing - MNC': 3.02, 'Hotels': 2.93, 'Mining / Minerals / Metals': 3.14, 'Miscellaneous': 5.07, 'Personal Care - Indian': 3.55, 'Pharmaceuticals - Indian - Bulk Drugs': 3.42, 'Pharmaceuticals - Indian - Bulk Drugs & Formln': 1.08, 'Pharmaceuticals - Indian - Formulations': 1.64, 'Power Generation And Supply': 8.44, 'Refineries': 4.87, 'Steel - Large': 1.54, 'Trading': 3.08, 'Transport - Airlines': 4.87}",[],INF109KC1NS5,Index Based,Equity,Equity-Index Based,[]
75,ICICI Pru Nifty Oil & Gas ETF,"{'Chemicals': 1.61, 'Miscellaneous': 20.51, 'Oil Drilling / Allied Services': 18.87, 'Refineries': 57.21, 'Trading': 1.42}",[],INF109KC18W3,Theme Based,Equity,Equity-Theme Based,[]
76,ICICI Pru Nifty Private Bank ETF,{'Banks - Private Sector': 99.81},['Banks - Private Sector'],INF109KC18U7,Sector Based,Equity,Equity-Sector Based,['Banks - Private Sector']
77,ICICI Pru Nifty PSU Bank ETF,{'Banks - Public Sector': 99.97},['Banks - Public Sector'],INF109KC10S8,Sector Based,Equity,Equity-Sector Based,['Banks - Public Sector']
78,ICICI Pru Nifty Top 15 Equal Weight ETF,"{'Automobiles - Passenger Cars': 14.69, 'Banks - Private Sector': 25.21, 'Banks - Public Sector': 6.85, 'Cigarettes': 6.72, 'Computers - Software - Large': 12.32, 'Engineering - Turnkey Services': 6.79, 'Finance & Investments': 6.46, 'Personal Care - Multinational': 7.96, 'Refineries': 6.31, 'Telecommunications - Service Provider': 6.56}",[],INF109K1A344,Index Based,Equity,Equity-Index Based,[]
79,ICICI Pru Nifty200 Value 30 ETF,"{'Aluminium and Aluminium Products': 5.45, 'Banks - Private Sector': 5.61, 'Banks - Public Sector': 17.75, 'Finance - Housing': 1.18, 'Finance - Term-Lending Institutions': 7.91, 'Finance & Investments': 3.22, 'Mining / Minerals / Metals': 11.33, 'Miscellaneous': 4.6, 'Oil Drilling / Allied Services': 5.03, 'Pesticides / Agrochemicals - Indian': 1.54, 'Power Generation And Supply': 10.1, 'Refineries': 14.33, 'Steel - Large': 6.37, 'Textiles - Manmade': 5.05}",[],INF109KC16X5,Index Based,Equity,Equity-Index Based,[]
80,Kotak MSCI India ETF,"{'Air-conditioners': 0.24, 'Aluminium and Aluminium Products': 0.73, 'Auto Ancillaries': 0.57, 'Automobiles - LCVs / HCVs': 1.33, 'Automobiles - Motorcycles / Mopeds': 1.71, 'Automobiles - Passenger Cars': 4.04, 'Automobiles - Scooters And 3 - Wheelers': 0.44, 'Banks - Private Sector': 18.42, 'Banks - Public Sector': 1.76, 'Breweries & Distilleries': 0.29, 'Cables - Power': 0.29, 'Castings & Forgings': 0.22, 'Cement - North India': 1.62, 'Chemicals': 0.94, 'Cigarettes': 0.95, 'Computers - Software - Large': 9.18, 'Computers - Software - Medium / Small': 0.61, 'Construction': 1.64, 'Diamond Cutting / Jewellery': 1.15, 'Electric Equipment': 2.07, 'Electronics - Components': 1.04, 'Electronics - Consumer': 0.47, 'Engineering': 0.67, 'Engineering - Turnkey Services': 1.87, 'Engines': 0.41, 'Fertilizers': 0.21, 'Finance - Term-Lending Institutions': 0.78, 'Finance & Investments': 7.26, 'Food - Processing - Indian': 0.51, 'Food - Processing - MNC': 1.09, 'Healthcare': 1.28, 'Hotels': 0.68, 'Mining / Minerals / Metals': 1.13, 'Miscellaneous': 2.86, 'Oil Drilling / Allied Services': 0.72, 'Paints / Varnishes': 0.65, 'Personal Care - Indian': 0.6, 'Personal Care - Multinational': 1.92, 'Pesticides / Agrochemicals - Indian': 0.47, 'Pharmaceuticals - Indian - Bulk Drugs': 0.56, 'Pharmaceuticals - Indian - Bulk Drugs & Formln': 3.58, 'Pharmaceuticals - Indian - Formulations': 0.32, 'Plastics Products': 0.35, 'Power Generation And Supply': 3.32, 'Refineries': 7.3, 'Solvent Extraction': 0.29, 'Steel - Large': 2.28, 'Tea': 0.49, 'Telecommunications - Service Provider': 4.01, 'Textiles - Manmade': 0.58, 'Textiles - Products': 0.21, 'Trading': 2.06, 'Transmisson Line Towers / Equipment': 0.34, 'Transport - Airlines': 0.82, 'Travel Agencies': 0.13, 'Tyres': 0.39}",[],INF174KA1VD2,Index Based,Equity,Equity-Index Based,[]
81,Kotak Nifty 100 Equal Weight ETF,"{'Aluminium and Aluminium Products': 1.07, 'Auto Ancillaries': 2.28, 'Automobiles - LCVs / HCVs': 1.01, 'Automobiles - Motorcycles / Mopeds': 3.46, 'Automobiles - Passenger Cars': 3.4, 'Automobiles - Scooters And 3 - Wheelers': 1.04, 'Banks - Private Sector': 4.69, 'Banks - Public Sector': 3.94, 'Breweries & Distilleries': 0.92, 'Cement - North India': 3.26, 'Chemicals': 1.03, 'Cigarettes': 1.0, 'Computers - Software - Large': 5.51, 'Construction': 1.72, 'Diamond Cutting / Jewellery': 1.0, 'Electric Equipment': 3.86, 'Electronics - Components': 0.93, 'Engineering': 0.94, 'Engineering - Turnkey Services': 1.01, 'Finance - Housing': 0.93, 'Finance - Term-Lending Institutions': 2.69, 'Finance & Investments': 10.47, 'Food - Processing - Indian': 1.08, 'Food - Processing - MNC': 2.03, 'Healthcare': 1.1, 'Hotels': 0.99, 'Mining / Minerals / Metals': 1.94, 'Miscellaneous': 5.12, 'Oil Drilling / Allied Services': 0.98, 'Paints / Varnishes': 1.12, 'Personal Care - Indian': 2.18, 'Personal Care - Multinational': 1.18, 'Pharmaceuticals - Indian - Bulk Drugs': 0.95, 'Pharmaceuticals - Indian - Bulk Drugs & Formln': 4.0, 'Pharmaceuticals - Indian - Formulations': 1.12, 'Power Generation And Supply': 6.87, 'Refineries': 2.9, 'Steel - Large': 3.08, 'Tea': 0.97, 'Telecommunications - Service Provider': 0.97, 'Textiles - Manmade': 0.99, 'Trading': 2.89, 'Transport - Airlines': 1.01}",[],INF174KA1UW4,Index Based,Equity,Equity-Index Based,[]
82,Kotak Nifty 100 Low Volatility 30 ETF,"{'Auto Ancillaries': 3.73, 'Automobiles - Motorcycles / Mopeds': 3.51, 'Automobiles - Passenger Cars': 3.98, 'Automobiles - Scooters And 3 - Wheelers': 2.69, 'Banks - Private Sector': 10.12, 'Cement - North India': 3.29, 'Chemicals': 3.0, 'Cigarettes': 4.02, 'Computers - Software - Large': 10.65, 'Diamond Cutting / Jewellery': 3.29, 'Engineering - Turnkey Services': 2.63, 'Finance & Investments': 5.79, 'Food - Processing - MNC': 7.76, 'Healthcare': 3.93, 'Paints / Varnishes': 3.99, 'Personal Care - Indian': 3.21, 'Personal Care - Multinational': 4.41, 'Pharmaceuticals - Indian - Bulk Drugs & Formln': 10.49, 'Pharmaceuticals - Indian - Formulations': 3.27, 'Refineries': 3.01, 'Telecommunications - Service Provider': 3.12}",[],INF174KA1IY5,Factor Based,Equity,Equity-Factor Based,[]
83,Kotak Nifty 50 ETF,"{'Aluminium and Aluminium Products': 0.92, 'Automobiles - LCVs / HCVs': 1.26, 'Automobiles - Motorcycles / Mopeds': 1.36, 'Automobiles - Passenger Cars': 4.3, 'Automobiles - Scooters And 3 - Wheelers': 0.86, 'Banks - Private Sector': 27.82, 'Banks - Public Sector': 2.78, 'Cement - North India': 1.35, 'Cigarettes': 3.44, 'Computers - Software - Large': 10.49, 'Diamond Cutting / Jewellery': 1.35, 'Electronics - Components': 1.19, 'Engineering - Turnkey Services': 3.81, 'Finance & Investments': 6.17, 'Food - Processing - MNC': 0.75, 'Healthcare': 0.69, 'Mining / Minerals / Metals': 0.77, 'Miscellaneous': 2.84, 'Oil Drilling / Allied Services': 0.82, 'Paints / Varnishes': 1.03, 'Personal Care - Multinational': 2.13, 'Pharmaceuticals - Indian - Bulk Drugs & Formln': 3.05, 'Power Generation And Supply': 2.52, 'Refineries': 8.29, 'Steel - Large': 2.03, 'Tea': 0.63, 'Telecommunications - Service Provider': 4.64, 'Textiles - Manmade': 0.96, 'Trading': 1.59}",[],INF174K014P6,Index Based,Equity,Equity-Index Based,[]
84,Kotak Nifty 50 Value 20 ETF,"{'Aluminium and Aluminium Products': 2.76, 'Automobiles - LCVs / HCVs': 3.78, 'Automobiles - Motorcycles / Mopeds': 1.79, 'Automobiles - Passenger Cars': 5.26, 'Automobiles - Scooters And 3 - Wheelers': 2.59, 'Banks - Private Sector': 16.46, 'Banks - Public Sector': 8.35, 'Cigarettes': 10.33, 'Computers - Software - Large': 28.7, 'Mining / Minerals / Metals': 2.31, 'Oil Drilling / Allied Services': 2.46, 'Pharmaceuticals - Indian - Bulk Drugs & Formln': 4.5, 'Power Generation And Supply': 7.59, 'Textiles - Manmade': 2.87}",[],INF174K01Z71,Index Based,Equity,Equity-Index Based,[]
85,Kotak Nifty Alpha 50 ETF,"{'Automobiles - Passenger Cars': 0.41, 'Chemicals': 2.29, 'Computers - Software - Large': 2.33, 'Computers - Software - Medium / Small': 7.42, 'Diamond Cutting / Jewellery': 1.59, 'Electric Equipment': 8.46, 'Electronics - Components': 11.36, 'Electronics - Consumer': 2.45, 'Engineering': 0.8, 'Fertilizers': 2.97, 'Finance - Housing': 1.2, 'Finance & Investments': 8.38, 'Healthcare': 5.99, 'Hotels': 1.13, 'Miscellaneous': 25.52, 'Pesticides / Agrochemicals - Indian': 0.81, 'Pharmaceuticals - Indian - Bulk Drugs': 2.1, 'Pharmaceuticals - Indian - Bulk Drugs & Formln': 5.53, 'Power Generation And Supply': 3.17, 'Telecommunications - Service Provider': 4.21, 'Trading': 0.86, 'Transport - Airlines': 0.96}",[],INF174KA1IA5,Factor Based,Equity,Equity-Factor Based,[]
86,Kotak Nifty Bank ETF,"{'Banks - Private Sector': 82.9, 'Banks - Public Sector': 16.87}",['Banks - Private Sector'],INF174K01F59,Sector Based,Equity,Equity-Sector Based,['Banks - Private Sector']
87,Kotak Nifty IT ETF,"{'Computers - Software - Large': 94.15, 'Computers - Software - Medium / Small': 5.83}",['Computers - Software - Large'],INF174KA1GC5,Sector Based,Equity,Equity-Sector Based,['Computers - Software - Large']
88,Kotak Nifty Midcap 150 ETF,"{'Air-conditioners': 1.62, 'Aluminium and Aluminium Products': 0.48, 'Auto Ancillaries': 2.36, 'Automobiles - LCVs / HCVs': 1.05, 'Automobiles - Motorcycles / Mopeds': 0.16, 'Automobiles - Tractors': 0.34, 'Banks - Private Sector': 5.27, 'Banks - Public Sector': 2.0, 'Bearings': 0.45, 'Breweries & Distilleries': 0.38, 'Cables - Power': 1.71, 'Castings & Forgings': 1.18, 'Cement - North India': 1.19, 'Cement - South India': 0.55, 'Chemicals': 3.51, 'Computers - Software - Large': 3.46, 'Computers - Software - Medium / Small': 4.72, 'Construction': 3.72, 'Diamond Cutting / Jewellery': 0.56, 'Diversified - Large': 0.2, 'Electric Equipment': 5.41, 'Electronics - Components': 0.34, 'Electronics - Consumer': 1.93, 'Engineering': 0.38, 'Engines': 1.5, 'Entertainment / Electronic Media Software': 0.16, 'Fertilizers': 0.79, 'Finance - Housing': 0.49, 'Finance - Term-Lending Institutions': 0.62, 'Finance & Investments': 8.02, 'Healthcare': 4.21, 'Hotels': 0.69, 'Mining / Minerals / Metals': 1.62, 'Miscellaneous': 9.91, 'Oil Drilling / Allied Services': 0.62, 'Paints / Varnishes': 0.44, 'Personal Care - Indian': 0.33, 'Personal Care - Multinational': 0.89, 'Pesticides / Agrochemicals - Indian': 1.92, 'Pharmaceuticals - Indian - Bulk Drugs & Formln': 5.79, 'Pharmaceuticals - Indian - Formulations': 0.73, 'Pharmaceuticals - Multinational': 0.89, 'Plastics Products': 1.32, 'Power Generation And Supply': 2.06, 'Refineries': 1.1, 'Solvent Extraction': 1.92, 'Steel - Large': 2.97, 'Telecommunications - Service Provider': 1.42, 'Textiles - Products': 1.26, 'Trading': 1.66, 'Transmisson Line Towers / Equipment': 1.3, 'Travel Agencies': 0.6, 'Tyres': 1.58}",[],INF174KA1VW2,Index Based,Equity,Equity-Index Based,[]
89,Kotak Nifty Midcap 50 ETF,"{'Air-conditioners': 1.77, 'Automobiles - LCVs / HCVs': 2.05, 'Banks - Private Sector': 9.52, 'Cables - Power': 2.02, 'Castings & Forgings': 1.67, 'Chemicals': 2.33, 'Computers - Software - Large': 6.11, 'Computers - Software - Medium / Small': 6.57, 'Construction': 5.79, 'Electric Equipment': 1.51, 'Electronics - Consumer': 3.67, 'Engines': 2.92, 'Finance & Investments': 6.09, 'Healthcare': 4.85, 'Mining / Minerals / Metals': 1.34, 'Miscellaneous': 11.06, 'Oil Drilling / Allied Services': 1.2, 'Personal Care - Multinational': 1.74, 'Pesticides / Agrochemicals - Indian': 1.69, 'Pharmaceuticals - Indian - Bulk Drugs & Formln': 5.82, 'Plastics Products': 2.58, 'Power Generation And Supply': 2.7, 'Refineries': 2.04, 'Solvent Extraction': 2.17, 'Steel - Large': 2.76, 'Telecommunications - Service Provider': 1.01, 'Textiles - Products': 1.56, 'Transmisson Line Towers / Equipment': 2.53, 'Travel Agencies': 1.18, 'Tyres': 1.64}",[],INF174KA1IB3,Index Based,Equity,Equity-Index Based,[]
90,Kotak Nifty MNC ETF,"{'Auto Ancillaries': 3.54, 'Automobiles - LCVs / HCVs': 3.7, 'Automobiles - Passenger Cars': 14.8, 'Automobiles - Tractors': 1.21, 'Bearings': 3.7, 'Breweries & Distilleries': 5.31, 'Cement - North India': 3.76, 'Chemicals': 2.34, 'Computers - Software - Large': 2.0, 'Diversified - Large': 0.88, 'Electric Equipment': 7.91, 'Electronics - Components': 0.88, 'Engines': 5.27, 'Food - Processing - MNC': 15.46, 'Mining / Minerals / Metals': 7.28, 'Miscellaneous': 1.24, 'Personal Care - Multinational': 14.44, 'Pharmaceuticals - Indian - Bulk Drugs & Formln': 2.57, 'Pharmaceuticals - Indian - Formulations': 1.52, 'Pharmaceuticals - Multinational': 1.67}",[],INF174KA1JF2,Theme Based,Equity,Equity-Theme Based,[]
91,Kotak Nifty PSU Bank ETF,{'Banks - Public Sector': 99.99},['Banks - Public Sector'],INF373I01023,Sector Based,Equity,Equity-Sector Based,['Banks - Public Sector']
92,LIC MF Nifty 50 ETF,"{'Aluminium and Aluminium Products': 0.91, 'Automobiles - LCVs / HCVs': 1.26, 'Automobiles - Motorcycles / Mopeds': 1.35, 'Automobiles - Passenger Cars': 4.31, 'Automobiles - Scooters And 3 - Wheelers': 0.86, 'Banks - Private Sector': 27.81, 'Banks - Public Sector': 2.79, 'Cement - North India': 1.36, 'Cigarettes': 3.45, 'Computers - Software - Large': 10.51, 'Diamond Cutting / Jewellery': 1.35, 'Electronics - Components': 1.2, 'Engineering - Turnkey Services': 3.82, 'Finance & Investments': 6.15, 'Food - Processing - MNC': 0.74, 'Healthcare': 0.69, 'Mining / Minerals / Metals': 0.77, 'Miscellaneous': 2.83, 'Oil Drilling / Allied Services': 0.82, 'Paints / Varnishes': 1.02, 'Personal Care - Multinational': 2.13, 'Pharmaceuticals - Indian - Bulk Drugs & Formln': 3.05, 'Power Generation And Supply': 2.53, 'Refineries': 8.29, 'Steel - Large': 2.02, 'Tea': 0.63, 'Telecommunications - Service Provider': 4.65, 'Textiles - Manmade': 0.96, 'Trading': 1.59}",[],INF767K01OS7,Index Based,Equity,Equity-Index Based,[]
93,Mirae Asset BSE 200 Equal Weight ETF,"{'Air-conditioners': 0.55, 'Aluminium and Aluminium Products': 0.56, 'Auto Ancillaries': 2.17, 'Automobiles - LCVs / HCVs': 1.02, 'Automobiles - Motorcycles / Mopeds': 1.82, 'Automobiles - Passenger Cars': 1.81, 'Automobiles - Scooters And 3 - Wheelers': 0.52, 'Automobiles - Tractors': 0.58, 'Banks - Private Sector': 4.79, 'Banks - Public Sector': 4.85, 'Bearings': 0.48, 'Breweries & Distilleries': 0.92, 'Cables - Power': 0.6, 'Castings & Forgings': 0.43, 'Cement - North India': 2.09, 'Chemicals': 2.35, 'Cigarettes': 0.5, 'Computers - Software - Large': 4.79, 'Computers - Software - Medium / Small': 1.4, 'Construction': 3.06, 'Diamond Cutting / Jewellery': 1.03, 'Electric Equipment': 4.24, 'Electronics - Components': 0.49, 'Electronics - Consumer': 0.59, 'Engineering': 0.45, 'Engineering - Turnkey Services': 0.51, 'Engines': 0.59, 'Fertilizers': 0.51, 'Finance - Housing': 0.46, 'Finance - Term-Lending Institutions': 1.79, 'Finance & Investments': 8.42, 'Food - Processing - Indian': 0.53, 'Food - Processing - MNC': 1.04, 'Healthcare': 1.08, 'Hotels': 1.0, 'Mining / Minerals / Metals': 2.32, 'Miscellaneous': 5.95, 'Oil Drilling / Allied Services': 0.93, 'Paints / Varnishes': 1.09, 'Personal Care - Indian': 1.09, 'Personal Care - Multinational': 1.58, 'Pesticides / Agrochemicals - Indian': 1.07, 'Pharmaceuticals - Indian - Bulk Drugs': 0.48, 'Pharmaceuticals - Indian - Bulk Drugs & Formln': 5.29, 'Pharmaceuticals - Indian - Formulations': 0.58, 'Pharmaceuticals - Multinational': 0.95, 'Plastics Products': 1.01, 'Power Generation And Supply': 4.76, 'Refineries': 1.93, 'Solvent Extraction': 1.58, 'Steel - Large': 3.5, 'Tea': 0.5, 'Telecommunications - Service Provider': 1.51, 'Textiles - Manmade': 0.53, 'Textiles - Products': 0.47, 'Trading': 2.14, 'Transmisson Line Towers / Equipment': 0.46, 'Transport - Airlines': 0.52, 'Travel Agencies': 0.46, 'Tyres': 0.98}",[],INF769K01OA1,Index Based,Equity,Equity-Index Based,[]
94,Mirae Asset BSE Select IPO ETF,"{'Auto Ancillaries': 3.13, 'Automobiles - Motorcycles / Mopeds': 0.57, 'Automobiles - Passenger Cars': 3.5, 'Chemicals': 0.65, 'Computers - Software - Large': 0.85, 'Computers - Software - Medium / Small': 7.27, 'Construction': 4.41, 'Diamond Cutting / Jewellery': 1.99, 'Electric Equipment': 3.65, 'Electronics - Components': 3.08, 'Engineering': 0.79, 'Engineering - Turnkey Services': 0.3, 'Finance - Housing': 1.59, 'Finance - Term-Lending Institutions': 3.37, 'Finance & Investments': 14.67, 'Healthcare': 6.93, 'Hotels': 3.02, 'Miscellaneous': 19.97, 'Pharmaceuticals - Indian - Bulk Drugs & Formln': 4.98, 'Pharmaceuticals - Indian - Formulations': 2.07, 'Power Generation And Supply': 0.98, 'Printing & Stationery': 0.46, 'Solvent Extraction': 0.84, 'Steel - Large': 0.45, 'Telecommunications - Service Provider': 1.66, 'Trading': 8.78}",[],INF769K01ON4,Theme Based,Equity,Equity-Theme Based,[]
95,Mirae Asset BSE Sensex ETF,"{'Automobiles - LCVs / HCVs': 1.49, 'Automobiles - Passenger Cars': 5.07, 'Banks - Private Sector': 32.14, 'Banks - Public Sector': 3.54, 'Cement - North India': 1.58, 'Cigarettes': 4.03, 'Computers - Software - Large': 11.53, 'Diamond Cutting / Jewellery': 1.57, 'Electronics - Components': 1.4, 'Engineering - Turnkey Services': 4.47, 'Finance & Investments': 3.53, 'Miscellaneous': 3.34, 'Paints / Varnishes': 1.2, 'Personal Care - Multinational': 2.52, 'Pharmaceuticals - Indian - Bulk Drugs & Formln': 1.79, 'Power Generation And Supply': 2.98, 'Refineries': 9.75, 'Steel - Large': 1.35, 'Telecommunications - Service Provider': 5.26, 'Trading': 1.24}",[],INF769K01KT9,Index Based,Equity,Equity-Index Based,[]
96,Mirae Asset Nifty 100 ESG Sector Leaders ETF,"{'Aluminium and Aluminium Products': 1.15, 'Auto Ancillaries': 0.39, 'Automobiles - LCVs / HCVs': 1.57, 'Automobiles - Motorcycles / Mopeds': 1.61, 'Automobiles - Passenger Cars': 5.36, 'Banks - Private Sector': 19.92, 'Cement - North India': 2.54, 'Chemicals': 0.53, 'Computers - Software - Large': 12.85, 'Construction': 0.91, 'Diamond Cutting / Jewellery': 1.69, 'Electric Equipment': 1.09, 'Finance - Term-Lending Institutions': 0.49, 'Finance & Investments': 7.7, 'Food - Processing - Indian': 0.74, 'Healthcare': 0.87, 'Hotels': 0.75, 'Miscellaneous': 4.67, 'Paints / Varnishes': 1.28, 'Personal Care - Indian': 0.91, 'Personal Care - Multinational': 2.66, 'Pharmaceuticals - Indian - Bulk Drugs & Formln': 4.09, 'Power Generation And Supply': 2.85, 'Refineries': 10.16, 'Steel - Large': 2.54, 'Tea': 0.78, 'Telecommunications - Service Provider': 5.8, 'Textiles - Manmade': 1.19, 'Trading': 2.78}",[],INF769K01GS9,Theme Based,Equity,Equity-Theme Based,[]
97,Mirae Asset Nifty 200 Alpha 30 ETF,"{'Breweries & Distilleries': 2.58, 'Chemicals': 4.24, 'Computers - Software - Large': 4.54, 'Computers - Software - Medium / Small': 7.67, 'Diamond Cutting / Jewellery': 3.66, 'Electronics - Components': 1.91, 'Electronics - Consumer': 5.67, 'Finance & Investments': 16.43, 'Healthcare': 4.4, 'Hotels': 5.6, 'Miscellaneous': 25.13, 'Pesticides / Agrochemicals - Indian': 2.11, 'Pharmaceuticals - Indian - Bulk Drugs': 4.87, 'Pharmaceuticals - Indian - Bulk Drugs & Formln': 4.42, 'Telecommunications - Service Provider': 2.95, 'Trading': 1.59, 'Transport - Airlines': 2.23}",[],INF769K01KU7,Factor Based,Equity,Equity-Factor Based,[]
98,Mirae Asset Nifty 50 ETF,"{'Aluminium and Aluminium Products': 0.92, 'Automobiles - LCVs / HCVs': 1.26, 'Automobiles - Motorcycles / Mopeds': 1.36, 'Automobiles - Passenger Cars': 4.3, 'Automobiles - Scooters And 3 - Wheelers': 0.86, 'Banks - Private Sector': 27.82, 'Banks - Public Sector': 2.78, 'Cement - North India': 1.35, 'Cigarettes': 3.44, 'Computers - Software - Large': 10.5, 'Diamond Cutting / Jewellery': 1.35, 'Electronics - Components': 1.19, 'Engineering - Turnkey Services': 3.81, 'Finance & Investments': 6.17, 'Food - Processing - MNC': 0.75, 'Healthcare': 0.69, 'Mining / Minerals / Metals': 0.77, 'Miscellaneous': 2.84, 'Oil Drilling / Allied Services': 0.82, 'Paints / Varnishes': 1.03, 'Personal Care - Multinational': 2.13, 'Pharmaceuticals - Indian - Bulk Drugs & Formln': 3.05, 'Power Generation And Supply': 2.53, 'Refineries': 8.29, 'Steel - Large': 2.03, 'Tea': 0.63, 'Telecommunications - Service Provider': 4.64, 'Textiles - Manmade': 0.96, 'Trading': 1.59}",[],INF769K01EG9,Index Based,Equity,Equity-Index Based,[]
99,Mirae Asset Nifty Bank ETF,"{'Banks - Private Sector': 82.9, 'Banks - Public Sector': 16.87}",['Banks - Private Sector'],INF769K01KR3,Sector Based,Equity,Equity-Sector Based,['Banks - Private Sector']
100,Mirae Asset Nifty EV and New Age Automotive ETF,"{'Auto Ancillaries': 27.94, 'Automobiles - LCVs / HCVs': 8.72, 'Automobiles - Motorcycles / Mopeds': 5.2, 'Automobiles - Passenger Cars': 17.65, 'Automobiles - Scooters And 3 - Wheelers': 8.06, 'Cables - Power': 3.92, 'Castings & Forgings': 0.66, 'Chemicals': 7.92, 'Computers - Software - Large': 2.37, 'Computers - Software - Medium / Small': 8.94, 'Electric Equipment': 4.02, 'Engineering': 0.1, 'Finance & Investments': 0.05, 'Refineries': 3.62, 'Steel - Large': 0.71}",[],INF769K01LQ3,Theme Based,Equity,Equity-Theme Based,[]
101,Mirae Asset Nifty Financial Services ETF,"{'Banks - Private Sector': 68.77, 'Banks - Public Sector': 7.12, 'Finance - Housing': 0.39, 'Finance - Term-Lending Institutions': 2.29, 'Finance & Investments': 21.24}",['Banks - Private Sector'],INF769K01HI8,Sector Based,Equity,Equity-Sector Based,['Banks - Private Sector']
102,Mirae Asset Nifty India Internet ETF,"{'Computers - Software - Medium / Small': 15.65, 'Finance & Investments': 8.01, 'Miscellaneous': 56.17, 'Telecommunications - Service Provider': 1.48, 'Trading': 9.99, 'Travel Agencies': 8.67}",[],INF769K01PB6,Theme Based,Equity,Equity-Theme Based,[]
103,Mirae Asset Nifty India Manufacturing ETF,"{'Air-conditioners': 1.53, 'Aluminium and Aluminium Products': 2.81, 'Auto Ancillaries': 3.13, 'Automobiles - LCVs / HCVs': 4.82, 'Automobiles - Motorcycles / Mopeds': 6.25, 'Automobiles - Passenger Cars': 11.33, 'Automobiles - Scooters And 3 - Wheelers': 2.64, 'Automobiles - Tractors': 0.32, 'Cables - Power': 1.58, 'Castings & Forgings': 1.13, 'Chemicals': 5.4, 'Construction': 0.25, 'Electric Equipment': 6.75, 'Electronics - Components': 4.2, 'Electronics - Consumer': 1.79, 'Engineering': 2.19, 'Engines': 1.38, 'Fertilizers': 0.75, 'Mining / Minerals / Metals': 2.6, 'Miscellaneous': 0.89, 'Pesticides / Agrochemicals - Indian': 1.83, 'Pharmaceuticals - Indian - Bulk Drugs': 2.15, 'Pharmaceuticals - Indian - Bulk Drugs & Formln': 12.85, 'Pharmaceuticals - Indian - Formulations': 1.03, 'Plastics Products': 1.22, 'Refineries': 7.71, 'Steel - Large': 8.81, 'Telecommunications - Equipment': 0.13, 'Textiles - Products': 1.04, 'Tyres': 1.29}",[],INF769K01IB1,Theme Based,Equity,Equity-Theme Based,[]
104,Mirae Asset Nifty India New Age Consumption ETF,"{'Air-conditioners': 2.3, 'Automobiles - LCVs / HCVs': 4.59, 'Automobiles - Motorcycles / Mopeds': 7.31, 'Automobiles - Passenger Cars': 11.81, 'Automobiles - Scooters And 3 - Wheelers': 3.01, 'Computers - Software - Medium / Small': 2.6, 'Construction': 8.66, 'Diamond Cutting / Jewellery': 5.74, 'Domestic Appliances': 0.33, 'Electric Equipment': 2.73, 'Electronics - Components': 0.93, 'Electronics - Consumer': 2.68, 'Entertainment / Electronic Media Software': 1.13, 'Finance & Investments': 5.71, 'Hotels': 5.4, 'Leather / Leather Products': 0.29, 'Miscellaneous': 10.84, 'Telecommunications - Service Provider': 6.82, 'Textiles - Products': 2.03, 'Trading': 9.41, 'Transport - Airlines': 4.65, 'Travel Agencies': 0.85}",[],INF769K01NS5,Theme Based,Equity,Equity-Theme Based,[]
105,Mirae Asset Nifty IT ETF,"{'Computers - Software - Large': 94.18, 'Computers - Software - Medium / Small': 5.83}",['Computers - Software - Large'],INF769K01KV5,Sector Based,Equity,Equity-Sector Based,['Computers - Software - Large']
106,Mirae Asset Nifty Metal ETF,"{'Aluminium and Aluminium Products': 18.05, 'Mining / Minerals / Metals': 20.54, 'Steel - Large': 52.05, 'Trading': 8.9}",[],INF769K01LY7,Theme Based,Equity,Equity-Theme Based,[]
107,Mirae Asset Nifty Midcap 150 ETF,"{'Air-conditioners': 1.62, 'Aluminium and Aluminium Products': 0.48, 'Auto Ancillaries': 2.36, 'Automobiles - LCVs / HCVs': 1.05, 'Automobiles - Motorcycles / Mopeds': 0.16, 'Automobiles - Tractors': 0.34, 'Banks - Private Sector': 5.27, 'Banks - Public Sector': 2.0, 'Bearings': 0.45, 'Breweries & Distilleries': 0.39, 'Cables - Power': 1.72, 'Castings & Forgings': 1.19, 'Cement - North India': 1.18, 'Cement - South India': 0.55, 'Chemicals': 3.48, 'Computers - Software - Large': 3.48, 'Computers - Software - Medium / Small': 4.74, 'Construction': 3.72, 'Diamond Cutting / Jewellery': 0.56, 'Diversified - Large': 0.25, 'Electric Equipment': 5.48, 'Electronics - Components': 0.25, 'Electronics - Consumer': 1.88, 'Engineering': 0.38, 'Engines': 1.5, 'Entertainment / Electronic Media Software': 0.16, 'Fertilizers': 0.79, 'Finance - Housing': 0.48, 'Finance - Term-Lending Institutions': 0.62, 'Finance & Investments': 8.04, 'Healthcare': 4.21, 'Hotels': 0.69, 'Mining / Minerals / Metals': 1.63, 'Miscellaneous': 9.88, 'Oil Drilling / Allied Services': 0.62, 'Paints / Varnishes': 0.44, 'Personal Care - Indian': 0.33, 'Personal Care - Multinational': 0.89, 'Pesticides / Agrochemicals - Indian': 1.92, 'Pharmaceuticals - Indian - Bulk Drugs & Formln': 5.81, 'Pharmaceuticals - Indian - Formulations': 0.73, 'Pharmaceuticals - Multinational': 0.81, 'Plastics Products': 1.33, 'Power Generation And Supply': 2.07, 'Refineries': 1.11, 'Solvent Extraction': 1.92, 'Steel - Large': 2.97, 'Telecommunications - Service Provider': 1.44, 'Textiles - Products': 1.21, 'Trading': 1.66, 'Transmisson Line Towers / Equipment': 1.3, 'Travel Agencies': 0.6, 'Tyres': 1.79}",[],INF769K01IC9,Index Based,Equity,Equity-Index Based,[]
108,Mirae Asset Nifty MidSmallcap400 Momentum Quality 100 ETF,"{'Air-conditioners': 0.82, 'Auto Ancillaries': 1.32, 'Automobiles - Tractors': 0.39, 'Banks - Public Sector': 1.24, 'Cables - Power': 2.22, 'Chemicals': 4.39, 'Cigarettes': 1.21, 'Computers - Software - Large': 5.81, 'Computers - Software - Medium / Small': 9.09, 'Construction': 0.61, 'Diversified - Large': 0.56, 'Electric Equipment': 7.04, 'Electronics - Components': 0.58, 'Electronics - Consumer': 3.43, 'Engineering': 1.49, 'Engineering - Turnkey Services': 0.31, 'Engines': 2.07, 'Fertilizers': 2.39, 'Finance - Housing': 0.61, 'Finance - Term-Lending Institutions': 0.33, 'Finance & Investments': 11.97, 'Food - Processing - Indian': 0.42, 'Healthcare': 1.86, 'Mining / Minerals / Metals': 0.91, 'Miscellaneous': 13.04, 'Oil Drilling / Allied Services': 0.68, 'Paints / Varnishes': 0.98, 'Personal Care - Multinational': 2.42, 'Pesticides / Agrochemicals - Indian': 1.54, 'Pesticides / Agrochemicals - Multinational': 0.34, 'Pharmaceuticals - Indian - Bulk Drugs': 0.59, 'Pharmaceuticals - Indian - Bulk Drugs & Formln': 4.48, 'Pharmaceuticals - Indian - Formulations': 0.25, 'Pharmaceuticals - Multinational': 1.63, 'Pumps': 0.19, 'Solvent Extraction': 2.55, 'Steel - Large': 2.58, 'Steel - Medium / Small': 0.25, 'Textiles - Products': 2.45, 'Trading': 0.87, 'Transmisson Line Towers / Equipment': 2.04, 'Tyres': 1.94}",[],INF769K01LJ8,Factor Based,Equity,Equity-Factor Based,[]
109,Mirae Asset Nifty Next 50 ETF,"{'Auto Ancillaries': 3.32, 'Automobiles - Motorcycles / Mopeds': 3.38, 'Automobiles - Passenger Cars': 1.54, 'Banks - Public Sector': 4.96, 'Breweries & Distilleries': 1.7, 'Cement - North India': 3.34, 'Chemicals': 2.07, 'Computers - Software - Large': 2.09, 'Construction': 3.55, 'Electric Equipment': 5.98, 'Engineering': 3.62, 'Finance - Housing': 0.45, 'Finance - Term-Lending Institutions': 5.28, 'Finance & Investments': 8.86, 'Food - Processing - Indian': 2.87, 'Food - Processing - MNC': 3.02, 'Hotels': 2.93, 'Mining / Minerals / Metals': 3.14, 'Miscellaneous': 5.07, 'Personal Care - Indian': 3.55, 'Pharmaceuticals - Indian - Bulk Drugs': 3.42, 'Pharmaceuticals - Indian - Bulk Drugs & Formln': 1.08, 'Pharmaceuticals - Indian - Formulations': 1.64, 'Power Generation And Supply': 8.44, 'Refineries': 4.87, 'Steel - Large': 1.54, 'Trading': 3.08, 'Transport - Airlines': 4.87}",[],INF769K01FN2,Index Based,Equity,Equity-Index Based,[]
110,Mirae Asset Nifty PSU Bank ETF,{'Banks - Public Sector': 100.0},['Banks - Public Sector'],INF769K01LZ4,Sector Based,Equity,Equity-Sector Based,['Banks - Public Sector']
111,Mirae Asset Nifty Smallcap 250 Momentum Quality 100 ETF,"{'Auto Ancillaries': 2.15, 'Automobiles - LCVs / HCVs': 0.47, 'Cables - Telephone': 0.49, 'Chemicals': 4.24, 'Cigarettes': 3.01, 'Computers - Software - Medium / Small': 11.92, 'Construction': 2.37, 'Diversified - Large': 1.4, 'Electric Equipment': 3.06, 'Electronics - Components': 3.31, 'Engineering': 3.26, 'Engineering - Turnkey Services': 1.41, 'Entertainment / Electronic Media Software': 0.41, 'Fertilizers': 1.07, 'Finance - Housing': 4.42, 'Finance & Investments': 8.5, 'Food - Processing - Indian': 1.43, 'Healthcare': 5.07, 'Mining / Minerals / Metals': 1.53, 'Miscellaneous': 16.73, 'Personal Care - Indian': 0.43, 'Personal Care - Multinational': 1.26, 'Pesticides / Agrochemicals - Indian': 0.72, 'Pesticides / Agrochemicals - Multinational': 0.86, 'Pharmaceuticals - Indian - Bulk Drugs': 1.47, 'Pharmaceuticals - Indian - Bulk Drugs & Formln': 2.14, 'Pharmaceuticals - Indian - Formulations': 2.11, 'Pharmaceuticals - Multinational': 1.89, 'Plastics Products': 0.47, 'Pumps': 0.48, 'Refineries': 0.34, 'Shipping': 0.79, 'Steel - Large': 2.47, 'Steel - Medium / Small': 2.0, 'Sugar': 1.98, 'Textiles - Products': 0.26, 'Trading': 2.87, 'Tyres': 1.12}",[],INF769K01LC3,Factor Based,Equity,Equity-Factor Based,[]
112,Mirae Asset Nifty500 Multicap 50:25:25 ETF,"{'Abrasives And Grinding Wheels': 0.14, 'Air-conditioners': 0.41, 'Aluminium and Aluminium Products': 0.5, 'Auto Ancillaries': 1.66, 'Automobiles - LCVs / HCVs': 0.87, 'Automobiles - Motorcycles / Mopeds': 0.9, 'Automobiles - Passenger Cars': 1.93, 'Automobiles - Scooters And 3 - Wheelers': 0.36, 'Automobiles - Tractors': 0.09, 'Banks - Private Sector': 13.71, 'Banks - Public Sector': 2.21, 'Bearings': 0.38, 'Breweries & Distilleries': 0.54, 'Cables - Power': 0.56, 'Cables - Telephone': 0.09, 'Castings & Forgings': 0.49, 'Cement - North India': 1.13, 'Cement - South India': 0.33, 'Ceramics - Tiles / Sanitaryware': 0.18, 'Chemicals': 2.42, 'Cigarettes': 1.63, 'Compressors / Drilling Equipment': 0.13, 'Computers - Hardware': 0.05, 'Computers - Software - Large': 5.43, 'Computers - Software - Medium / Small': 2.65, 'Construction': 2.12, 'Couriers': 0.04, 'Diamond Cutting / Jewellery': 0.7, 'Diversified - Large': 0.18, 'Diversified - Mega': 0.06, 'Domestic Appliances': 0.11, 'Electric Equipment': 2.64, 'Electrodes - Graphites': 0.09, 'Electronics - Components': 1.24, 'Electronics - Consumer': 0.47, 'Engineering': 0.94, 'Engineering - Turnkey Services': 1.85, 'Engines': 0.47, 'Entertainment / Electronic Media Software': 0.38, 'Fertilizers': 0.42, 'Finance - Housing': 0.89, 'Finance - Term-Lending Institutions': 0.64, 'Finance & Investments': 7.67, 'Food - Processing - Indian': 0.44, 'Food - Processing - MNC': 0.57, 'Glass & Glass Products': 0.12, 'Healthcare': 2.39, 'Hotels': 0.97, 'Leather / Leather Products': 0.12, 'Mining / Minerals / Metals': 1.19, 'Miscellaneous': 6.65, 'Oil Drilling / Allied Services': 0.49, 'Packaging': 0.03, 'Paints / Varnishes': 0.6, 'Personal Care - Indian': 0.45, 'Personal Care - Multinational': 1.22, 'Pesticides / Agrochemicals - Indian': 0.57, 'Pesticides / Agrochemicals - Multinational': 0.09, 'Pharmaceuticals - Indian - Bulk Drugs': 0.54, 'Pharmaceuticals - Indian - Bulk Drugs & Formln': 4.33, 'Pharmaceuticals - Indian - Formulations': 0.58, 'Pharmaceuticals - Multinational': 0.36, 'Plastics Products': 0.41, 'Power Generation And Supply': 2.71, 'Printing & Stationery': 0.06, 'Pumps': 0.06, 'Refineries': 4.21, 'Refractories / Intermediates': 0.04, 'Shipping': 0.17, 'Solvent Extraction': 0.48, 'Steel - Large': 2.09, 'Steel - Medium / Small': 0.23, 'Sugar': 0.3, 'Tea': 0.34, 'Telecommunications - Equipment': 0.1, 'Telecommunications - Service Provider': 2.38, 'Textiles - Cotton/Blended': 0.1, 'Textiles - Manmade': 0.4, 'Textiles - Processing': 0.03, 'Textiles - Products': 0.52, 'Trading': 1.8, 'Transmisson Line Towers / Equipment': 0.65, 'Transport - Airlines': 0.45, 'Travel Agencies': 0.21, 'Tyres': 0.57}",[],INF769K01LX9,Index Based,Equity,Equity-Index Based,[]
113,Motilal Oswal BSE Enhanced Value ETF,"{'Aluminium and Aluminium Products': 7.48, 'Automobiles - LCVs / HCVs': 7.33, 'Banks - Private Sector': 7.44, 'Banks - Public Sector': 23.01, 'Entertainment / Electronic Media Software': 1.45, 'Finance - Housing': 1.24, 'Finance - Term-Lending Institutions': 5.89, 'Finance & Investments': 3.14, 'Miscellaneous': 9.66, 'Oil Drilling / Allied Services': 7.63, 'Refineries': 22.38, 'Steel - Large': 2.96}",[],INF247L01BE5,Theme Based,Equity,Equity-Theme Based,[]
114,Motilal Oswal BSE Healthcare ETF,"{'Finance & Investments': 0.02, 'Healthcare': 24.53, 'Miscellaneous': 1.53, 'Pharmaceuticals - Indian - Bulk Drugs': 8.25, 'Pharmaceuticals - Indian - Bulk Drugs & Formln': 54.29, 'Pharmaceuticals - Indian - Formulations': 7.02, 'Pharmaceuticals - Multinational': 4.14}",[],INF247L01BB1,Theme Based,Equity,Equity-Theme Based,[]
115,Motilal Oswal BSE Low Volatility ETF,"{'Automobiles - Passenger Cars': 3.54, 'Banks - Private Sector': 7.33, 'Castings & Forgings': 2.72, 'Cement - North India': 3.08, 'Chemicals': 3.42, 'Cigarettes': 3.44, 'Computers - Software - Large': 8.13, 'Diamond Cutting / Jewellery': 3.33, 'Finance & Investments': 12.61, 'Food - Processing - MNC': 7.62, 'Healthcare': 3.55, 'Leather / Leather Products': 3.2, 'Paints / Varnishes': 3.48, 'Personal Care - Indian': 3.07, 'Personal Care - Multinational': 3.99, 'Pesticides / Agrochemicals - Indian': 3.08, 'Pharmaceuticals - Indian - Bulk Drugs & Formln': 6.97, 'Pharmaceuticals - Multinational': 3.0, 'Refineries': 3.29, 'Telecommunications - Service Provider': 3.38, 'Textiles - Manmade': 3.26, 'Tyres': 4.38}",[],INF247L01BL0,Factor Based,Equity,Equity-Factor Based,[]
116,Motilal Oswal Nifty 200 Momentum 30 ETF,"{'Automobiles - Motorcycles / Mopeds': 3.52, 'Banks - Private Sector': 14.95, 'Breweries & Distilleries': 1.43, 'Cement - North India': 1.84, 'Chemicals': 4.94, 'Computers - Software - Large': 2.37, 'Computers - Software - Medium / Small': 2.72, 'Electronics - Components': 4.8, 'Electronics - Consumer': 2.2, 'Engineering': 0.88, 'Finance & Investments': 26.56, 'Healthcare': 4.21, 'Hotels': 2.2, 'Miscellaneous': 11.35, 'Pharmaceuticals - Indian - Bulk Drugs': 4.19, 'Telecommunications - Service Provider': 5.07, 'Trading': 1.4, 'Transport - Airlines': 5.28}",[],INF247L01BK2,Factor Based,Equity,Equity-Factor Based,[]
117,Motilal Oswal Nifty 50 Equal Weight ETF,"{'Aluminium and Aluminium Products': 2.13, 'Automobiles - LCVs / HCVs': 2.02, 'Automobiles - Motorcycles / Mopeds': 4.64, 'Automobiles - Passenger Cars': 4.38, 'Automobiles - Scooters And 3 - Wheelers': 2.09, 'Banks - Private Sector': 9.33, 'Banks - Public Sector': 2.04, 'Cement - North India': 2.19, 'Cigarettes': 2.0, 'Computers - Software - Large': 9.04, 'Diamond Cutting / Jewellery': 2.02, 'Electronics - Components': 1.85, 'Engineering - Turnkey Services': 2.02, 'Finance & Investments': 11.7, 'Food - Processing - MNC': 1.96, 'Healthcare': 2.2, 'Mining / Minerals / Metals': 1.95, 'Miscellaneous': 4.39, 'Oil Drilling / Allied Services': 1.97, 'Paints / Varnishes': 2.25, 'Personal Care - Multinational': 2.38, 'Pharmaceuticals - Indian - Bulk Drugs & Formln': 5.99, 'Power Generation And Supply': 3.95, 'Refineries': 1.88, 'Steel - Large': 4.05, 'Tea': 1.93, 'Telecommunications - Service Provider': 1.96, 'Textiles - Manmade': 1.99, 'Trading': 3.57}",[],INF247L01FC0,Index Based,Equity,Equity-Index Based,[]
118,Motilal Oswal Nifty 50 ETF,"{'Aluminium and Aluminium Products': 0.92, 'Automobiles - LCVs / HCVs': 1.26, 'Automobiles - Motorcycles / Mopeds': 1.36, 'Automobiles - Passenger Cars': 4.3, 'Automobiles - Scooters And 3 - Wheelers': 0.86, 'Banks - Private Sector': 27.81, 'Banks - Public Sector': 2.78, 'Cement - North India': 1.35, 'Cigarettes': 3.44, 'Computers - Software - Large': 10.49, 'Diamond Cutting / Jewellery': 1.35, 'Electronics - Components': 1.19, 'Engineering - Turnkey Services': 3.81, 'Finance & Investments': 6.17, 'Food - Processing - MNC': 0.75, 'Healthcare': 0.69, 'Mining / Minerals / Metals': 0.77, 'Miscellaneous': 2.84, 'Oil Drilling / Allied Services': 0.82, 'Paints / Varnishes': 1.03, 'Personal Care - Multinational': 2.13, 'Pharmaceuticals - Indian - Bulk Drugs & Formln': 3.05, 'Power Generation And Supply': 2.52, 'Refineries': 8.29, 'Steel - Large': 2.03, 'Tea': 0.63, 'Telecommunications - Service Provider': 4.64, 'Textiles - Manmade': 0.96, 'Trading': 1.59}",[],INF247L01536,Index Based,Equity,Equity-Index Based,[]
119,Motilal Oswal Nifty 500 ETF,"{'Abrasives And Grinding Wheels': 0.06, 'Air-conditioners': 0.3, 'Aluminium and Aluminium Products': 0.64, 'Auto Ancillaries': 1.16, 'Automobiles - LCVs / HCVs': 0.97, 'Automobiles - Motorcycles / Mopeds': 1.24, 'Automobiles - Passenger Cars': 2.74, 'Automobiles - Scooters And 3 - Wheelers': 0.51, 'Automobiles - Tractors': 0.06, 'Banks - Private Sector': 17.78, 'Banks - Public Sector': 2.68, 'Bearings': 0.2, 'Breweries & Distilleries': 0.4, 'Cables - Power': 0.37, 'Cables - Telephone': 0.04, 'Castings & Forgings': 0.3, 'Cement - North India': 1.43, 'Cement - South India': 0.18, 'Ceramics - Tiles / Sanitaryware': 0.07, 'Chemicals': 1.44, 'Cigarettes': 2.12, 'Compressors / Drilling Equipment': 0.05, 'Computers - Hardware': 0.02, 'Computers - Software - Large': 7.1, 'Computers - Software - Medium / Small': 1.47, 'Construction': 1.48, 'Couriers': 0.02, 'Diamond Cutting / Jewellery': 0.9, 'Diversified - Large': 0.1, 'Diversified - Mega': 0.03, 'Domestic Appliances': 0.04, 'Electric Equipment': 2.05, 'Electrodes - Graphites': 0.04, 'Electronics - Components': 1.04, 'Electronics - Consumer': 0.35, 'Engineering': 0.73, 'Engineering - Turnkey Services': 2.37, 'Engines': 0.32, 'Entertainment / Electronic Media Software': 0.17, 'Fertilizers': 0.23, 'Finance - Housing': 0.43, 'Finance - Term-Lending Institutions': 0.77, 'Finance & Investments': 7.19, 'Food - Processing - Indian': 0.43, 'Food - Processing - MNC': 0.81, 'Glass & Glass Products': 0.05, 'Healthcare': 1.62, 'Hotels': 0.72, 'Leather / Leather Products': 0.05, 'Mining / Minerals / Metals': 1.23, 'Miscellaneous': 5.19, 'Oil Drilling / Allied Services': 0.6, 'Packaging': 0.01, 'Paints / Varnishes': 0.72, 'Personal Care - Indian': 0.51, 'Personal Care - Multinational': 1.46, 'Pesticides / Agrochemicals - Indian': 0.39, 'Pesticides / Agrochemicals - Multinational': 0.04, 'Pharmaceuticals - Indian - Bulk Drugs': 0.52, 'Pharmaceuticals - Indian - Bulk Drugs & Formln': 3.62, 'Pharmaceuticals - Indian - Formulations': 0.44, 'Pharmaceuticals - Multinational': 0.22, 'Plastics Products': 0.27, 'Power Generation And Supply': 3.08, 'Printing & Stationery': 0.02, 'Pumps': 0.03, 'Refineries': 5.73, 'Refractories / Intermediates': 0.02, 'Shipping': 0.07, 'Solvent Extraction': 0.36, 'Steel - Large': 2.08, 'Steel - Medium / Small': 0.1, 'Sugar': 0.12, 'Tea': 0.4, 'Telecommunications - Equipment': 0.04, 'Telecommunications - Service Provider': 3.06, 'Textiles - Cotton/Blended': 0.04, 'Textiles - Manmade': 0.57, 'Textiles - Processing': 0.01, 'Textiles - Products': 0.31, 'Trading': 1.81, 'Transmisson Line Towers / Equipment': 0.38, 'Transport - Airlines': 0.6, 'Travel Agencies': 0.13, 'Tyres': 0.39}",[],INF247L01BU1,Index Based,Equity,Equity-Index Based,[]
120,Motilal Oswal Nifty 500 Momentum 50 ETF,"{'Banks - Private Sector': 4.81, 'Breweries & Distilleries': 1.15, 'Castings & Forgings': 0.5, 'Chemicals': 7.14, 'Cigarettes': 1.11, 'Computers - Software - Large': 2.58, 'Computers - Software - Medium / Small': 4.2, 'Electric Equipment': 1.84, 'Electronics - Components': 2.02, 'Engineering': 1.0, 'Fertilizers': 2.36, 'Finance - Housing': 0.54, 'Finance & Investments': 28.87, 'Food - Processing - Indian': 0.39, 'Healthcare': 8.9, 'Mining / Minerals / Metals': 1.37, 'Miscellaneous': 15.28, 'Paints / Varnishes': 0.82, 'Pharmaceuticals - Indian - Bulk Drugs': 4.59, 'Pharmaceuticals - Indian - Formulations': 0.61, 'Pharmaceuticals - Multinational': 0.65, 'Power Generation And Supply': 1.03, 'Steel - Large': 0.67, 'Telecommunications - Service Provider': 0.96, 'Trading': 0.76, 'Transport - Airlines': 5.4, 'Tyres': 0.43}",[],INF247L01DK8,Factor Based,Equity,Equity-Factor Based,[]
121,Motilal Oswal Nifty India Defence ETF,"{'Chemicals': 14.86, 'Electronics - Components': 25.7, 'Engineering': 33.96, 'Miscellaneous': 20.76, 'Steel - Medium / Small': 0.78, 'Telecommunications - Equipment': 3.83}",[],INF247L01DJ0,Theme Based,Equity,Equity-Theme Based,[]
122,Motilal Oswal Nifty Midcap 100 ETF,"{'Air-conditioners': 1.16, 'Aluminium and Aluminium Products': 0.62, 'Auto Ancillaries': 1.41, 'Automobiles - LCVs / HCVs': 1.35, 'Automobiles - Motorcycles / Mopeds': 0.2, 'Automobiles - Tractors': 0.44, 'Banks - Private Sector': 6.77, 'Banks - Public Sector': 2.56, 'Cables - Power': 1.33, 'Castings & Forgings': 1.1, 'Cement - North India': 0.44, 'Chemicals': 2.78, 'Computers - Software - Large': 4.02, 'Computers - Software - Medium / Small': 6.08, 'Construction': 4.77, 'Diamond Cutting / Jewellery': 0.72, 'Electric Equipment': 3.9, 'Electronics - Consumer': 2.42, 'Engineering': 0.49, 'Engines': 1.92, 'Finance - Housing': 0.62, 'Finance - Term-Lending Institutions': 0.8, 'Finance & Investments': 6.49, 'Healthcare': 3.19, 'Hotels': 0.89, 'Mining / Minerals / Metals': 1.45, 'Miscellaneous': 11.23, 'Oil Drilling / Allied Services': 0.79, 'Personal Care - Multinational': 1.14, 'Pesticides / Agrochemicals - Indian': 2.46, 'Pharmaceuticals - Indian - Bulk Drugs & Formln': 6.73, 'Plastics Products': 1.69, 'Power Generation And Supply': 2.39, 'Refineries': 1.34, 'Solvent Extraction': 2.15, 'Steel - Large': 2.89, 'Telecommunications - Service Provider': 1.85, 'Textiles - Products': 1.17, 'Trading': 2.14, 'Transmisson Line Towers / Equipment': 1.66, 'Travel Agencies': 0.78, 'Tyres': 1.61}",[],INF247L01023,Index Based,Equity,Equity-Index Based,[]
123,Motilal Oswal Nifty Realty ETF,"{'Construction': 99.01, 'Transport - Airlines': 0.95}",['Construction'],INF247L01CI4,Sector Based,Equity,Equity-Sector Based,['Construction']
124,Motilal Oswal Nifty Smallcap 250 ETF,"{'Abrasives And Grinding Wheels': 0.55, 'Auto Ancillaries': 3.19, 'Automobiles - LCVs / HCVs': 0.34, 'Banks - Private Sector': 3.13, 'Banks - Public Sector': 0.56, 'Bearings': 1.1, 'Breweries & Distilleries': 1.18, 'Cables - Power': 0.54, 'Cables - Telephone': 0.35, 'Castings & Forgings': 0.76, 'Cement - South India': 0.8, 'Ceramics - Tiles / Sanitaryware': 0.72, 'Chemicals': 5.57, 'Cigarettes': 0.79, 'Compressors / Drilling Equipment': 0.54, 'Computers - Hardware': 0.19, 'Computers - Software - Medium / Small': 5.98, 'Construction': 3.64, 'Couriers': 0.18, 'Diversified - Large': 0.51, 'Diversified - Mega': 0.26, 'Domestic Appliances': 0.43, 'Electric Equipment': 3.06, 'Electrodes - Graphites': 0.39, 'Electronics - Components': 2.77, 'Engineering': 2.13, 'Engineering - Turnkey Services': 1.02, 'Engines': 0.4, 'Entertainment / Electronic Media Software': 1.36, 'Fertilizers': 0.86, 'Finance - Housing': 2.93, 'Finance - Term-Lending Institutions': 0.18, 'Finance & Investments': 9.53, 'Food - Processing - Indian': 0.74, 'Glass & Glass Products': 0.49, 'Healthcare': 4.33, 'Hotels': 2.28, 'Leather / Leather Products': 0.49, 'Mining / Minerals / Metals': 0.83, 'Miscellaneous': 10.44, 'Packaging': 0.13, 'Paints / Varnishes': 0.26, 'Personal Care - Indian': 0.25, 'Personal Care - Multinational': 0.44, 'Pesticides / Agrochemicals - Indian': 0.37, 'Pesticides / Agrochemicals - Multinational': 0.35, 'Pharmaceuticals - Indian - Bulk Drugs': 1.02, 'Pharmaceuticals - Indian - Bulk Drugs & Formln': 6.13, 'Pharmaceuticals - Indian - Formulations': 1.02, 'Pharmaceuticals - Multinational': 0.7, 'Plastics Products': 0.32, 'Power Generation And Supply': 1.63, 'Printing & Stationery': 0.23, 'Pumps': 0.26, 'Refineries': 0.17, 'Refractories / Intermediates': 0.15, 'Shipping': 0.68, 'Steel - Large': 1.54, 'Steel - Medium / Small': 0.94, 'Sugar': 1.22, 'Tea': 0.33, 'Telecommunications - Equipment': 0.4, 'Telecommunications - Service Provider': 0.3, 'Textiles - Cotton/Blended': 0.41, 'Textiles - Processing': 0.11, 'Textiles - Products': 0.91, 'Trading': 1.88, 'Transmisson Line Towers / Equipment': 1.31, 'Transport - Airlines': 0.11, 'Travel Agencies': 0.23, 'Tyres': 0.58}",[],INF247L01CH6,Index Based,Equity,Equity-Index Based,[]
125,Nippon India BSE Sensex Next 30 ETF,"{'Aluminium and Aluminium Products': 4.25, 'Automobiles - Motorcycles / Mopeds': 3.5, 'Automobiles - Scooters And 3 - Wheelers': 4.04, 'Banks - Private Sector': 2.04, 'Computers - Software - Large': 2.97, 'Engineering': 3.41, 'Finance - Term-Lending Institutions': 4.14, 'Finance & Investments': 14.63, 'Food - Processing - Indian': 2.77, 'Food - Processing - MNC': 6.4, 'Healthcare': 6.81, 'Hotels': 2.82, 'Mining / Minerals / Metals': 6.56, 'Oil Drilling / Allied Services': 3.83, 'Pharmaceuticals - Indian - Bulk Drugs': 3.29, 'Pharmaceuticals - Indian - Bulk Drugs & Formln': 7.0, 'Power Generation And Supply': 2.62, 'Steel - Large': 4.12, 'Tea': 2.89, 'Textiles - Manmade': 4.46, 'Trading': 2.51, 'Transport - Airlines': 4.63}",[],INF204KC1EZ3,Index Based,Equity,Equity-Index Based,[]
126,Nippon India ETF Nifty 100,"{'Aluminium and Aluminium Products': 0.76, 'Auto Ancillaries': 0.57, 'Automobiles - LCVs / HCVs': 1.05, 'Automobiles - Motorcycles / Mopeds': 1.7, 'Automobiles - Passenger Cars': 3.83, 'Automobiles - Scooters And 3 - Wheelers': 0.72, 'Banks - Private Sector': 23.08, 'Banks - Public Sector': 3.15, 'Breweries & Distilleries': 0.29, 'Cement - North India': 1.69, 'Chemicals': 0.35, 'Cigarettes': 2.86, 'Computers - Software - Large': 9.06, 'Construction': 0.6, 'Diamond Cutting / Jewellery': 1.12, 'Electric Equipment': 1.02, 'Electronics - Components': 0.99, 'Engineering': 0.62, 'Engineering - Turnkey Services': 3.17, 'Finance - Housing': 0.08, 'Finance - Term-Lending Institutions': 0.9, 'Finance & Investments': 6.64, 'Food - Processing - Indian': 0.49, 'Food - Processing - MNC': 1.13, 'Healthcare': 0.58, 'Hotels': 0.5, 'Mining / Minerals / Metals': 1.17, 'Miscellaneous': 3.22, 'Oil Drilling / Allied Services': 0.68, 'Paints / Varnishes': 0.85, 'Personal Care - Indian': 0.6, 'Personal Care - Multinational': 1.77, 'Pharmaceuticals - Indian - Bulk Drugs': 0.58, 'Pharmaceuticals - Indian - Bulk Drugs & Formln': 2.71, 'Pharmaceuticals - Indian - Formulations': 0.28, 'Power Generation And Supply': 3.53, 'Refineries': 7.71, 'Steel - Large': 1.95, 'Tea': 0.52, 'Telecommunications - Service Provider': 3.85, 'Textiles - Manmade': 0.79, 'Trading': 1.84, 'Transport - Airlines': 0.83}",[],INF204K014N5,Index Based,Equity,Equity-Index Based,[]
127,Nippon India ETF Nifty 50 BeES,"{'Aluminium and Aluminium Products': 0.92, 'Automobiles - LCVs / HCVs': 1.26, 'Automobiles - Motorcycles / Mopeds': 1.36, 'Automobiles - Passenger Cars': 4.3, 'Automobiles - Scooters And 3 - Wheelers': 0.86, 'Banks - Private Sector': 27.82, 'Banks - Public Sector': 2.78, 'Cement - North India': 1.35, 'Cigarettes': 3.44, 'Computers - Software - Large': 10.5, 'Diamond Cutting / Jewellery': 1.35, 'Electronics - Components': 1.19, 'Engineering - Turnkey Services': 3.81, 'Finance & Investments': 6.17, 'Food - Processing - MNC': 0.75, 'Healthcare': 0.69, 'Mining / Minerals / Metals': 0.77, 'Miscellaneous': 2.84, 'Oil Drilling / Allied Services': 0.82, 'Paints / Varnishes': 1.03, 'Personal Care - Multinational': 2.13, 'Pharmaceuticals - Indian - Bulk Drugs & Formln': 3.05, 'Power Generation And Supply': 2.52, 'Refineries': 8.29, 'Steel - Large': 2.03, 'Tea': 0.63, 'Telecommunications - Service Provider': 4.64, 'Textiles - Manmade': 0.96, 'Trading': 1.59}",[],INF204KB14I2,Index Based,Equity,Equity-Index Based,[]
128,Nippon India ETF Nifty 50 Shariah BeES,"{'Automobiles - LCVs / HCVs': 5.24, 'Automobiles - Motorcycles / Mopeds': 2.48, 'Cement - North India': 5.63, 'Computers - Software - Large': 40.99, 'Food - Processing - MNC': 3.11, 'Healthcare': 2.89, 'Mining / Minerals / Metals': 3.19, 'Oil Drilling / Allied Services': 3.41, 'Paints / Varnishes': 4.28, 'Personal Care - Multinational': 8.86, 'Pharmaceuticals - Indian - Bulk Drugs & Formln': 12.68, 'Tea': 2.6, 'Trading': 4.42}",[],INF732E01128,Index Based,Equity,Equity-Index Based,[]
129,Nippon India ETF Nifty 50 Value 20,"{'Aluminium and Aluminium Products': 2.76, 'Automobiles - LCVs / HCVs': 3.78, 'Automobiles - Motorcycles / Mopeds': 1.79, 'Automobiles - Passenger Cars': 5.26, 'Automobiles - Scooters And 3 - Wheelers': 2.59, 'Banks - Private Sector': 16.47, 'Banks - Public Sector': 8.35, 'Cigarettes': 10.34, 'Computers - Software - Large': 28.71, 'Mining / Minerals / Metals': 2.31, 'Oil Drilling / Allied Services': 2.46, 'Pharmaceuticals - Indian - Bulk Drugs & Formln': 4.5, 'Power Generation And Supply': 7.59, 'Textiles - Manmade': 2.87}",[],INF204KB18I3,Index Based,Equity,Equity-Index Based,[]
130,Nippon India ETF Nifty Bank BeES,"{'Banks - Private Sector': 82.89, 'Banks - Public Sector': 16.87}",['Banks - Private Sector'],INF204KB15I9,Sector Based,Equity,Equity-Sector Based,['Banks - Private Sector']
131,Nippon India ETF Nifty Dividend Opportunities 50,"{'Aluminium and Aluminium Products': 0.47, 'Automobiles - LCVs / HCVs': 1.02, 'Automobiles - Motorcycles / Mopeds': 1.85, 'Banks - Public Sector': 12.14, 'Chemicals': 0.27, 'Cigarettes': 10.25, 'Computers - Software - Large': 28.67, 'Computers - Software - Medium / Small': 0.28, 'Engines': 1.45, 'Finance - Housing': 0.47, 'Finance - Term-Lending Institutions': 3.65, 'Finance & Investments': 4.53, 'Food - Processing - MNC': 1.92, 'Mining / Minerals / Metals': 5.48, 'Miscellaneous': 2.59, 'Oil Drilling / Allied Services': 3.14, 'Personal Care - Multinational': 7.47, 'Power Generation And Supply': 8.79, 'Refineries': 4.11, 'Steel - Large': 0.48, 'Textiles - Products': 0.78}",[],INF204KA1MS3,Theme Based,Equity,Equity-Theme Based,[]
132,Nippon India ETF Nifty India Consumption,"{'Automobiles - Motorcycles / Mopeds': 6.81, 'Automobiles - Passenger Cars': 14.3, 'Automobiles - Scooters And 3 - Wheelers': 2.87, 'Breweries & Distilleries': 1.16, 'Cigarettes': 9.59, 'Construction': 1.42, 'Diamond Cutting / Jewellery': 4.49, 'Electric Equipment': 1.15, 'Food - Processing - Indian': 1.96, 'Food - Processing - MNC': 4.55, 'Healthcare': 4.88, 'Hotels': 2.0, 'Miscellaneous': 8.12, 'Paints / Varnishes': 3.42, 'Personal Care - Indian': 1.5, 'Personal Care - Multinational': 8.0, 'Power Generation And Supply': 3.3, 'Tea': 2.08, 'Telecommunications - Service Provider': 9.36, 'Trading': 5.63, 'Transport - Airlines': 3.32}",[],INF204KA1LD7,Theme Based,Equity,Equity-Theme Based,[]
133,Nippon India ETF Nifty Infrastructure BeES,"{'Auto Ancillaries': 1.22, 'Automobiles - LCVs / HCVs': 1.08, 'Castings & Forgings': 0.88, 'Cement - North India': 6.71, 'Construction': 2.28, 'Electric Equipment': 2.13, 'Engineering - Turnkey Services': 12.56, 'Engines': 1.54, 'Healthcare': 4.83, 'Hotels': 1.98, 'Miscellaneous': 4.27, 'Oil Drilling / Allied Services': 2.7, 'Power Generation And Supply': 11.02, 'Refineries': 23.53, 'Telecommunications - Service Provider': 15.3, 'Textiles - Manmade': 3.15, 'Transmisson Line Towers / Equipment': 1.33, 'Transport - Airlines': 3.29}",[],INF732E01268,Index Based,Equity,Equity-Index Based,[]
134,Nippon India ETF Nifty IT,"{'Computers - Software - Large': 94.14, 'Computers - Software - Medium / Small': 5.83}",['Computers - Software - Large'],INF204KB15V2,Sector Based,Equity,Equity-Sector Based,['Computers - Software - Large']
135,Nippon India ETF Nifty Midcap 150,"{'Air-conditioners': 1.62, 'Aluminium and Aluminium Products': 0.49, 'Auto Ancillaries': 2.37, 'Automobiles - LCVs / HCVs': 1.06, 'Automobiles - Motorcycles / Mopeds': 0.16, 'Automobiles - Tractors': 0.34, 'Banks - Private Sector': 5.3, 'Banks - Public Sector': 2.0, 'Bearings': 0.45, 'Breweries & Distilleries': 0.39, 'Cables - Power': 1.72, 'Castings & Forgings': 1.21, 'Cement - North India': 1.19, 'Cement - South India': 0.56, 'Chemicals': 3.51, 'Computers - Software - Large': 3.49, 'Computers - Software - Medium / Small': 4.77, 'Construction': 3.74, 'Diamond Cutting / Jewellery': 0.56, 'Diversified - Large': 0.25, 'Electric Equipment': 5.51, 'Electronics - Components': 0.25, 'Electronics - Consumer': 1.89, 'Engineering': 0.38, 'Engines': 1.5, 'Entertainment / Electronic Media Software': 0.16, 'Fertilizers': 0.79, 'Finance - Housing': 0.49, 'Finance - Term-Lending Institutions': 0.63, 'Finance & Investments': 7.65, 'Healthcare': 4.22, 'Hotels': 0.69, 'Mining / Minerals / Metals': 1.63, 'Miscellaneous': 9.94, 'Oil Drilling / Allied Services': 0.62, 'Paints / Varnishes': 0.44, 'Personal Care - Indian': 0.33, 'Personal Care - Multinational': 0.89, 'Pesticides / Agrochemicals - Indian': 1.92, 'Pharmaceuticals - Indian - Bulk Drugs & Formln': 5.82, 'Pharmaceuticals - Indian - Formulations': 0.73, 'Pharmaceuticals - Multinational': 0.82, 'Plastics Products': 1.33, 'Power Generation And Supply': 2.07, 'Refineries': 1.11, 'Solvent Extraction': 1.93, 'Steel - Large': 2.99, 'Telecommunications - Service Provider': 1.44, 'Textiles - Products': 1.21, 'Trading': 1.66, 'Transmisson Line Towers / Equipment': 1.3, 'Travel Agencies': 0.61, 'Tyres': 1.79}",[],INF204KB1V68,Index Based,Equity,Equity-Index Based,[]
136,Nippon India ETF Nifty Next 50 Junior BeES,"{'Auto Ancillaries': 3.32, 'Automobiles - Motorcycles / Mopeds': 3.38, 'Automobiles - Passenger Cars': 1.54, 'Banks - Public Sector': 4.96, 'Breweries & Distilleries': 1.7, 'Cement - North India': 3.34, 'Chemicals': 2.07, 'Computers - Software - Large': 2.09, 'Construction': 3.55, 'Electric Equipment': 5.98, 'Engineering': 3.62, 'Finance - Housing': 0.45, 'Finance - Term-Lending Institutions': 5.28, 'Finance & Investments': 8.86, 'Food - Processing - Indian': 2.87, 'Food - Processing - MNC': 3.02, 'Hotels': 2.93, 'Mining / Minerals / Metals': 3.14, 'Miscellaneous': 5.07, 'Personal Care - Indian': 3.55, 'Pharmaceuticals - Indian - Bulk Drugs': 3.42, 'Pharmaceuticals - Indian - Bulk Drugs & Formln': 1.08, 'Pharmaceuticals - Indian - Formulations': 1.64, 'Power Generation And Supply': 8.44, 'Refineries': 4.86, 'Steel - Large': 1.54, 'Trading': 3.07, 'Transport - Airlines': 4.87}",[],INF732E01045,Index Based,Equity,Equity-Index Based,[]
137,Nippon India ETF Nifty PSU Bank BeES,{'Banks - Public Sector': 99.96},['Banks - Public Sector'],INF204KB16I7,Sector Based,Equity,Equity-Sector Based,['Banks - Public Sector']
138,Nippon India Nifty Auto ETF,"{'Auto Ancillaries': 7.95, 'Automobiles - LCVs / HCVs': 14.91, 'Automobiles - Motorcycles / Mopeds': 19.23, 'Automobiles - Passenger Cars': 40.4, 'Automobiles - Scooters And 3 - Wheelers': 8.1, 'Castings & Forgings': 2.5, 'Steel - Large': 2.68, 'Tyres': 3.97}",[],INF204KC1337,Theme Based,Equity,Equity-Theme Based,[]
139,Nippon India Nifty Pharma ETF,"{'Pharmaceuticals - Indian - Bulk Drugs': 9.95, 'Pharmaceuticals - Indian - Bulk Drugs & Formln': 79.93, 'Pharmaceuticals - Indian - Formulations': 8.0, 'Pharmaceuticals - Multinational': 2.09}",['Pharmaceuticals - Indian - Bulk Drugs & Formln'],INF204KC1089,Sector Based,Equity,Equity-Sector Based,['Pharmaceuticals - Indian - Bulk Drugs & Formln']
140,Quantum Nifty 50 ETF,"{'Aluminium and Aluminium Products': 0.92, 'Automobiles - LCVs / HCVs': 1.26, 'Automobiles - Motorcycles / Mopeds': 1.34, 'Automobiles - Passenger Cars': 4.3, 'Automobiles - Scooters And 3 - Wheelers': 0.86, 'Banks - Private Sector': 27.85, 'Banks - Public Sector': 2.78, 'Cement - North India': 1.35, 'Cigarettes': 3.44, 'Computers - Software - Large': 10.49, 'Diamond Cutting / Jewellery': 1.35, 'Electronics - Components': 1.19, 'Engineering - Turnkey Services': 3.82, 'Finance & Investments': 6.17, 'Food - Processing - MNC': 0.74, 'Healthcare': 0.69, 'Mining / Minerals / Metals': 0.76, 'Miscellaneous': 2.84, 'Oil Drilling / Allied Services': 0.82, 'Paints / Varnishes': 1.03, 'Personal Care - Multinational': 2.13, 'Pharmaceuticals - Indian - Bulk Drugs & Formln': 3.04, 'Power Generation And Supply': 2.53, 'Refineries': 8.3, 'Steel - Large': 2.03, 'Tea': 0.62, 'Telecommunications - Service Provider': 4.65, 'Textiles - Manmade': 0.96, 'Trading': 1.59}",[],INF082J01028,Index Based,Equity,Equity-Index Based,[]
141,SBI BSE PSU Bank ETF,{'Banks - Public Sector': 99.98},['Banks - Public Sector'],INF200KB1712,Sector Based,Equity,Equity-Sector Based,['Banks - Public Sector']
142,SBI Nifty 200 Quality 30 ETF,"{'Automobiles - Motorcycles / Mopeds': 3.36, 'Automobiles - Scooters And 3 - Wheelers': 4.01, 'Cables - Power': 2.48, 'Chemicals': 2.65, 'Cigarettes': 5.02, 'Computers - Software - Large': 20.37, 'Computers - Software - Medium / Small': 3.54, 'Electric Equipment': 2.13, 'Electronics - Components': 4.48, 'Engineering': 3.24, 'Engines': 3.01, 'Finance & Investments': 3.14, 'Food - Processing - MNC': 9.42, 'Mining / Minerals / Metals': 6.71, 'Miscellaneous': 1.36, 'Paints / Varnishes': 4.66, 'Personal Care - Multinational': 10.0, 'Refineries': 2.79, 'Solvent Extraction': 2.91, 'Textiles - Products': 2.41, 'Travel Agencies': 2.18}",[],INF200KA1WX6,Index Based,Equity,Equity-Index Based,[]
143,SBI Nifty 50 ETF,"{'Aluminium and Aluminium Products': 0.92, 'Automobiles - LCVs / HCVs': 1.26, 'Automobiles - Motorcycles / Mopeds': 1.36, 'Automobiles - Passenger Cars': 4.3, 'Automobiles - Scooters And 3 - Wheelers': 0.86, 'Banks - Private Sector': 27.82, 'Banks - Public Sector': 2.78, 'Cement - North India': 1.35, 'Cigarettes': 3.44, 'Computers - Software - Large': 10.5, 'Diamond Cutting / Jewellery': 1.35, 'Electronics - Components': 1.19, 'Engineering - Turnkey Services': 3.81, 'Finance & Investments': 6.17, 'Food - Processing - MNC': 0.75, 'Healthcare': 0.69, 'Mining / Minerals / Metals': 0.77, 'Miscellaneous': 2.84, 'Oil Drilling / Allied Services': 0.82, 'Paints / Varnishes': 1.03, 'Personal Care - Multinational': 2.13, 'Pharmaceuticals - Indian - Bulk Drugs & Formln': 3.05, 'Power Generation And Supply': 2.53, 'Refineries': 8.3, 'Steel - Large': 2.03, 'Tea': 0.63, 'Telecommunications - Service Provider': 4.64, 'Textiles - Manmade': 0.96, 'Trading': 1.59}",[],INF200KA1FS1,Index Based,Equity,Equity-Index Based,[]
144,SBI Nifty Bank ETF,"{'Banks - Private Sector': 82.92, 'Banks - Public Sector': 16.87}",['Banks - Private Sector'],INF200KA1580,Sector Based,Equity,Equity-Sector Based,['Banks - Private Sector']
145,SBI Nifty IT ETF,"{'Computers - Software - Large': 94.16, 'Computers - Software - Medium / Small': 5.83}",['Computers - Software - Large'],INF200KA1S14,Sector Based,Equity,Equity-Sector Based,['Computers - Software - Large']
146,SBI Nifty Next 50 ETF,"{'Auto Ancillaries': 3.32, 'Automobiles - Motorcycles / Mopeds': 3.38, 'Automobiles - Passenger Cars': 1.54, 'Banks - Public Sector': 4.96, 'Breweries & Distilleries': 1.7, 'Cement - North India': 3.34, 'Chemicals': 2.07, 'Computers - Software - Large': 2.09, 'Construction': 3.55, 'Electric Equipment': 5.99, 'Engineering': 3.62, 'Finance - Housing': 0.46, 'Finance - Term-Lending Institutions': 5.28, 'Finance & Investments': 8.86, 'Food - Processing - Indian': 2.87, 'Food - Processing - MNC': 3.02, 'Hotels': 2.93, 'Mining / Minerals / Metals': 3.14, 'Miscellaneous': 5.07, 'Personal Care - Indian': 3.55, 'Pharmaceuticals - Indian - Bulk Drugs': 3.42, 'Pharmaceuticals - Indian - Bulk Drugs & Formln': 1.08, 'Pharmaceuticals - Indian - Formulations': 1.64, 'Power Generation And Supply': 8.44, 'Refineries': 4.87, 'Steel - Large': 1.54, 'Trading': 3.08, 'Transport - Airlines': 4.87}",[],INF200KA1598,Index Based,Equity,Equity-Index Based,[]
147,SBI Nifty Private Bank ETF,{'Banks - Private Sector': 99.82},['Banks - Private Sector'],INF200KA1S22,Sector Based,Equity,Equity-Sector Based,['Banks - Private Sector']
148,SBI Nifty50 Equal Weight ETF,"{'Aluminium and Aluminium Products': 2.13, 'Automobiles - LCVs / HCVs': 2.02, 'Automobiles - Motorcycles / Mopeds': 4.64, 'Automobiles - Passenger Cars': 4.39, 'Automobiles - Scooters And 3 - Wheelers': 2.1, 'Banks - Private Sector': 9.35, 'Banks - Public Sector': 2.04, 'Cement - North India': 2.19, 'Cigarettes': 2.01, 'Computers - Software - Large': 9.06, 'Diamond Cutting / Jewellery': 2.02, 'Electronics - Components': 1.85, 'Engineering - Turnkey Services': 2.03, 'Finance & Investments': 11.71, 'Food - Processing - MNC': 1.96, 'Healthcare': 2.2, 'Mining / Minerals / Metals': 1.95, 'Miscellaneous': 4.39, 'Oil Drilling / Allied Services': 1.97, 'Paints / Varnishes': 2.25, 'Personal Care - Multinational': 2.38, 'Pharmaceuticals - Indian - Bulk Drugs & Formln': 6.0, 'Power Generation And Supply': 3.95, 'Refineries': 1.88, 'Steel - Large': 4.05, 'Tea': 1.93, 'Telecommunications - Service Provider': 1.96, 'Textiles - Manmade': 2.0, 'Trading': 3.57}",[],INF200KB1282,Index Based,Equity,Equity-Index Based,[]
149,Tata Nifty 50 Exchange Traded Fund,"{'Aluminium and Aluminium Products': 0.92, 'Automobiles - LCVs / HCVs': 1.26, 'Automobiles - Motorcycles / Mopeds': 1.36, 'Automobiles - Passenger Cars': 4.3, 'Automobiles - Scooters And 3 - Wheelers': 0.86, 'Banks - Private Sector': 27.82, 'Banks - Public Sector': 2.78, 'Cement - North India': 1.35, 'Cigarettes': 3.44, 'Computers - Software - Large': 10.49, 'Diamond Cutting / Jewellery': 1.35, 'Electronics - Components': 1.19, 'Engineering - Turnkey Services': 3.81, 'Finance & Investments': 6.17, 'Food - Processing - MNC': 0.75, 'Healthcare': 0.69, 'Mining / Minerals / Metals': 0.77, 'Miscellaneous': 2.84, 'Oil Drilling / Allied Services': 0.82, 'Paints / Varnishes': 1.03, 'Personal Care - Multinational': 2.13, 'Pharmaceuticals - Indian - Bulk Drugs & Formln': 3.05, 'Power Generation And Supply': 2.52, 'Refineries': 8.29, 'Steel - Large': 2.03, 'Tea': 0.63, 'Telecommunications - Service Provider': 4.64, 'Textiles - Manmade': 0.96, 'Trading': 1.59}",[],INF277K015R5,Index Based,Equity,Equity-Index Based,[]
150,Tata Nifty India Digital Exchange Traded Fund,"{'Computers - Software - Large': 38.52, 'Computers - Software - Medium / Small': 15.5, 'Miscellaneous': 25.78, 'Telecommunications - Service Provider': 12.66, 'Trading': 4.51, 'Travel Agencies': 3.0}",[],INF277KA1364,Theme Based,Equity,Equity-Theme Based,[]
151,Tata Nifty Private Bank ETF,{'Banks - Private Sector': 99.7},['Banks - Private Sector'],INF277K010X4,Sector Based,Equity,Equity-Sector Based,['Banks - Private Sector']
152,UTI-BSE Sensex ETF,"{'Automobiles - LCVs / HCVs': 1.49, 'Automobiles - Passenger Cars': 5.08, 'Banks - Private Sector': 32.16, 'Banks - Public Sector': 3.54, 'Cement - North India': 1.58, 'Cigarettes': 4.03, 'Computers - Software - Large': 11.54, 'Diamond Cutting / Jewellery': 1.57, 'Electronics - Components': 1.41, 'Engineering - Turnkey Services': 4.47, 'Finance & Investments': 3.53, 'Miscellaneous': 3.35, 'Paints / Varnishes': 1.21, 'Personal Care - Multinational': 2.52, 'Pharmaceuticals - Indian - Bulk Drugs & Formln': 1.79, 'Power Generation And Supply': 2.98, 'Refineries': 9.76, 'Steel - Large': 1.35, 'Telecommunications - Service Provider': 5.27, 'Trading': 1.24}",[],INF789FB1X58,Index Based,Equity,Equity-Index Based,[]
153,UTI-BSE Sensex Next 50 ETF,"{'Auto Ancillaries': 1.58, 'Automobiles - Motorcycles / Mopeds': 5.47, 'Banks - Private Sector': 4.73, 'Banks - Public Sector': 4.35, 'Breweries & Distilleries': 1.47, 'Cement - North India': 2.88, 'Chemicals': 3.38, 'Computers - Software - Large': 3.98, 'Computers - Software - Medium / Small': 4.44, 'Construction': 1.83, 'Electric Equipment': 3.9, 'Electronics - Consumer': 2.48, 'Engines': 2.0, 'Finance - Term-Lending Institutions': 3.79, 'Finance & Investments': 11.41, 'Food - Processing - Indian': 2.53, 'Food - Processing - MNC': 2.64, 'Healthcare': 3.28, 'Hotels': 2.57, 'Mining / Minerals / Metals': 2.72, 'Miscellaneous': 3.82, 'Personal Care - Indian': 1.9, 'Personal Care - Multinational': 1.17, 'Pharmaceuticals - Indian - Bulk Drugs': 3.0, 'Pharmaceuticals - Indian - Bulk Drugs & Formln': 1.76, 'Power Generation And Supply': 5.23, 'Refineries': 4.24, 'Solvent Extraction': 1.48, 'Steel - Large': 1.21, 'Trading': 2.73, 'Transmisson Line Towers / Equipment': 1.72}",[],INF789F1AUU3,Index Based,Equity,Equity-Index Based,[]
154,UTI-Nifty 50 ETF,"{'Aluminium and Aluminium Products': 0.92, 'Automobiles - LCVs / HCVs': 1.26, 'Automobiles - Motorcycles / Mopeds': 1.36, 'Automobiles - Passenger Cars': 4.3, 'Automobiles - Scooters And 3 - Wheelers': 0.86, 'Banks - Private Sector': 27.82, 'Banks - Public Sector': 2.78, 'Cement - North India': 1.35, 'Cigarettes': 3.44, 'Computers - Software - Large': 10.5, 'Diamond Cutting / Jewellery': 1.35, 'Electronics - Components': 1.19, 'Engineering - Turnkey Services': 3.82, 'Finance & Investments': 6.17, 'Food - Processing - MNC': 0.75, 'Healthcare': 0.69, 'Mining / Minerals / Metals': 0.77, 'Miscellaneous': 2.84, 'Oil Drilling / Allied Services': 0.82, 'Paints / Varnishes': 1.03, 'Personal Care - Multinational': 2.13, 'Pharmaceuticals - Indian - Bulk Drugs & Formln': 3.05, 'Power Generation And Supply': 2.53, 'Refineries': 8.3, 'Steel - Large': 2.03, 'Tea': 0.63, 'Telecommunications - Service Provider': 4.64, 'Textiles - Manmade': 0.96, 'Trading': 1.59}",[],INF789F1AZC0,Index Based,Equity,Equity-Index Based,[]
155,UTI-Nifty Bank Exchange Traded Fund,"{'Banks - Private Sector': 82.9, 'Banks - Public Sector': 16.87}",['Banks - Private Sector'],INF789F1AUV1,Sector Based,Equity,Equity-Sector Based,['Banks - Private Sector']
156,UTI-Nifty Midcap 150 ETF,"{'Air-conditioners': 1.62, 'Aluminium and Aluminium Products': 0.48, 'Auto Ancillaries': 2.35, 'Automobiles - LCVs / HCVs': 1.05, 'Automobiles - Motorcycles / Mopeds': 0.16, 'Automobiles - Tractors': 0.34, 'Banks - Private Sector': 5.27, 'Banks - Public Sector': 2.0, 'Bearings': 0.45, 'Breweries & Distilleries': 0.39, 'Cables - Power': 1.72, 'Castings & Forgings': 1.2, 'Cement - North India': 1.18, 'Cement - South India': 0.55, 'Chemicals': 3.48, 'Computers - Software - Large': 3.48, 'Computers - Software - Medium / Small': 4.74, 'Construction': 3.72, 'Diamond Cutting / Jewellery': 0.56, 'Diversified - Large': 0.25, 'Electric Equipment': 5.47, 'Electronics - Components': 0.24, 'Electronics - Consumer': 1.89, 'Engineering': 0.38, 'Engines': 1.5, 'Entertainment / Electronic Media Software': 0.16, 'Fertilizers': 0.79, 'Finance - Housing': 0.48, 'Finance - Term-Lending Institutions': 0.62, 'Finance & Investments': 8.01, 'Healthcare': 4.19, 'Hotels': 0.69, 'Mining / Minerals / Metals': 1.63, 'Miscellaneous': 9.86, 'Oil Drilling / Allied Services': 0.62, 'Paints / Varnishes': 0.44, 'Personal Care - Indian': 0.33, 'Personal Care - Multinational': 0.89, 'Pesticides / Agrochemicals - Indian': 1.92, 'Pharmaceuticals - Indian - Bulk Drugs & Formln': 5.8, 'Pharmaceuticals - Indian - Formulations': 0.73, 'Pharmaceuticals - Multinational': 0.82, 'Plastics Products': 1.31, 'Power Generation And Supply': 2.07, 'Refineries': 1.11, 'Solvent Extraction': 1.92, 'Steel - Large': 2.96, 'Telecommunications - Service Provider': 1.44, 'Textiles - Products': 1.23, 'Trading': 1.68, 'Transmisson Line Towers / Equipment': 1.3, 'Travel Agencies': 0.6, 'Tyres': 1.84}",[],INF789F1AYX9,Index Based,Equity,Equity-Index Based,[]
157,UTI-Nifty Next 50 ETF,"{'Auto Ancillaries': 3.32, 'Automobiles - Motorcycles / Mopeds': 3.38, 'Automobiles - Passenger Cars': 1.54, 'Banks - Public Sector': 4.96, 'Breweries & Distilleries': 1.7, 'Cement - North India': 3.34, 'Chemicals': 2.07, 'Computers - Software - Large': 2.09, 'Construction': 3.55, 'Electric Equipment': 5.98, 'Engineering': 3.62, 'Finance - Housing': 0.45, 'Finance - Term-Lending Institutions': 5.28, 'Finance & Investments': 8.86, 'Food - Processing - Indian': 2.87, 'Food - Processing - MNC': 3.02, 'Hotels': 2.93, 'Mining / Minerals / Metals': 3.14, 'Miscellaneous': 5.07, 'Personal Care - Indian': 3.55, 'Pharmaceuticals - Indian - Bulk Drugs': 3.42, 'Pharmaceuticals - Indian - Bulk Drugs & Formln': 1.08, 'Pharmaceuticals - Indian - Formulations': 1.64, 'Power Generation And Supply': 8.44, 'Refineries': 4.86, 'Steel - Large': 1.56, 'Trading': 3.07, 'Transport - Airlines': 4.87}",[],INF789F1AUW9,Index Based,Equity,Equity-Index Based,[]
158,Zerodha Nifty 100 ETF,"{'Aluminium and Aluminium Products': 0.77, 'Auto Ancillaries': 0.57, 'Automobiles - LCVs / HCVs': 1.05, 'Automobiles - Motorcycles / Mopeds': 1.69, 'Automobiles - Passenger Cars': 3.84, 'Automobiles - Scooters And 3 - Wheelers': 0.72, 'Banks - Private Sector': 23.11, 'Banks - Public Sector': 3.14, 'Breweries & Distilleries': 0.29, 'Cement - North India': 1.69, 'Chemicals': 0.35, 'Cigarettes': 2.86, 'Computers - Software - Large': 9.09, 'Construction': 0.6, 'Diamond Cutting / Jewellery': 1.12, 'Electric Equipment': 1.0, 'Electronics - Components': 0.99, 'Engineering': 0.62, 'Engineering - Turnkey Services': 3.17, 'Finance - Housing': 0.08, 'Finance - Term-Lending Institutions': 0.9, 'Finance & Investments': 6.61, 'Food - Processing - Indian': 0.49, 'Food - Processing - MNC': 1.13, 'Healthcare': 0.57, 'Hotels': 0.5, 'Mining / Minerals / Metals': 1.16, 'Miscellaneous': 3.22, 'Oil Drilling / Allied Services': 0.68, 'Paints / Varnishes': 0.85, 'Personal Care - Indian': 0.6, 'Personal Care - Multinational': 1.77, 'Pharmaceuticals - Indian - Bulk Drugs': 0.59, 'Pharmaceuticals - Indian - Bulk Drugs & Formln': 2.7, 'Pharmaceuticals - Indian - Formulations': 0.27, 'Power Generation And Supply': 3.54, 'Refineries': 7.73, 'Steel - Large': 1.95, 'Tea': 0.52, 'Telecommunications - Service Provider': 3.85, 'Textiles - Manmade': 0.79, 'Trading': 1.83, 'Transport - Airlines': 0.83}",[],INF0R8F01067,Index Based,Equity,Equity-Index Based,[]
159,Zerodha Nifty Midcap 150 ETF,"{'Air-conditioners': 1.62, 'Aluminium and Aluminium Products': 0.48, 'Auto Ancillaries': 2.36, 'Automobiles - LCVs / HCVs': 1.06, 'Automobiles - Motorcycles / Mopeds': 0.16, 'Automobiles - Tractors': 0.34, 'Banks - Private Sector': 5.29, 'Banks - Public Sector': 2.0, 'Bearings': 0.45, 'Breweries & Distilleries': 0.39, 'Cables - Power': 1.72, 'Castings & Forgings': 1.19, 'Cement - North India': 1.18, 'Cement - South India': 0.56, 'Chemicals': 3.48, 'Computers - Software - Large': 3.48, 'Computers - Software - Medium / Small': 4.75, 'Construction': 3.72, 'Diamond Cutting / Jewellery': 0.56, 'Diversified - Large': 0.26, 'Electric Equipment': 5.49, 'Electronics - Components': 0.26, 'Electronics - Consumer': 1.89, 'Engineering': 0.38, 'Engines': 1.5, 'Entertainment / Electronic Media Software': 0.16, 'Fertilizers': 0.79, 'Finance - Housing': 0.48, 'Finance - Term-Lending Institutions': 0.62, 'Finance & Investments': 8.02, 'Healthcare': 4.2, 'Hotels': 0.69, 'Mining / Minerals / Metals': 1.62, 'Miscellaneous': 9.88, 'Oil Drilling / Allied Services': 0.62, 'Paints / Varnishes': 0.44, 'Personal Care - Indian': 0.33, 'Personal Care - Multinational': 0.89, 'Pesticides / Agrochemicals - Indian': 1.92, 'Pharmaceuticals - Indian - Bulk Drugs & Formln': 5.8, 'Pharmaceuticals - Indian - Formulations': 0.73, 'Pharmaceuticals - Multinational': 0.8, 'Plastics Products': 1.33, 'Power Generation And Supply': 2.07, 'Refineries': 1.11, 'Solvent Extraction': 1.92, 'Steel - Large': 2.97, 'Telecommunications - Service Provider': 1.44, 'Textiles - Products': 1.2, 'Trading': 1.66, 'Transmisson Line Towers / Equipment': 1.3, 'Travel Agencies': 0.61, 'Tyres': 1.8}",[],INF0R8F01059,Index Based,Equity,Equity-Index Based,[]
