Price,Adj Close,Adj Close,Close,Close,High,High,Low,Low,Open,Open,Volume,Volume
Ticker,AMZN,GOOG,AMZN,GOOG,AMZN,GOOG,AMZN,GOOG,AMZN,GOOG,AMZN,GOOG
Datetime,,,,,,,,,,,,
2024-09-17 13:30:00+00:00,187.32000732421875,160.1699981689453,187.32000732421875,160.1699981689453,187.49000549316406,160.2899932861328,186.35000610351562,159.60000610351562,186.82000732421875,160.0,1205485.0,517343.0
2024-09-17 13:31:00+00:00,188.24000549316406,160.25,188.24000549316406,160.25,188.38999938964844,160.36000061035156,187.36000061035156,160.11000061035156,187.36000061035156,160.14999389648438,390987.0,61069.0
2024-09-17 13:32:00+00:00,188.5800018310547,160.0399932861328,188.5800018310547,160.0399932861328,188.6300048828125,160.27000427246094,188.14999389648438,159.86000061035156,188.21499633789062,160.24000549316406,289221.0,64203.0
2024-09-17 13:33:00+00:00,187.4199981689453,159.99000549316406,187.4199981689453,159.99000549316406,188.75,160.25,187.4199981689453,159.97000122070312,188.6199951171875,160.0399932861328,272619.0,41857.0
2024-09-17 13:34:00+00:00,187.6699981689453,159.9866943359375,187.6699981689453,159.9866943359375,187.6699981689453,160.0679931640625,187.1217041015625,159.8800048828125,187.4600067138672,159.97000122070312,233518.0,40230.0
2024-09-17 13:35:00+00:00,187.875,159.75999450683594,187.875,159.75999450683594,187.92999267578125,160.02999877929688,187.30999755859375,159.75999450683594,187.66000366210938,159.97999572753906,162254.0,46876.0
2024-09-17 13:36:00+00:00,188.07000732421875,159.8300018310547,188.07000732421875,159.8300018310547,188.1999969482422,159.99000549316406,187.77000427246094,159.7301025390625,187.86000061035156,159.77999877929688,122866.0,43327.0
2024-09-17 13:37:00+00:00,187.8350067138672,159.6199951171875,187.8350067138672,159.6199951171875,188.39999389648438,159.89999389648438,187.70309448242188,159.60000610351562,188.12010192871094,159.8300018310547,170464.0,42812.0
2024-09-17 13:38:00+00:00,187.5,159.58999633789062,187.5,159.58999633789062,187.86019897460938,159.6199951171875,187.32000732421875,159.42999267578125,187.83999633789062,159.6199951171875,119019.0,50071.0
2024-09-17 13:39:00+00:00,187.64999389648438,159.79649353027344,187.64999389648438,159.79649353027344,187.82000732421875,159.80999755859375,187.41000366210938,159.5850067138672,187.5299072265625,159.60499572753906,101844.0,86728.0
2024-09-17 13:40:00+00:00,187.9600067138672,159.97000122070312,187.9600067138672,159.97000122070312,188.093994140625,160.0800018310547,187.5177001953125,159.8000030517578,187.66000366210938,159.8000030517578,78647.0,72706.0
2024-09-17 13:41:00+00:00,188.0800018310547,160.17999267578125,188.0800018310547,160.17999267578125,188.1199951171875,160.2100067138672,187.94000244140625,159.97000122070312,187.9600067138672,159.97000122070312,102267.0,61521.0
2024-09-17 13:42:00+00:00,187.8800048828125,160.1999969482422,187.8800048828125,160.1999969482422,188.1750030517578,160.27999877929688,187.82000732421875,160.16000366210938,188.0850067138672,160.19000244140625,105545.0,59817.0
2024-09-17 13:43:00+00:00,188.49000549316406,160.6300048828125,188.49000549316406,160.6300048828125,188.52999877929688,160.6378936767578,187.875,160.17599487304688,187.89999389648438,160.1999969482422,134473.0,97964.0
2024-09-17 13:44:00+00:00,188.4199981689453,160.6300048828125,188.4199981689453,160.6300048828125,188.86000061035156,160.78599548339844,188.25999450683594,160.6300048828125,188.4801025390625,160.63999938964844,260470.0,76457.0
2024-09-17 13:45:00+00:00,188.55499267578125,160.72000122070312,188.55499267578125,160.72000122070312,188.61270141601562,160.75,188.3800048828125,160.5800018310547,188.4149932861328,160.64500427246094,121112.0,99135.0
2024-09-17 13:46:00+00:00,188.6699981689453,160.7899932861328,188.6699981689453,160.7899932861328,188.77499389648438,160.80999755859375,188.47000122070312,160.63999938964844,188.55999755859375,160.72999572753906,83013.0,61320.0
2024-09-17 13:47:00+00:00,188.78199768066406,160.75,188.78199768066406,160.75,188.80999755859375,160.8800048828125,188.64010620117188,160.74000549316406,188.66000366210938,160.8000030517578,108690.0,55096.0
2024-09-17 13:48:00+00:00,188.4499053955078,160.72999572753906,188.4499053955078,160.72999572753906,188.8800048828125,160.80999755859375,188.3699951171875,160.67999267578125,188.77000427246094,160.75,107842.0,44337.0
2024-09-17 13:49:00+00:00,187.99440002441406,160.35499572753906,187.99440002441406,160.35499572753906,188.53469848632812,160.74000549316406,187.9600067138672,160.33009338378906,188.4499053955078,160.72000122070312,144600.0,50520.0
2024-09-17 13:50:00+00:00,187.81430053710938,160.4199981689453,187.81430053710938,160.4199981689453,188.00999450683594,160.4199981689453,187.65029907226562,160.2100067138672,187.99000549316406,160.38999938964844,121354.0,39075.0
2024-09-17 13:51:00+00:00,187.7010955810547,160.52650451660156,187.7010955810547,160.52650451660156,187.8800048828125,160.5500030517578,187.6999969482422,160.3424072265625,187.8000030517578,160.41000366210938,100935.0,27171.0
2024-09-17 13:52:00+00:00,188.03500366210938,160.63999938964844,188.03500366210938,160.63999938964844,188.03990173339844,160.63999938964844,187.5500030517578,160.50999450683594,187.7301025390625,160.52000427246094,161423.0,28868.0
2024-09-17 13:53:00+00:00,187.8686065673828,160.6699981689453,187.8686065673828,160.6699981689453,188.04989624023438,160.7100067138672,187.66000366210938,160.61000061035156,188.02999877929688,160.63999938964844,85290.0,46328.0
2024-09-17 13:54:00+00:00,187.97000122070312,160.51499938964844,187.97000122070312,160.51499938964844,188.0500030517578,160.6999969482422,187.66000366210938,160.50999450683594,187.8699951171875,160.6699981689453,91104.0,47475.0
2024-09-17 13:55:00+00:00,188.16000366210938,160.77999877929688,188.16000366210938,160.77999877929688,188.17990112304688,160.77999877929688,187.88999938964844,160.4499969482422,187.9600067138672,160.50999450683594,80108.0,60591.0
2024-09-17 13:57:00+00:00,188.02499389648438,160.69000244140625,188.02499389648438,160.69000244140625,188.04949951171875,160.74000549316406,187.9199981689453,160.62840270996094,187.9199981689453,160.7100067138672,145250.0,61566.0
2024-09-17 13:58:00+00:00,188.36630249023438,160.85000610351562,188.36630249023438,160.85000610351562,188.4149932861328,160.89999389648438,188.0679931640625,160.69000244140625,188.0679931640625,160.69000244140625,70594.0,34435.0
2024-09-17 13:59:00+00:00,188.33999633789062,160.69000244140625,188.33999633789062,160.69000244140625,188.47689819335938,160.8699951171875,188.3206024169922,160.68499755859375,188.36180114746094,160.85000610351562,74991.0,43136.0
2024-09-17 14:00:00+00:00,188.47000122070312,160.50509643554688,188.47000122070312,160.50509643554688,188.6199951171875,160.72000122070312,188.32000732421875,160.49000549316406,188.32000732421875,160.72000122070312,86371.0,42021.0
2024-09-17 14:01:00+00:00,188.52999877929688,160.5301055908203,188.52999877929688,160.5301055908203,188.60000610351562,160.59500122070312,188.38980102539062,160.4600067138672,188.47500610351562,160.48500061035156,62355.0,40145.0
2024-09-17 14:02:00+00:00,188.77999877929688,160.62820434570312,188.77999877929688,160.62820434570312,188.80499267578125,160.66000366210938,188.52000427246094,160.50999450683594,188.52999877929688,160.5399932861328,105165.0,27948.0
2024-09-17 14:03:00+00:00,188.72000122070312,160.60499572753906,188.72000122070312,160.60499572753906,188.7949981689453,160.61000061035156,188.6800994873047,160.4949951171875,188.77999877929688,160.61000061035156,78706.0,22318.0
2024-09-17 14:04:00+00:00,188.72999572753906,160.6925048828125,188.72999572753906,160.6925048828125,188.80999755859375,160.6999969482422,188.61000061035156,160.52000427246094,188.74000549316406,160.61000061035156,112537.0,33224.0
2024-09-17 14:05:00+00:00,188.66000366210938,160.60000610351562,188.66000366210938,160.60000610351562,188.78990173339844,160.7100067138672,188.5399932861328,160.60000610351562,188.6999969482422,160.67999267578125,110233.0,43312.0
2024-09-17 14:06:00+00:00,188.6750030517578,160.52999877929688,188.6750030517578,160.52999877929688,188.7299041748047,160.63999938964844,188.5800018310547,160.47000122070312,188.66000366210938,160.60000610351562,92479.0,59135.0
2024-09-17 14:07:00+00:00,188.80999755859375,160.6699981689453,188.80999755859375,160.6699981689453,188.85000610351562,160.6999969482422,188.5399932861328,160.52000427246094,188.6750030517578,160.5399932861328,116890.0,37083.0
2024-09-17 14:08:00+00:00,188.82080078125,160.72999572753906,188.82080078125,160.72999572753906,188.93899536132812,160.768798828125,188.75999450683594,160.63999938964844,188.82000732421875,160.67999267578125,128528.0,28290.0
2024-09-17 14:09:00+00:00,188.78500366210938,160.71539306640625,188.78500366210938,160.71539306640625,188.91000366210938,160.74000549316406,188.77000427246094,160.66000366210938,188.82000732421875,160.71499633789062,58084.0,23081.0
2024-09-17 14:10:00+00:00,188.85000610351562,160.88999938964844,188.85000610351562,160.88999938964844,188.86000061035156,160.88999938964844,188.52999877929688,160.61500549316406,188.75999450683594,160.72000122070312,89097.0,36035.0
2024-09-17 14:11:00+00:00,188.756103515625,160.7550048828125,188.756103515625,160.7550048828125,188.8699951171875,160.97000122070312,188.7449951171875,160.75010681152344,188.86000061035156,160.89999389648438,67000.0,39603.0
2024-09-17 14:12:00+00:00,188.69000244140625,160.8800048828125,188.69000244140625,160.8800048828125,188.87890625,160.9539031982422,188.69000244140625,160.74000549316406,188.75999450683594,160.75999450683594,63120.0,31649.0
2024-09-17 14:13:00+00:00,188.5,160.75,188.5,160.75,188.75,160.89999389648438,188.32000732421875,160.66009521484375,188.71499633789062,160.83999633789062,87512.0,34854.0
2024-09-17 14:14:00+00:00,188.61000061035156,160.72000122070312,188.61000061035156,160.72000122070312,188.7100067138672,160.88499450683594,188.50999450683594,160.72000122070312,188.52000427246094,160.78970336914062,58600.0,21764.0
2024-09-17 14:15:00+00:00,188.64999389648438,160.72999572753906,188.64999389648438,160.72999572753906,188.6699981689453,160.7899932861328,188.5399932861328,160.6699981689453,188.61000061035156,160.72999572753906,47956.0,25155.0
2024-09-17 14:16:00+00:00,188.6699981689453,160.80999755859375,188.6699981689453,160.80999755859375,188.67999267578125,160.8300018310547,188.5399932861328,160.6949005126953,188.63499450683594,160.72999572753906,42310.0,36704.0
2024-09-17 14:17:00+00:00,188.64500427246094,160.85000610351562,188.64500427246094,160.85000610351562,188.67999267578125,160.85000610351562,188.5500030517578,160.74000549316406,188.6356964111328,160.8000030517578,43107.0,49248.0
2024-09-17 14:18:00+00:00,188.58639526367188,160.86000061035156,188.58639526367188,160.86000061035156,188.72000122070312,160.94000244140625,188.5399932861328,160.8300018310547,188.6300048828125,160.83999633789062,39043.0,56475.0
2024-09-17 14:19:00+00:00,188.66439819335938,160.80499267578125,188.66439819335938,160.80499267578125,188.75,160.8800048828125,188.55990600585938,160.77000427246094,188.60000610351562,160.85000610351562,69125.0,48850.0
2024-09-17 14:20:00+00:00,188.4499969482422,160.5399932861328,188.4499969482422,160.5399932861328,188.6699981689453,160.86000061035156,188.3000030517578,160.49000549316406,188.6300048828125,160.80999755859375,55199.0,43510.0
2024-09-17 14:21:00+00:00,188.389892578125,160.5449981689453,188.389892578125,160.5449981689453,188.47000122070312,160.60000610351562,188.25999450683594,160.44000244140625,188.45150756835938,160.5399932861328,55087.0,33838.0
2024-09-17 14:22:00+00:00,188.26229858398438,160.3800048828125,188.26229858398438,160.3800048828125,188.43499755859375,160.6199951171875,188.1999969482422,160.3699951171875,188.36000061035156,160.52999877929688,67931.0,33022.0
2024-09-17 14:23:00+00:00,188.38999938964844,160.41000366210938,188.38999938964844,160.41000366210938,188.40499877929688,160.4600067138672,188.25010681152344,160.3699951171875,188.27999877929688,160.38999938964844,61977.0,35989.0
2024-09-17 14:24:00+00:00,188.39999389648438,160.47999572753906,188.39999389648438,160.47999572753906,188.4600067138672,160.50999450683594,188.36000061035156,160.38999938964844,188.3903045654297,160.38999938964844,52101.0,21137.0
2024-09-17 14:25:00+00:00,188.6199951171875,160.55999755859375,188.6199951171875,160.55999755859375,188.64999389648438,160.58200073242188,188.6199951171875,160.5500030517578,188.63999938964844,160.5500030517578,49716.0,40110.0
2024-09-17 14:26:00+00:00,188.65049743652344,160.69000244140625,188.65049743652344,160.69000244140625,188.6699981689453,160.7270050048828,188.55999755859375,160.5301055908203,188.61000061035156,160.55499267578125,29450.0,28584.0
2024-09-17 14:27:00+00:00,188.67140197753906,160.67999267578125,188.67140197753906,160.67999267578125,188.6999969482422,160.72000122070312,188.47000122070312,160.5500030517578,188.64999389648438,160.66000366210938,48595.0,29868.0
2024-09-17 14:28:00+00:00,188.69009399414062,160.67999267578125,188.69009399414062,160.67999267578125,188.73399353027344,160.74000549316406,188.64500427246094,160.58999633789062,188.6699981689453,160.66009521484375,39858.0,31450.0
2024-09-17 14:29:00+00:00,188.69000244140625,160.57020568847656,188.69000244140625,160.57020568847656,188.7100067138672,160.67999267578125,188.6580047607422,160.55999755859375,188.7100067138672,160.6699981689453,40304.0,23225.0
2024-09-17 14:30:00+00:00,188.61000061035156,160.52999877929688,188.61000061035156,160.52999877929688,188.7100067138672,160.64999389648438,188.61000061035156,160.52000427246094,188.67999267578125,160.60000610351562,40821.0,25830.0
2024-09-17 14:31:00+00:00,188.5601043701172,160.6300048828125,188.5601043701172,160.6300048828125,188.6199951171875,160.6300048828125,188.460693359375,160.38999938964844,188.60000610351562,160.50999450683594,64176.0,30920.0
2024-09-17 14:32:00+00:00,188.52999877929688,160.5500030517578,188.52999877929688,160.5500030517578,188.74000549316406,160.625,188.52999877929688,160.5500030517578,188.60000610351562,160.625,62708.0,30071.0
2024-09-17 14:33:00+00:00,188.46499633789062,160.55999755859375,188.46499633789062,160.55999755859375,188.61929321289062,160.6300048828125,188.27999877929688,160.5,188.52000427246094,160.61990356445312,59174.0,20862.0
2024-09-17 14:34:00+00:00,188.34849548339844,160.55999755859375,188.34849548339844,160.55999755859375,188.4770050048828,160.66000366210938,188.33999633789062,160.55999755859375,188.4499969482422,160.59010314941406,31777.0,22193.0
2024-09-17 14:35:00+00:00,188.52499389648438,160.50999450683594,188.52499389648438,160.50999450683594,188.5800018310547,160.58999633789062,188.31500244140625,160.50999450683594,188.31500244140625,160.5500030517578,60134.0,20340.0
2024-09-17 14:36:00+00:00,188.47000122070312,160.5,188.47000122070312,160.5,188.5399932861328,160.5500030517578,188.3101043701172,160.44000244140625,188.52999877929688,160.50999450683594,37783.0,26179.0
2024-09-17 14:37:00+00:00,188.61500549316406,160.63999938964844,188.61500549316406,160.63999938964844,188.6199951171875,160.63999938964844,188.44009399414062,160.47999572753906,188.44009399414062,160.47999572753906,61711.0,23869.0
2024-09-17 14:38:00+00:00,188.88999938964844,160.87680053710938,188.88999938964844,160.87680053710938,188.91839599609375,160.89999389648438,188.63800048828125,160.63999938964844,188.64999389648438,160.64500427246094,96253.0,48370.0
2024-09-17 14:39:00+00:00,188.97000122070312,160.9149932861328,188.97000122070312,160.9149932861328,188.9799041748047,160.94000244140625,188.8000030517578,160.83999633789062,188.91000366210938,160.8699951171875,75450.0,43134.0
2024-09-17 14:40:00+00:00,189.08999633789062,161.0500030517578,189.08999633789062,161.0500030517578,189.11000061035156,161.12989807128906,188.95339965820312,160.94000244140625,188.97000122070312,160.94000244140625,231255.0,72230.0
2024-09-17 14:41:00+00:00,189.08990478515625,161.09829711914062,189.08990478515625,161.09829711914062,189.1300048828125,161.11000061035156,189.0345001220703,161.00999450683594,189.08999633789062,161.0399932861328,57915.0,29370.0
2024-09-17 14:42:00+00:00,189.05999755859375,161.16000366210938,189.05999755859375,161.16000366210938,189.10000610351562,161.16000366210938,189.00999450683594,161.08999633789062,189.0998992919922,161.10000610351562,66545.0,30789.0
2024-09-17 14:43:00+00:00,189.08999633789062,161.25999450683594,189.08999633789062,161.25999450683594,189.10000610351562,161.27000427246094,189.02999877929688,161.16000366210938,189.05999755859375,161.16000366210938,54493.0,39524.0
2024-09-17 14:44:00+00:00,189.1999969482422,161.36509704589844,189.1999969482422,161.36509704589844,189.25999450683594,161.41000366210938,189.0800018310547,161.2550048828125,189.11000061035156,161.25999450683594,133940.0,36600.0
2024-09-17 14:45:00+00:00,189.3249969482422,161.41000366210938,189.3249969482422,161.41000366210938,189.4499969482422,161.5800018310547,189.1999969482422,161.38999938964844,189.1999969482422,161.38999938964844,152205.0,78150.0
2024-09-17 14:46:00+00:00,189.36749267578125,161.23080444335938,189.36749267578125,161.23080444335938,189.38999938964844,161.4040069580078,189.27999877929688,161.23080444335938,189.33999633789062,161.4040069580078,51813.0,30591.0
2024-09-17 14:47:00+00:00,189.0800018310547,161.26499938964844,189.0800018310547,161.26499938964844,189.40989685058594,161.32000732421875,189.07000732421875,161.22999572753906,189.36000061035156,161.24000549316406,72422.0,34859.0
2024-09-17 14:48:00+00:00,189.05999755859375,161.33999633789062,189.05999755859375,161.33999633789062,189.16000366210938,161.41000366210938,189.02000427246094,161.25999450683594,189.05999755859375,161.27000427246094,71553.0,34982.0
2024-09-17 14:49:00+00:00,189.07000732421875,161.3300018310547,189.07000732421875,161.3300018310547,189.14999389648438,161.3300018310547,189.0399932861328,161.27000427246094,189.10000610351562,161.3300018310547,67957.0,23445.0
2024-09-17 14:50:00+00:00,188.9199981689453,161.3000030517578,188.9199981689453,161.3000030517578,189.10000610351562,161.35690307617188,188.9199981689453,161.3000030517578,189.0800018310547,161.35000610351562,72590.0,18666.0
2024-09-17 14:51:00+00:00,188.75999450683594,161.14999389648438,188.75999450683594,161.14999389648438,188.91990661621094,161.30999755859375,188.72999572753906,161.14999389648438,188.9149932861328,161.30499267578125,95049.0,32287.0
2024-09-17 14:52:00+00:00,188.74000549316406,161.1750030517578,188.74000549316406,161.1750030517578,188.8300018310547,161.22999572753906,188.66690063476562,161.14999389648438,188.75559997558594,161.16000366210938,66096.0,32826.0
2024-09-17 14:53:00+00:00,188.80130004882812,161.1999969482422,188.80130004882812,161.1999969482422,188.86000061035156,161.22000122070312,188.75,161.13999938964844,188.75999450683594,161.1750030517578,43605.0,19739.0
2024-09-17 14:54:00+00:00,188.57000732421875,161.12010192871094,188.57000732421875,161.12010192871094,188.83999633789062,161.2449951171875,188.55999755859375,161.1199951171875,188.8350067138672,161.2050018310547,59437.0,23337.0
2024-09-17 14:55:00+00:00,188.52980041503906,161.14500427246094,188.52980041503906,161.14500427246094,188.6199951171875,161.16000366210938,188.47000122070312,161.0800018310547,188.60000610351562,161.1199951171875,42564.0,16148.0
2024-09-17 14:56:00+00:00,188.47999572753906,161.0699005126953,188.47999572753906,161.0699005126953,188.5399932861328,161.1300048828125,188.4499969482422,161.05999755859375,188.52000427246094,161.1197052001953,51923.0,19354.0
2024-09-17 14:57:00+00:00,188.5500030517578,160.97000122070312,188.5500030517578,160.97000122070312,188.6300048828125,161.07000732421875,188.42930603027344,160.97000122070312,188.47999572753906,161.07000732421875,68113.0,22123.0
2024-09-17 14:58:00+00:00,188.4199981689453,160.8800048828125,188.4199981689453,160.8800048828125,188.55999755859375,160.97000122070312,188.36000061035156,160.86000061035156,188.53160095214844,160.96499633789062,52311.0,21872.0
2024-09-17 14:59:00+00:00,188.36000061035156,160.7899932861328,188.36000061035156,160.7899932861328,188.39990234375,160.86000061035156,188.02999877929688,160.6999969482422,188.38999938964844,160.86000061035156,84079.0,35621.0
2024-09-17 15:00:00+00:00,188.26800537109375,160.7449951171875,188.26800537109375,160.7449951171875,188.38999938964844,160.83999633789062,188.16000366210938,160.6909942626953,188.3800048828125,160.82000732421875,48425.0,38398.0
2024-09-17 15:01:00+00:00,188.3300018310547,160.72000122070312,188.3300018310547,160.72000122070312,188.35499572753906,160.7550048828125,188.22999572753906,160.7100067138672,188.27499389648438,160.75,57277.0,15504.0
2024-09-17 15:02:00+00:00,188.4499969482422,160.8800048828125,188.4499969482422,160.8800048828125,188.47000122070312,160.8800048828125,188.30999755859375,160.7100067138672,188.3300018310547,160.7100067138672,54885.0,24160.0
2024-09-17 15:03:00+00:00,188.44500732421875,160.8800048828125,188.44500732421875,160.8800048828125,188.52000427246094,160.92999267578125,188.4300994873047,160.8800048828125,188.4600067138672,160.8800048828125,38762.0,13976.0
2024-09-17 15:04:00+00:00,188.10000610351562,160.7100067138672,188.10000610351562,160.7100067138672,188.25,160.71499633789062,188.0800018310547,160.6699981689453,188.25,160.71499633789062,56141.0,24352.0
2024-09-17 15:05:00+00:00,188.25,160.74000549316406,188.25,160.74000549316406,188.25,160.75,188.08999633789062,160.6999969482422,188.10000610351562,160.7100067138672,15716.0,14085.0
2024-09-17 15:06:00+00:00,188.14999389648438,160.66610717773438,188.14999389648438,160.66610717773438,188.25,160.74000549316406,188.10000610351562,160.6300048828125,188.18020629882812,160.67999267578125,56258.0,27456.0
2024-09-17 15:07:00+00:00,188.17999267578125,160.6439971923828,188.17999267578125,160.6439971923828,188.24000549316406,160.7100067138672,188.11000061035156,160.6439971923828,188.14500427246094,160.67999267578125,35847.0,9654.0
2024-09-17 15:08:00+00:00,188.2100067138672,160.69000244140625,188.2100067138672,160.69000244140625,188.23500061035156,160.7050018310547,188.11000061035156,160.63999938964844,188.1699981689453,160.64869689941406,34063.0,14363.0
2024-09-17 15:09:00+00:00,188.2550048828125,160.66000366210938,188.2550048828125,160.66000366210938,188.25999450683594,160.67999267578125,188.16000366210938,160.61000061035156,188.1999969482422,160.67999267578125,36860.0,13730.0
2024-09-17 15:11:00+00:00,188.39999389648438,160.61500549316406,188.39999389648438,160.61500549316406,188.44000244140625,160.64599609375,188.1999969482422,160.58999633789062,188.25999450683594,160.6199951171875,95182.0,39111.0
2024-09-17 15:12:00+00:00,188.30679321289062,160.50999450683594,188.30679321289062,160.50999450683594,188.42999267578125,160.62989807128906,188.3000946044922,160.50570678710938,188.4199981689453,160.625,43278.0,25067.0
2024-09-17 15:13:00+00:00,188.3300018310547,160.5800018310547,188.3300018310547,160.5800018310547,188.3800048828125,160.6199951171875,188.2949981689453,160.4949951171875,188.30999755859375,160.5050048828125,32370.0,29317.0
2024-09-17 15:14:00+00:00,188.3699951171875,160.6199951171875,188.3699951171875,160.6199951171875,188.4600067138672,160.66000366210938,188.27999877929688,160.52999877929688,188.33999633789062,160.5800018310547,47163.0,18742.0
2024-09-17 15:15:00+00:00,188.38499450683594,160.64999389648438,188.38499450683594,160.64999389648438,188.42930603027344,160.6699981689453,188.30999755859375,160.61000061035156,188.35000610351562,160.61000061035156,35937.0,16101.0
2024-09-17 15:16:00+00:00,188.4499969482422,160.72999572753906,188.4499969482422,160.72999572753906,188.47000122070312,160.75,188.36000061035156,160.64999389648438,188.39999389648438,160.66000366210938,42538.0,17702.0
2024-09-17 15:17:00+00:00,188.32989501953125,160.72000122070312,188.32989501953125,160.72000122070312,188.47000122070312,160.7550048828125,188.2100067138672,160.67999267578125,188.4499969482422,160.7100067138672,57815.0,16485.0
2024-09-17 15:18:00+00:00,188.30999755859375,160.74000549316406,188.30999755859375,160.74000549316406,188.36000061035156,160.74000549316406,188.27000427246094,160.6699981689453,188.35000610351562,160.71499633789062,52542.0,19332.0
2024-09-17 15:19:00+00:00,188.2449951171875,160.69000244140625,188.2449951171875,160.69000244140625,188.3300018310547,160.77999877929688,188.17999267578125,160.67999267578125,188.3000030517578,160.7449951171875,44074.0,13384.0
2024-09-17 15:20:00+00:00,188.0399932861328,160.55999755859375,188.0399932861328,160.55999755859375,188.25999450683594,160.67999267578125,188.02999877929688,160.55999755859375,188.2449951171875,160.67999267578125,59673.0,14660.0
2024-09-17 15:21:00+00:00,187.94970703125,160.51829528808594,187.94970703125,160.51829528808594,188.01499938964844,160.5399932861328,187.7899932861328,160.39999389648438,188.01499938964844,160.5399932861328,94652.0,28724.0
2024-09-17 15:22:00+00:00,188.02000427246094,160.38499450683594,188.02000427246094,160.38499450683594,188.10000610351562,160.54969787597656,187.9199981689453,160.33999633789062,187.92999267578125,160.50999450683594,63130.0,21177.0
2024-09-17 15:23:00+00:00,188.0399932861328,160.43499755859375,188.0399932861328,160.43499755859375,188.0500030517578,160.43499755859375,187.92999267578125,160.36000061035156,188.01019287109375,160.3699951171875,47897.0,13457.0
2024-09-17 15:24:00+00:00,188.1699981689453,160.5258026123047,188.1699981689453,160.5258026123047,188.2100067138672,160.5258026123047,188.0399932861328,160.42759704589844,188.0399932861328,160.43499755859375,39816.0,13438.0
2024-09-17 15:25:00+00:00,188.22999572753906,160.47999572753906,188.22999572753906,160.47999572753906,188.24000549316406,160.53500366210938,188.1699981689453,160.47000122070312,188.18499755859375,160.50999450683594,43090.0,8226.0
2024-09-17 15:26:00+00:00,188.1999969482422,160.43499755859375,188.1999969482422,160.43499755859375,188.27000427246094,160.47999572753906,188.13999938964844,160.41000366210938,188.24000549316406,160.47000122070312,39331.0,17697.0
2024-09-17 15:27:00+00:00,188.1219940185547,160.4199981689453,188.1219940185547,160.4199981689453,188.2050018310547,160.42999267578125,188.05999755859375,160.32000732421875,188.1999969482422,160.42999267578125,32008.0,16573.0
2024-09-17 15:28:00+00:00,188.13999938964844,160.3699951171875,188.13999938964844,160.3699951171875,188.17999267578125,160.47500610351562,188.02999877929688,160.32000732421875,188.13999938964844,160.44000244140625,29436.0,17276.0
2024-09-17 15:29:00+00:00,188.05999755859375,160.30999755859375,188.05999755859375,160.30999755859375,188.14999389648438,160.3800048828125,188.05999755859375,160.30999755859375,188.13999938964844,160.3800048828125,28170.0,8634.0
2024-09-17 15:30:00+00:00,188.05499267578125,160.2259979248047,188.05499267578125,160.2259979248047,188.1199951171875,160.30999755859375,188.0399932861328,160.2259979248047,188.0625,160.3000030517578,28407.0,15190.0
2024-09-17 15:31:00+00:00,188.10499572753906,160.24000549316406,188.10499572753906,160.24000549316406,188.1199951171875,160.25,188.0,160.1699981689453,188.0601043701172,160.22000122070312,44439.0,22965.0
2024-09-17 15:32:00+00:00,188.0399932861328,160.17999267578125,188.0399932861328,160.17999267578125,188.11000061035156,160.25,188.0399932861328,160.14999389648438,188.10000610351562,160.24000549316406,20521.0,16116.0
2024-09-17 15:33:00+00:00,188.02999877929688,160.10499572753906,188.02999877929688,160.10499572753906,188.0800018310547,160.14999389648438,187.97000122070312,160.08999633789062,188.0399932861328,160.14999389648438,27993.0,17183.0
2024-09-17 15:34:00+00:00,188.0500946044922,160.08999633789062,188.0500946044922,160.08999633789062,188.0850067138672,160.1199951171875,188.02999877929688,160.07000732421875,188.02999877929688,160.11500549316406,26124.0,40484.0
2024-09-17 15:35:00+00:00,188.1699981689453,160.11500549316406,188.1699981689453,160.11500549316406,188.19000244140625,160.1199951171875,188.02000427246094,160.07000732421875,188.07000732421875,160.08999633789062,42048.0,15386.0
2024-09-17 15:36:00+00:00,188.13999938964844,160.2198944091797,188.13999938964844,160.2198944091797,188.1699981689453,160.25,188.09500122070312,160.06849670410156,188.16000366210938,160.10000610351562,23009.0,13325.0
2024-09-17 15:37:00+00:00,188.0800018310547,160.22000122070312,188.0800018310547,160.22000122070312,188.14500427246094,160.25999450683594,188.0500030517578,160.1999969482422,188.13999938964844,160.2100067138672,22720.0,11757.0
2024-09-17 15:38:00+00:00,188.08470153808594,160.3699951171875,188.08470153808594,160.3699951171875,188.1300048828125,160.3699951171875,188.0283966064453,160.2100067138672,188.07000732421875,160.24000549316406,21494.0,22651.0
2024-09-17 15:39:00+00:00,188.14999389648438,160.40199279785156,188.14999389648438,160.40199279785156,188.1761016845703,160.4600067138672,188.0800018310547,160.3800048828125,188.0800018310547,160.38999938964844,28223.0,37848.0
2024-09-17 15:40:00+00:00,188.0800018310547,160.42999267578125,188.0800018310547,160.42999267578125,188.17999267578125,160.4499969482422,188.0279998779297,160.39999389648438,188.14999389648438,160.41000366210938,30001.0,17851.0
2024-09-17 15:41:00+00:00,188.07000732421875,160.42999267578125,188.07000732421875,160.42999267578125,188.11000061035156,160.4499969482422,188.03919982910156,160.39999389648438,188.09500122070312,160.4499969482422,23661.0,11094.0
2024-09-17 15:42:00+00:00,188.1300048828125,160.5189971923828,188.1300048828125,160.5189971923828,188.19000244140625,160.52999877929688,188.05499267578125,160.4499969482422,188.05999755859375,160.4499969482422,27745.0,16892.0
2024-09-17 15:43:00+00:00,188.0800018310547,160.5500030517578,188.0800018310547,160.5500030517578,188.13009643554688,160.58999633789062,188.0,160.47999572753906,188.13009643554688,160.5166015625,41118.0,30723.0
2024-09-17 15:44:00+00:00,188.1302032470703,160.62710571289062,188.1302032470703,160.62710571289062,188.17999267578125,160.64999389648438,188.07000732421875,160.57000732421875,188.0800018310547,160.57000732421875,23588.0,17015.0
2024-09-17 15:45:00+00:00,188.2332000732422,160.59689331054688,188.2332000732422,160.59689331054688,188.23500061035156,160.61000061035156,188.1199951171875,160.5500030517578,188.13499450683594,160.6074981689453,33808.0,15515.0
2024-09-17 15:46:00+00:00,188.3350067138672,160.64999389648438,188.3350067138672,160.64999389648438,188.35000610351562,160.67999267578125,188.22999572753906,160.58999633789062,188.24000549316406,160.59030151367188,42867.0,14616.0
2024-09-17 15:47:00+00:00,188.220703125,160.58999633789062,188.220703125,160.58999633789062,188.3657989501953,160.64500427246094,188.19419860839844,160.52999877929688,188.3300018310547,160.63999938964844,47172.0,14746.0
2024-09-17 15:48:00+00:00,188.0749969482422,160.6199951171875,188.0749969482422,160.6199951171875,188.26499938964844,160.63999938964844,188.07000732421875,160.60000610351562,188.22999572753906,160.61000061035156,40190.0,9502.0
2024-09-17 15:49:00+00:00,188.05999755859375,160.50999450683594,188.05999755859375,160.50999450683594,188.1199951171875,160.64019775390625,188.04010009765625,160.50999450683594,188.0699005126953,160.6300048828125,30783.0,21469.0
2024-09-17 15:50:00+00:00,188.23500061035156,160.55999755859375,188.23500061035156,160.55999755859375,188.24000549316406,160.55999755859375,188.0850067138672,160.52000427246094,188.0897979736328,160.52499389648438,17130.0,9933.0
2024-09-17 15:51:00+00:00,188.30999755859375,160.5590057373047,188.30999755859375,160.5590057373047,188.3197021484375,160.61500549316406,188.25,160.5399932861328,188.25,160.55999755859375,39325.0,14025.0
2024-09-17 15:52:00+00:00,188.31399536132812,160.58999633789062,188.31399536132812,160.58999633789062,188.3699951171875,160.60000610351562,188.3000030517578,160.53700256347656,188.3000030517578,160.5399932861328,28291.0,12739.0
2024-09-17 15:53:00+00:00,188.32000732421875,160.60000610351562,188.32000732421875,160.60000610351562,188.33999633789062,160.61000061035156,188.25999450683594,160.57000732421875,188.32000732421875,160.59500122070312,22931.0,8063.0
2024-09-17 15:54:00+00:00,188.27999877929688,160.52999877929688,188.27999877929688,160.52999877929688,188.32989501953125,160.61000061035156,188.23260498046875,160.52999877929688,188.32989501953125,160.60000610351562,17458.0,27380.0
2024-09-17 15:55:00+00:00,188.25999450683594,160.52999877929688,188.25999450683594,160.52999877929688,188.30499267578125,160.5449981689453,188.24000549316406,160.52000427246094,188.27999877929688,160.52999877929688,20000.0,8734.0
2024-09-17 15:56:00+00:00,188.32000732421875,160.57640075683594,188.32000732421875,160.57640075683594,188.32000732421875,160.57640075683594,188.22999572753906,160.5,188.24000549316406,160.50999450683594,30211.0,13500.0
2024-09-17 15:57:00+00:00,188.343505859375,160.625,188.343505859375,160.625,188.41000366210938,160.67999267578125,188.32000732421875,160.61000061035156,188.32000732421875,160.61000061035156,43048.0,14628.0
2024-09-17 15:58:00+00:00,188.4149932861328,160.67999267578125,188.4149932861328,160.67999267578125,188.4199981689453,160.67999267578125,188.34010314941406,160.61000061035156,188.35499572753906,160.61500549316406,26413.0,12527.0
2024-09-17 15:59:00+00:00,188.43499755859375,160.73989868164062,188.43499755859375,160.73989868164062,188.5,160.73989868164062,188.42999267578125,160.69000244140625,188.42999267578125,160.69700622558594,43388.0,15699.0
2024-09-17 16:00:00+00:00,188.47500610351562,160.7100067138672,188.47500610351562,160.7100067138672,188.50999450683594,160.74000549316406,188.41009521484375,160.69000244140625,188.43499755859375,160.72999572753906,30583.0,12490.0
2024-09-17 16:01:00+00:00,188.52000427246094,160.72000122070312,188.52000427246094,160.72000122070312,188.5366973876953,160.77000427246094,188.42190551757812,160.69000244140625,188.4600067138672,160.7050018310547,40351.0,12989.0
2024-09-17 16:02:00+00:00,188.50999450683594,160.6699981689453,188.50999450683594,160.6699981689453,188.5399932861328,160.7100067138672,188.47030639648438,160.66000366210938,188.52099609375,160.69500732421875,27644.0,13080.0
2024-09-17 16:03:00+00:00,188.47000122070312,160.68899536132812,188.47000122070312,160.68899536132812,188.52999877929688,160.6999969482422,188.4199981689453,160.6699981689453,188.50999450683594,160.67999267578125,32961.0,12309.0
2024-09-17 16:04:00+00:00,188.327392578125,160.5500030517578,188.327392578125,160.5500030517578,188.44000244140625,160.66000366210938,188.2899932861328,160.5399932861328,188.44000244140625,160.66000366210938,37932.0,14357.0
2024-09-17 16:05:00+00:00,188.36000061035156,160.625,188.36000061035156,160.625,188.44000244140625,160.66000366210938,188.32749938964844,160.55999755859375,188.32749938964844,160.55999755859375,24680.0,16825.0
2024-09-17 16:06:00+00:00,188.32000732421875,160.47000122070312,188.32000732421875,160.47000122070312,188.3800048828125,160.62669372558594,188.26199340820312,160.47000122070312,188.3699951171875,160.6199951171875,29548.0,9637.0
2024-09-17 16:07:00+00:00,188.39309692382812,160.46499633789062,188.39309692382812,160.46499633789062,188.4199981689453,160.51499938964844,188.3300018310547,160.4600067138672,188.3300018310547,160.47999572753906,19105.0,17230.0
2024-09-17 16:08:00+00:00,188.38999938964844,160.5399932861328,188.38999938964844,160.5399932861328,188.47000122070312,160.5800018310547,188.375,160.4600067138672,188.40499877929688,160.4600067138672,29575.0,18740.0
2024-09-17 16:09:00+00:00,188.3800048828125,160.50999450683594,188.3800048828125,160.50999450683594,188.43359375,160.57000732421875,188.36000061035156,160.5050048828125,188.41000366210938,160.56500244140625,21023.0,11617.0
2024-09-17 16:10:00+00:00,188.25,160.49009704589844,188.25,160.49009704589844,188.36500549316406,160.53990173339844,188.25,160.4499969482422,188.36000061035156,160.52999877929688,35786.0,16292.0
2024-09-17 16:11:00+00:00,188.24000549316406,160.47000122070312,188.24000549316406,160.47000122070312,188.3199005126953,160.529296875,188.24000549316406,160.47000122070312,188.2570037841797,160.5,24351.0,6680.0
2024-09-17 16:12:00+00:00,188.17599487304688,160.3699951171875,188.17599487304688,160.3699951171875,188.25999450683594,160.47000122070312,188.13499450683594,160.32000732421875,188.25,160.47000122070312,30962.0,16667.0
2024-09-17 16:13:00+00:00,188.22500610351562,160.38999938964844,188.22500610351562,160.38999938964844,188.2449951171875,160.41000366210938,188.16000366210938,160.35000610351562,188.17999267578125,160.38999938964844,18476.0,14367.0
2024-09-17 16:14:00+00:00,188.24850463867188,160.38999938964844,188.24850463867188,160.38999938964844,188.2899932861328,160.4499053955078,188.22000122070312,160.38999938964844,188.22500610351562,160.40499877929688,25034.0,9013.0
2024-09-17 16:15:00+00:00,188.0699005126953,160.30499267578125,188.0699005126953,160.30499267578125,188.1999969482422,160.34010314941406,188.02999877929688,160.25,188.1999969482422,160.3300018310547,28994.0,13599.0
2024-09-17 16:16:00+00:00,188.0399932861328,160.25999450683594,188.0399932861328,160.25999450683594,188.07000732421875,160.3000030517578,187.89999389648438,160.22999572753906,188.07000732421875,160.3000030517578,35714.0,14449.0
2024-09-17 16:17:00+00:00,187.91000366210938,160.2928924560547,187.91000366210938,160.2928924560547,188.0800018310547,160.33999633789062,187.8800048828125,160.28500366210938,188.0399932861328,160.2899932861328,41820.0,9879.0
2024-09-17 16:18:00+00:00,187.6699981689453,160.1699981689453,187.6699981689453,160.1699981689453,187.9199981689453,160.3000030517578,187.5800018310547,160.13999938964844,187.91000366210938,160.3000030517578,73837.0,46143.0
2024-09-17 16:19:00+00:00,187.6999969482422,160.13999938964844,187.6999969482422,160.13999938964844,187.75999450683594,160.22999572753906,187.63999938964844,160.1300048828125,187.6699981689453,160.1699981689453,42482.0,32983.0
2024-09-17 16:20:00+00:00,187.4499969482422,160.09800720214844,187.4499969482422,160.09800720214844,187.69500732421875,160.14999389648438,187.4149932861328,159.99989318847656,187.69500732421875,160.13909912109375,73747.0,60197.0
2024-09-17 16:21:00+00:00,187.47000122070312,160.0800018310547,187.47000122070312,160.0800018310547,187.5500030517578,160.1300048828125,187.45730590820312,160.0500030517578,187.45730590820312,160.11000061035156,28569.0,21510.0
2024-09-17 16:22:00+00:00,187.30999755859375,159.93499755859375,187.30999755859375,159.93499755859375,187.49000549316406,160.08799743652344,187.2899932861328,159.91000366210938,187.49000549316406,160.08799743652344,46985.0,33152.0
2024-09-17 16:23:00+00:00,187.0399932861328,159.67999267578125,187.0399932861328,159.67999267578125,187.30499267578125,159.92999267578125,186.99000549316406,159.66000366210938,187.30499267578125,159.92999267578125,97108.0,38259.0
2024-09-17 16:24:00+00:00,187.2100067138672,159.8800048828125,187.2100067138672,159.8800048828125,187.22999572753906,159.8800048828125,187.0,159.66090393066406,187.0355987548828,159.67979431152344,52077.0,25098.0
2024-09-17 16:25:00+00:00,187.3350067138672,160.00999450683594,187.3350067138672,160.00999450683594,187.4199981689453,160.05999755859375,187.1885986328125,159.89999389648438,187.22000122070312,159.91000366210938,68217.0,22064.0
2024-09-17 16:26:00+00:00,187.0601043701172,159.80999755859375,187.0601043701172,159.80999755859375,187.3300018310547,160.0,187.0,159.77999877929688,187.3300018310547,160.0,39364.0,13721.0
2024-09-17 16:27:00+00:00,187.27999877929688,159.94500732421875,187.27999877929688,159.94500732421875,187.2899932861328,159.94500732421875,186.9600067138672,159.74000549316406,187.0399932861328,159.8000030517578,44848.0,24766.0
2024-09-17 16:28:00+00:00,187.35000610351562,159.94000244140625,187.35000610351562,159.94000244140625,187.3699951171875,159.97000122070312,187.25010681152344,159.9199981689453,187.2899932861328,159.97000122070312,39508.0,15955.0
2024-09-17 16:29:00+00:00,187.4600067138672,160.0399932861328,187.4600067138672,160.0399932861328,187.4600067138672,160.05999755859375,187.3350067138672,159.9250030517578,187.35000610351562,159.94000244140625,24317.0,15773.0
2024-09-17 16:30:00+00:00,187.25270080566406,159.97000122070312,187.25270080566406,159.97000122070312,187.4600067138672,160.0399932861328,187.17999267578125,159.94000244140625,187.4600067138672,160.0399932861328,37255.0,23832.0
2024-09-17 16:31:00+00:00,187.40499877929688,160.1199951171875,187.40499877929688,160.1199951171875,187.4199981689453,160.1300048828125,187.17999267578125,159.92999267578125,187.21499633789062,159.97000122070312,16494.0,18208.0
2024-09-17 16:32:00+00:00,187.36500549316406,160.12550354003906,187.36500549316406,160.12550354003906,187.43499755859375,160.1699981689453,187.33200073242188,160.08799743652344,187.4040069580078,160.1300048828125,28906.0,11037.0
2024-09-17 16:33:00+00:00,187.33999633789062,160.1199951171875,187.33999633789062,160.1199951171875,187.41000366210938,160.16900634765625,187.2729034423828,160.0800018310547,187.38499450683594,160.13999938964844,22903.0,10640.0
2024-09-17 16:34:00+00:00,187.19259643554688,160.05999755859375,187.19259643554688,160.05999755859375,187.36709594726562,160.13999938964844,187.1699981689453,160.05499267578125,187.34779357910156,160.10499572753906,25857.0,8035.0
2024-09-17 16:35:00+00:00,187.25999450683594,160.14999389648438,187.25999450683594,160.14999389648438,187.3957977294922,160.24009704589844,187.1999969482422,160.06500244140625,187.1999969482422,160.06500244140625,22509.0,13646.0
2024-09-17 16:36:00+00:00,187.2449951171875,160.08999633789062,187.2449951171875,160.08999633789062,187.27999877929688,160.16000366210938,187.14999389648438,160.02999877929688,187.25,160.10000610351562,28063.0,14818.0
2024-09-17 16:37:00+00:00,187.14999389648438,160.08999633789062,187.14999389648438,160.08999633789062,187.24349975585938,160.08999633789062,187.13999938964844,160.07000732421875,187.22999572753906,160.07000732421875,18788.0,4632.0
2024-09-17 16:38:00+00:00,187.24000549316406,160.07000732421875,187.24000549316406,160.07000732421875,187.24000549316406,160.10000610351562,187.03500366210938,160.01060485839844,187.1699981689453,160.0850067138672,24706.0,9240.0
2024-09-17 16:39:00+00:00,187.22720336914062,160.06500244140625,187.22720336914062,160.06500244140625,187.27000427246094,160.08999633789062,187.125,160.02000427246094,187.25,160.08999633789062,18485.0,8448.0
2024-09-17 16:40:00+00:00,187.16000366210938,160.0,187.16000366210938,160.0,187.27499389648438,160.1199951171875,187.13999938964844,160.0,187.2100067138672,160.05999755859375,27333.0,8461.0
2024-09-17 16:41:00+00:00,187.02999877929688,159.9499969482422,187.02999877929688,159.9499969482422,187.13999938964844,160.0399932861328,186.97999572753906,159.89999389648438,187.13999938964844,160.0,36593.0,11383.0
2024-09-17 16:42:00+00:00,187.01499938964844,159.89999389648438,187.01499938964844,159.89999389648438,187.0572967529297,159.95069885253906,186.9600067138672,159.89999389648438,187.00999450683594,159.94000244140625,26886.0,10722.0
2024-09-17 16:43:00+00:00,186.72999572753906,159.8000030517578,186.72999572753906,159.8000030517578,187.01499938964844,159.9199981689453,186.72999572753906,159.77999877929688,187.01499938964844,159.91000366210938,53941.0,15199.0
2024-09-17 16:44:00+00:00,186.8249969482422,159.80999755859375,186.8249969482422,159.80999755859375,186.85499572753906,159.86000061035156,186.72999572753906,159.7899932861328,186.7449951171875,159.7899932861328,35826.0,9770.0
2024-09-17 16:45:00+00:00,186.87510681152344,159.86790466308594,186.87510681152344,159.86790466308594,186.9199981689453,159.8699951171875,186.75999450683594,159.72999572753906,186.83990478515625,159.80999755859375,44924.0,16023.0
2024-09-17 16:46:00+00:00,186.8979949951172,159.83999633789062,186.8979949951172,159.83999633789062,186.94000244140625,159.8699951171875,186.7899932861328,159.80999755859375,186.860107421875,159.8699951171875,57063.0,8441.0
2024-09-17 16:47:00+00:00,186.6300048828125,159.69000244140625,186.6300048828125,159.69000244140625,186.92999267578125,159.86000061035156,186.59109497070312,159.69000244140625,186.91600036621094,159.86000061035156,38287.0,8314.0
2024-09-17 16:48:00+00:00,186.4499969482422,159.64999389648438,186.4499969482422,159.64999389648438,186.7899932861328,159.8300018310547,186.4499969482422,159.64999389648438,186.63999938964844,159.69000244140625,54625.0,21325.0
2024-09-17 16:49:00+00:00,186.4468994140625,159.6123046875,186.4468994140625,159.6123046875,186.5,159.6999969482422,186.25,159.5,186.4600067138672,159.63999938964844,76101.0,31519.0
2024-09-17 16:50:00+00:00,186.41000366210938,159.55999755859375,186.41000366210938,159.55999755859375,186.47000122070312,159.64010620117188,186.19000244140625,159.5050048828125,186.4550018310547,159.6199951171875,47122.0,22726.0
2024-09-17 16:51:00+00:00,186.55999755859375,159.5449981689453,186.55999755859375,159.5449981689453,186.6699981689453,159.66000366210938,186.37010192871094,159.5399932861328,186.38999938964844,159.5500030517578,91243.0,16819.0
2024-09-17 16:52:00+00:00,186.6699981689453,159.6300048828125,186.6699981689453,159.6300048828125,186.6699981689453,159.6300048828125,186.5500030517578,159.52999877929688,186.57000732421875,159.5500030517578,37629.0,32529.0
2024-09-17 16:53:00+00:00,186.86000061035156,159.74000549316406,186.86000061035156,159.74000549316406,186.92999267578125,159.7534942626953,186.6999969482422,159.64999389648438,186.6999969482422,159.64999389648438,65377.0,12201.0
2024-09-17 16:54:00+00:00,186.92999267578125,159.75,186.92999267578125,159.75,186.97999572753906,159.8300018310547,186.83999633789062,159.72000122070312,186.86500549316406,159.7449951171875,28985.0,13376.0
2024-09-17 16:55:00+00:00,187.0601043701172,159.82000732421875,187.0601043701172,159.82000732421875,187.09500122070312,159.83160400390625,186.9199981689453,159.77000427246094,186.93499755859375,159.77999877929688,43255.0,9976.0
2024-09-17 16:56:00+00:00,187.08999633789062,159.8249969482422,187.08999633789062,159.8249969482422,187.1300048828125,159.8699951171875,186.98500061035156,159.77499389648438,187.07000732421875,159.8249969482422,51506.0,12426.0
2024-09-17 16:57:00+00:00,187.11000061035156,159.82000732421875,187.11000061035156,159.82000732421875,187.16000366210938,159.89999389648438,187.0102996826172,159.82000732421875,187.1300048828125,159.83999633789062,34667.0,20105.0
2024-09-17 16:58:00+00:00,186.97999572753906,159.67999267578125,186.97999572753906,159.67999267578125,187.11000061035156,159.8300018310547,186.97999572753906,159.64999389648438,187.10260009765625,159.8300018310547,42401.0,14229.0
2024-09-17 16:59:00+00:00,186.9499969482422,159.6300048828125,186.9499969482422,159.6300048828125,187.0399932861328,159.7100067138672,186.72999572753906,159.4886016845703,187.00010681152344,159.64999389648438,52795.0,24736.0
2024-09-17 17:00:00+00:00,187.05999755859375,159.6331024169922,187.05999755859375,159.6331024169922,187.1300048828125,159.69320678710938,186.92999267578125,159.5500030517578,186.95579528808594,159.61000061035156,42963.0,16377.0
2024-09-17 17:01:00+00:00,187.13999938964844,159.63999938964844,187.13999938964844,159.63999938964844,187.13999938964844,159.72000122070312,187.00999450683594,159.60000610351562,187.0500030517578,159.64999389648438,33190.0,15156.0
2024-09-17 17:02:00+00:00,186.91000366210938,159.60000610351562,186.91000366210938,159.60000610351562,187.14999389648438,159.72999572753906,186.88819885253906,159.52000427246094,187.1300048828125,159.71499633789062,41976.0,20059.0
2024-09-17 17:03:00+00:00,186.8800048828125,159.5565948486328,186.8800048828125,159.5565948486328,186.97000122070312,159.64999389648438,186.86000061035156,159.5565948486328,186.9113006591797,159.58999633789062,19137.0,6807.0
2024-09-17 17:04:00+00:00,186.8699951171875,159.5399932861328,186.8699951171875,159.5399932861328,186.88999938964844,159.5800018310547,186.8300018310547,159.5,186.86000061035156,159.55490112304688,20652.0,8683.0
2024-09-17 17:05:00+00:00,186.92010498046875,159.60000610351562,186.92010498046875,159.60000610351562,186.9499969482422,159.61000061035156,186.82000732421875,159.5399932861328,186.8800048828125,159.55999755859375,31910.0,10753.0
2024-09-17 17:06:00+00:00,186.83999633789062,159.54010009765625,186.83999633789062,159.54010009765625,186.9600067138672,159.6300048828125,186.77000427246094,159.5399932861328,186.9199981689453,159.60800170898438,37024.0,11072.0
2024-09-17 17:07:00+00:00,186.88499450683594,159.5800018310547,186.88499450683594,159.5800018310547,186.88499450683594,159.5800018310547,186.75100708007812,159.50999450683594,186.85000610351562,159.57000732421875,27117.0,10854.0
2024-09-17 17:08:00+00:00,186.85499572753906,159.6199951171875,186.85499572753906,159.6199951171875,186.89999389648438,159.6300048828125,186.81500244140625,159.55999755859375,186.83999633789062,159.55999755859375,22531.0,11158.0
2024-09-17 17:09:00+00:00,186.8249969482422,159.58999633789062,186.8249969482422,159.58999633789062,186.89990234375,159.64999389648438,186.8000030517578,159.57000732421875,186.85000610351562,159.6280059814453,14045.0,5955.0
2024-09-17 17:10:00+00:00,186.77499389648438,159.5800018310547,186.77499389648438,159.5800018310547,186.93370056152344,159.6999969482422,186.77499389648438,159.5800018310547,186.8249969482422,159.59500122070312,30030.0,15322.0
2024-09-17 17:11:00+00:00,186.70799255371094,159.47000122070312,186.70799255371094,159.47000122070312,186.77000427246094,159.55999755859375,186.61500549316406,159.47000122070312,186.77000427246094,159.55999755859375,27477.0,15716.0
2024-09-17 17:12:00+00:00,186.75,159.50999450683594,186.75,159.50999450683594,186.8300018310547,159.50999450683594,186.68499755859375,159.4700927734375,186.7100067138672,159.49000549316406,33948.0,8893.0
2024-09-17 17:13:00+00:00,186.86000061035156,159.6199951171875,186.86000061035156,159.6199951171875,186.86000061035156,159.6199951171875,186.58999633789062,159.4499969482422,186.7449951171875,159.49000549316406,38751.0,27099.0
2024-09-17 17:14:00+00:00,186.77999877929688,159.60000610351562,186.77999877929688,159.60000610351562,186.86000061035156,159.6298065185547,186.72999572753906,159.52999877929688,186.85989379882812,159.61050415039062,30224.0,8137.0
2024-09-17 17:15:00+00:00,186.64999389648438,159.5399932861328,186.64999389648438,159.5399932861328,186.80999755859375,159.61000061035156,186.63999938964844,159.5399932861328,186.7899932861328,159.60000610351562,30473.0,12457.0
2024-09-17 17:16:00+00:00,186.75650024414062,159.69000244140625,186.75650024414062,159.69000244140625,186.80999755859375,159.69000244140625,186.61500549316406,159.52000427246094,186.64999389648438,159.52999877929688,44940.0,11628.0
2024-09-17 17:17:00+00:00,186.7899932861328,159.6300048828125,186.7899932861328,159.6300048828125,186.79989624023438,159.6999969482422,186.6988067626953,159.59849548339844,186.77630615234375,159.69000244140625,17553.0,20765.0
2024-09-17 17:18:00+00:00,186.77499389648438,159.66000366210938,186.77499389648438,159.66000366210938,186.81500244140625,159.6999969482422,186.7301025390625,159.6199951171875,186.7899932861328,159.66000366210938,14421.0,8306.0
2024-09-17 17:19:00+00:00,186.8800048828125,159.6999969482422,186.8800048828125,159.6999969482422,186.8800048828125,159.7205047607422,186.78500366210938,159.65499877929688,186.78500366210938,159.65899658203125,17867.0,9906.0
2024-09-17 17:20:00+00:00,186.92010498046875,159.72999572753906,186.92010498046875,159.72999572753906,186.97999572753906,159.75999450683594,186.9008026123047,159.72999572753906,186.9008026123047,159.72999572753906,42029.0,7752.0
2024-09-17 17:21:00+00:00,186.9250030517578,159.76840209960938,186.9250030517578,159.76840209960938,186.94000244140625,159.76840209960938,186.9199981689453,159.76840209960938,186.93499755859375,159.76840209960938,21337.0,6036.0
2024-09-17 17:22:00+00:00,186.9149932861328,159.77000427246094,186.9149932861328,159.77000427246094,187.0,159.7989044189453,186.86000061035156,159.74000549316406,186.92010498046875,159.77999877929688,42930.0,8872.0
2024-09-17 17:23:00+00:00,186.91000366210938,159.89999389648438,186.91000366210938,159.89999389648438,187.0,159.89999389648438,186.88999938964844,159.77499389648438,186.89999389648438,159.77499389648438,21936.0,11199.0
2024-09-17 17:24:00+00:00,186.97999572753906,159.9199981689453,186.97999572753906,159.9199981689453,187.0399932861328,159.96499633789062,186.9149932861328,159.89999389648438,186.9199981689453,159.89999389648438,32379.0,19363.0
2024-09-17 17:25:00+00:00,186.9199981689453,159.80999755859375,186.9199981689453,159.80999755859375,187.0,159.91000366210938,186.9199981689453,159.80999755859375,186.99000549316406,159.91000366210938,30329.0,11822.0
2024-09-17 17:26:00+00:00,186.99000549316406,159.92999267578125,186.99000549316406,159.92999267578125,187.00999450683594,159.94009399414062,186.92999267578125,159.8249969482422,186.9499969482422,159.8249969482422,19868.0,10159.0
2024-09-17 17:27:00+00:00,187.02000427246094,159.9499969482422,187.02000427246094,159.9499969482422,187.05999755859375,160.0,186.96499633789062,159.90989685058594,186.9965057373047,159.94000244140625,20032.0,11636.0
2024-09-17 17:28:00+00:00,186.96499633789062,159.9550018310547,186.96499633789062,159.9550018310547,187.01690673828125,159.96499633789062,186.94000244140625,159.89999389648438,187.0,159.96499633789062,26384.0,11833.0
2024-09-17 17:29:00+00:00,186.97000122070312,159.97000122070312,186.97000122070312,159.97000122070312,187.0,159.97999572753906,186.9499969482422,159.9499969482422,186.97140502929688,159.9600067138672,17442.0,5997.0
2024-09-17 17:30:00+00:00,187.08999633789062,160.0800018310547,187.08999633789062,160.0800018310547,187.08999633789062,160.0800018310547,186.9232940673828,159.92999267578125,186.9600067138672,159.95700073242188,24768.0,13671.0
2024-09-17 17:31:00+00:00,187.0800018310547,160.07000732421875,187.0800018310547,160.07000732421875,187.14990234375,160.10000610351562,187.0500946044922,160.0500030517578,187.08200073242188,160.0800018310547,33531.0,13416.0
2024-09-17 17:32:00+00:00,186.9499969482422,159.97999572753906,186.9499969482422,159.97999572753906,187.08999633789062,160.08999633789062,186.93499755859375,159.97999572753906,187.08999633789062,160.0800018310547,31056.0,16891.0
2024-09-17 17:33:00+00:00,186.9199981689453,159.94000244140625,186.9199981689453,159.94000244140625,186.97999572753906,160.0,186.91000366210938,159.94000244140625,186.9499969482422,159.9705047607422,25036.0,14659.0
2024-09-17 17:34:00+00:00,186.75489807128906,159.8699951171875,186.75489807128906,159.8699951171875,187.0,159.99000549316406,186.72999572753906,159.86000061035156,186.9199981689453,159.9600067138672,21510.0,15416.0
2024-09-17 17:35:00+00:00,186.89540100097656,159.89999389648438,186.89540100097656,159.89999389648438,186.92999267578125,159.92999267578125,186.77000427246094,159.8699951171875,186.77000427246094,159.89999389648438,28381.0,9710.0
2024-09-17 17:36:00+00:00,187.0,159.91000366210938,187.0,159.91000366210938,187.00999450683594,159.9600067138672,186.88999938964844,159.89999389648438,186.88999938964844,159.92999267578125,23082.0,10099.0
2024-09-17 17:37:00+00:00,187.0406951904297,160.0,187.0406951904297,160.0,187.05999755859375,160.0,186.96400451660156,159.94000244140625,186.9949951171875,159.94000244140625,33380.0,11512.0
2024-09-17 17:38:00+00:00,187.02000427246094,159.9199981689453,187.02000427246094,159.9199981689453,187.07000732421875,159.97000122070312,187.00999450683594,159.89999389648438,187.07000732421875,159.97000122070312,23507.0,9113.0
2024-09-17 17:39:00+00:00,186.94000244140625,159.9199981689453,186.94000244140625,159.9199981689453,187.07000732421875,159.9600067138672,186.9290008544922,159.89999389648438,187.05990600585938,159.94239807128906,16612.0,8006.0
2024-09-17 17:40:00+00:00,186.74000549316406,159.8300018310547,186.74000549316406,159.8300018310547,186.93499755859375,159.92999267578125,186.7100067138672,159.77999877929688,186.9199981689453,159.92999267578125,27184.0,16708.0
2024-09-17 17:41:00+00:00,186.75999450683594,159.82000732421875,186.75999450683594,159.82000732421875,186.7899932861328,159.83999633789062,186.6300048828125,159.75999450683594,186.72500610351562,159.82000732421875,19065.0,8195.0
2024-09-17 17:42:00+00:00,186.6573944091797,159.71640014648438,186.6573944091797,159.71640014648438,186.7899932861328,159.8300018310547,186.6300048828125,159.6999969482422,186.76499938964844,159.80999755859375,38094.0,8399.0
2024-09-17 17:43:00+00:00,186.6300048828125,159.66000366210938,186.6300048828125,159.66000366210938,186.64999389648438,159.67999267578125,186.44189453125,159.58999633789062,186.64999389648438,159.67999267578125,38296.0,11546.0
2024-09-17 17:44:00+00:00,186.52999877929688,159.6300048828125,186.52999877929688,159.6300048828125,186.61000061035156,159.6699981689453,186.52999877929688,159.6300048828125,186.61000061035156,159.64999389648438,22945.0,11668.0
2024-09-17 17:45:00+00:00,186.28500366210938,159.51559448242188,186.28500366210938,159.51559448242188,186.5399932861328,159.6300048828125,186.13999938964844,159.41000366210938,186.5399932861328,159.6300048828125,42662.0,40441.0
2024-09-17 17:46:00+00:00,186.4199981689453,159.6479949951172,186.4199981689453,159.6479949951172,186.4600067138672,159.6699981689453,186.30999755859375,159.49000549316406,186.30999755859375,159.5,35259.0,20616.0
2024-09-17 17:47:00+00:00,186.5157012939453,159.72000122070312,186.5157012939453,159.72000122070312,186.55999755859375,159.72799682617188,186.42010498046875,159.66000366210938,186.44000244140625,159.67999267578125,29430.0,15406.0
2024-09-17 17:48:00+00:00,186.572998046875,159.86500549316406,186.572998046875,159.86500549316406,186.69000244140625,159.91000366210938,186.5,159.7100067138672,186.52000427246094,159.72000122070312,32666.0,16831.0
2024-09-17 17:49:00+00:00,186.7899932861328,159.9875946044922,186.7899932861328,159.9875946044922,186.80999755859375,159.99000549316406,186.6020050048828,159.8778076171875,186.61000061035156,159.8778076171875,84958.0,9820.0
2024-09-17 17:50:00+00:00,186.91000366210938,160.0500030517578,186.91000366210938,160.0500030517578,186.91000366210938,160.05999755859375,186.72999572753906,159.97000122070312,186.7519989013672,159.97000122070312,27454.0,72892.0
2024-09-17 17:51:00+00:00,187.00999450683594,160.1300048828125,187.00999450683594,160.1300048828125,187.0500030517578,160.16000366210938,186.90890502929688,160.0543975830078,186.9149932861328,160.05999755859375,39341.0,27588.0
2024-09-17 17:52:00+00:00,186.85279846191406,160.14100646972656,186.85279846191406,160.14100646972656,187.02000427246094,160.22000122070312,186.85279846191406,160.1300048828125,187.0,160.1999969482422,29425.0,16462.0
2024-09-17 17:53:00+00:00,186.9600067138672,160.1999969482422,186.9600067138672,160.1999969482422,187.02999877929688,160.24000549316406,186.85899353027344,160.13999938964844,186.87399291992188,160.14999389648438,26638.0,13889.0
2024-09-17 17:54:00+00:00,186.95399475097656,160.17999267578125,186.95399475097656,160.17999267578125,186.97999572753906,160.24049377441406,186.92999267578125,160.17999267578125,186.9425048828125,160.1999969482422,30102.0,16371.0
2024-09-17 17:55:00+00:00,186.94000244140625,160.19500732421875,186.94000244140625,160.19500732421875,186.9600067138672,160.22000122070312,186.8887939453125,160.16000366210938,186.9499969482422,160.17999267578125,26981.0,12056.0
2024-09-17 17:56:00+00:00,186.85450744628906,160.22999572753906,186.85450744628906,160.22999572753906,186.9499969482422,160.22999572753906,186.8000030517578,160.17999267578125,186.93499755859375,160.20750427246094,32746.0,12647.0
2024-09-17 17:57:00+00:00,186.77999877929688,160.1999969482422,186.77999877929688,160.1999969482422,186.8800048828125,160.25,186.72000122070312,160.1699981689453,186.85000610351562,160.22999572753906,26819.0,13721.0
2024-09-17 17:58:00+00:00,186.7519989013672,160.1699981689453,186.7519989013672,160.1699981689453,186.7949981689453,160.22999572753906,186.6999969482422,160.13999938964844,186.77000427246094,160.22999572753906,32314.0,10675.0
2024-09-17 17:59:00+00:00,186.8415985107422,160.2050018310547,186.8415985107422,160.2050018310547,186.8415985107422,160.24000549316406,186.73680114746094,160.17010498046875,186.73680114746094,160.17010498046875,20505.0,8464.0
2024-09-17 18:00:00+00:00,186.9600067138672,160.30999755859375,186.9600067138672,160.30999755859375,186.9600067138672,160.3300018310547,186.75,160.1699981689453,186.8300018310547,160.2100067138672,23511.0,19621.0
2024-09-17 18:01:00+00:00,186.97999572753906,160.3072052001953,186.97999572753906,160.3072052001953,186.97999572753906,160.30999755859375,186.86000061035156,160.25999450683594,186.97999572753906,160.3000030517578,19958.0,8478.0
2024-09-17 18:02:00+00:00,186.9178009033203,160.24200439453125,186.9178009033203,160.24200439453125,186.99000549316406,160.30990600585938,186.8905029296875,160.22999572753906,186.99000549316406,160.3000030517578,14477.0,14287.0
2024-09-17 18:03:00+00:00,186.9550018310547,160.2458038330078,186.9550018310547,160.2458038330078,187.0,160.28909301757812,186.9199981689453,160.22999572753906,186.9250030517578,160.2449951171875,30505.0,8402.0
2024-09-17 18:04:00+00:00,186.9499969482422,160.25,186.9499969482422,160.25,187.0,160.27000427246094,186.8800048828125,160.1999969482422,186.94000244140625,160.2449951171875,28073.0,13018.0
2024-09-17 18:05:00+00:00,186.97000122070312,160.28500366210938,186.97000122070312,160.28500366210938,186.99000549316406,160.28500366210938,186.85499572753906,160.22000122070312,186.9499969482422,160.25100708007812,18404.0,7555.0
2024-09-17 18:06:00+00:00,186.94000244140625,160.24000549316406,186.94000244140625,160.24000549316406,187.0,160.2899932861328,186.92709350585938,160.2362060546875,186.99000549316406,160.27000427246094,22318.0,18504.0
2024-09-17 18:07:00+00:00,186.92999267578125,160.21499633789062,186.92999267578125,160.21499633789062,186.99000549316406,160.25999450683594,186.88999938964844,160.2100067138672,186.92999267578125,160.25999450683594,18414.0,7434.0
2024-09-17 18:08:00+00:00,186.9600067138672,160.1999969482422,186.9600067138672,160.1999969482422,186.9949951171875,160.22999572753906,186.9029998779297,160.17880249023438,186.9250030517578,160.2050018310547,17543.0,11211.0
2024-09-17 18:09:00+00:00,187.0384979248047,160.25,187.0384979248047,160.25,187.0800018310547,160.3000030517578,186.94500732421875,160.2100067138672,186.94500732421875,160.2100067138672,25472.0,13472.0
2024-09-17 18:10:00+00:00,186.9550018310547,160.24000549316406,186.9550018310547,160.24000549316406,187.03500366210938,160.2949981689453,186.9199981689453,160.24000549316406,187.02000427246094,160.2949981689453,18864.0,6340.0
2024-09-17 18:11:00+00:00,186.97000122070312,160.2364959716797,186.97000122070312,160.2364959716797,187.00990295410156,160.26499938964844,186.9250030517578,160.21009826660156,186.95179748535156,160.23500061035156,15286.0,6603.0
2024-09-17 18:12:00+00:00,186.89999389648438,160.2100067138672,186.89999389648438,160.2100067138672,187.02999877929688,160.27999877929688,186.88999938964844,160.17999267578125,186.98989868164062,160.25,20840.0,15255.0
2024-09-17 18:13:00+00:00,186.82000732421875,160.1999969482422,186.82000732421875,160.1999969482422,186.9499969482422,160.25999450683594,186.8000030517578,160.17999267578125,186.89999389648438,160.2100067138672,26287.0,13090.0
2024-09-17 18:14:00+00:00,186.7899932861328,160.13999938964844,186.7899932861328,160.13999938964844,186.86000061035156,160.2100067138672,186.74000549316406,160.1199951171875,186.8336944580078,160.206298828125,20292.0,13568.0
2024-09-17 18:15:00+00:00,186.9326934814453,160.19000244140625,186.9326934814453,160.19000244140625,186.9600067138672,160.19000244140625,186.77999877929688,160.13119506835938,186.80999755859375,160.13499450683594,20003.0,11258.0
2024-09-17 18:16:00+00:00,186.9199981689453,160.2050018310547,186.9199981689453,160.2050018310547,186.94000244140625,160.21620178222656,186.88999938964844,160.1699981689453,186.92999267578125,160.19000244140625,14902.0,12013.0
2024-09-17 18:17:00+00:00,186.92999267578125,160.23500061035156,186.92999267578125,160.23500061035156,186.9499969482422,160.23500061035156,186.8800048828125,160.1999969482422,186.9199981689453,160.2100067138672,15372.0,9903.0
2024-09-17 18:18:00+00:00,186.8699951171875,160.19650268554688,186.8699951171875,160.19650268554688,186.9499969482422,160.24000549316406,186.8699951171875,160.19000244140625,186.9199981689453,160.22500610351562,16296.0,9384.0
2024-09-17 18:19:00+00:00,186.83999633789062,160.18820190429688,186.83999633789062,160.18820190429688,186.8699951171875,160.19500732421875,186.75999450683594,160.13999938964844,186.86000061035156,160.19000244140625,17193.0,9314.0
2024-09-17 18:20:00+00:00,186.78500366210938,160.1199951171875,186.78500366210938,160.1199951171875,186.8699951171875,160.19500732421875,186.77000427246094,160.11000061035156,186.8249969482422,160.18499755859375,24835.0,10874.0
2024-09-17 18:21:00+00:00,187.05599975585938,160.3000030517578,187.05599975585938,160.3000030517578,187.07000732421875,160.3000030517578,186.8000030517578,160.13499450683594,186.8000030517578,160.13499450683594,26470.0,11666.0
2024-09-17 18:22:00+00:00,187.17750549316406,160.33999633789062,187.17750549316406,160.33999633789062,187.1999969482422,160.36500549316406,187.02000427246094,160.27999877929688,187.02999877929688,160.29600524902344,39700.0,13908.0
2024-09-17 18:23:00+00:00,187.27000427246094,160.360107421875,187.27000427246094,160.360107421875,187.27000427246094,160.375,187.1649932861328,160.33120727539062,187.19000244140625,160.3699951171875,38904.0,7868.0
2024-09-17 18:24:00+00:00,187.2801971435547,160.36000061035156,187.2801971435547,160.36000061035156,187.3000030517578,160.41000366210938,187.22999572753906,160.33999633789062,187.25999450683594,160.36599731445312,36997.0,7539.0
2024-09-17 18:25:00+00:00,187.1699981689453,160.3300018310547,187.1699981689453,160.3300018310547,187.27999877929688,160.3592071533203,187.1699981689453,160.32000732421875,187.27999877929688,160.3592071533203,28138.0,8022.0
2024-09-17 18:26:00+00:00,187.24000549316406,160.35000610351562,187.24000549316406,160.35000610351562,187.2480010986328,160.36599731445312,187.16000366210938,160.32000732421875,187.16000366210938,160.32000732421875,25164.0,7296.0
2024-09-17 18:27:00+00:00,187.1042022705078,160.2100067138672,187.1042022705078,160.2100067138672,187.2899932861328,160.36000061035156,187.08999633789062,160.1999969482422,187.25999450683594,160.36000061035156,41334.0,11527.0
2024-09-17 18:28:00+00:00,187.11000061035156,160.2050018310547,187.11000061035156,160.2050018310547,187.14999389648438,160.24000549316406,186.94000244140625,160.10000610351562,187.1199951171875,160.19320678710938,45056.0,13378.0
2024-09-17 18:29:00+00:00,187.1217041015625,160.18499755859375,187.1217041015625,160.18499755859375,187.14430236816406,160.2100067138672,187.1074981689453,160.18499755859375,187.125,160.1999969482422,24418.0,9227.0
2024-09-17 18:30:00+00:00,186.99000549316406,160.08999633789062,186.99000549316406,160.08999633789062,187.125,160.17999267578125,186.97000122070312,160.05999755859375,187.125,160.17999267578125,27188.0,9796.0
2024-09-17 18:31:00+00:00,186.96499633789062,160.09249877929688,186.96499633789062,160.09249877929688,187.02000427246094,160.09249877929688,186.8699951171875,160.0500030517578,187.0,160.0850067138672,28330.0,11490.0
2024-09-17 18:32:00+00:00,186.96499633789062,160.10000610351562,186.96499633789062,160.10000610351562,187.02000427246094,160.16000366210938,186.92999267578125,160.07000732421875,186.9600067138672,160.08999633789062,43008.0,12344.0
2024-09-17 18:33:00+00:00,187.05499267578125,160.0800018310547,187.05499267578125,160.0800018310547,187.1199951171875,160.14120483398438,186.96470642089844,160.0800018310547,186.97999572753906,160.10000610351562,32901.0,12652.0
2024-09-17 18:34:00+00:00,187.05499267578125,160.0500946044922,187.05499267578125,160.0500946044922,187.0800018310547,160.0989990234375,187.02000427246094,160.0500030517578,187.0500030517578,160.0800018310547,16550.0,9834.0
2024-09-17 18:35:00+00:00,187.0800018310547,160.0399932861328,187.0800018310547,160.0399932861328,187.1199951171875,160.10000610351562,187.04229736328125,160.0399932861328,187.0500030517578,160.0500030517578,25554.0,11535.0
2024-09-17 18:36:00+00:00,187.13490295410156,160.06500244140625,187.13490295410156,160.06500244140625,187.13999938964844,160.07000732421875,187.0500030517578,160.02999877929688,187.0800018310547,160.0531005859375,35232.0,6501.0
2024-09-17 18:37:00+00:00,187.08999633789062,160.07000732421875,187.08999633789062,160.07000732421875,187.1999969482422,160.10000610351562,187.08999633789062,160.0623016357422,187.1199951171875,160.0623016357422,20958.0,8439.0
2024-09-17 18:38:00+00:00,187.06199645996094,160.06500244140625,187.06199645996094,160.06500244140625,187.1199951171875,160.0780029296875,187.0500030517578,160.0500030517578,187.0800018310547,160.05999755859375,32909.0,7623.0
2024-09-17 18:39:00+00:00,187.08999633789062,160.0800018310547,187.08999633789062,160.0800018310547,187.1300048828125,160.08999633789062,187.05999755859375,160.0500030517578,187.06500244140625,160.05999755859375,16023.0,11838.0
2024-09-17 18:40:00+00:00,187.08819580078125,160.07809448242188,187.08819580078125,160.07809448242188,187.1199951171875,160.11500549316406,187.02999877929688,160.07000732421875,187.08999633789062,160.0800018310547,36549.0,9782.0
2024-09-17 18:41:00+00:00,187.0,160.0,187.0,160.0,187.06500244140625,160.07000732421875,186.91000366210938,159.97000122070312,187.06500244140625,160.07000732421875,34769.0,22885.0
2024-09-17 18:42:00+00:00,187.1199951171875,,187.1199951171875,,187.1280059814453,,187.00999450683594,,187.01499938964844,,22038.0,
2024-09-17 18:43:00+00:00,187.1750030517578,160.08999633789062,187.1750030517578,160.08999633789062,187.18479919433594,160.08999633789062,187.14999389648438,160.07000732421875,187.14999389648438,160.07000732421875,23166.0,19158.0
2024-09-17 18:44:00+00:00,187.13999938964844,160.02999877929688,187.13999938964844,160.02999877929688,187.19000244140625,160.0998992919922,187.13999938964844,160.02999877929688,187.17999267578125,160.0998992919922,24998.0,8465.0
2024-09-17 18:45:00+00:00,187.0800018310547,159.97999572753906,187.0800018310547,159.97999572753906,187.2100067138672,160.05999755859375,187.0800018310547,159.97000122070312,187.13999938964844,160.05999755859375,35105.0,17399.0
2024-09-17 18:46:00+00:00,187.0,159.91000366210938,187.0,159.91000366210938,187.08999633789062,159.9600067138672,186.9499969482422,159.91000366210938,187.0800018310547,159.94000244140625,18512.0,14172.0
2024-09-17 18:47:00+00:00,187.00999450683594,159.91000366210938,187.00999450683594,159.91000366210938,187.0428924560547,159.91000366210938,186.9499969482422,159.86000061035156,187.00999450683594,159.90499877929688,32037.0,12956.0
2024-09-17 18:48:00+00:00,186.67999267578125,159.5449981689453,186.67999267578125,159.5449981689453,187.00999450683594,159.89999389648438,186.52000427246094,159.47999572753906,187.00999450683594,159.89999389648438,98596.0,71791.0
2024-09-17 18:49:00+00:00,186.77000427246094,159.6300048828125,186.77000427246094,159.6300048828125,186.89999389648438,159.7100067138672,186.69000244140625,159.55999755859375,186.69000244140625,159.57000732421875,35839.0,39369.0
2024-09-17 18:50:00+00:00,186.74000549316406,159.6300048828125,186.74000549316406,159.6300048828125,186.77000427246094,159.6300048828125,186.6300048828125,159.50999450683594,186.75,159.6300048828125,44769.0,24623.0
2024-09-17 18:51:00+00:00,186.7100067138672,159.66000366210938,186.7100067138672,159.66000366210938,186.72999572753906,159.6699981689453,186.5800018310547,159.5500030517578,186.72999572753906,159.6300048828125,26853.0,12440.0
2024-09-17 18:52:00+00:00,186.62989807128906,159.64999389648438,186.62989807128906,159.64999389648438,186.77000427246094,159.72000122070312,186.62010192871094,159.63999938964844,186.71499633789062,159.69000244140625,29960.0,9873.0
2024-09-17 18:53:00+00:00,186.5500030517578,159.56500244140625,186.5500030517578,159.56500244140625,186.6584014892578,159.6699981689453,186.5399932861328,159.55999755859375,186.63999938964844,159.6699981689453,28902.0,12310.0
2024-09-17 18:54:00+00:00,186.6999969482422,159.63999938964844,186.6999969482422,159.63999938964844,186.7100067138672,159.64999389648438,186.5500030517578,159.55999755859375,186.5500030517578,159.57000732421875,25499.0,12478.0
2024-09-17 18:55:00+00:00,186.83999633789062,159.7100067138672,186.83999633789062,159.7100067138672,186.83999633789062,159.7100067138672,186.69000244140625,159.63009643554688,186.69000244140625,159.63999938964844,26671.0,10864.0
2024-09-17 18:56:00+00:00,186.8000030517578,159.6501007080078,186.8000030517578,159.6501007080078,186.89999389648438,159.75,186.74349975585938,159.64010620117188,186.83999633789062,159.72999572753906,25550.0,14449.0
2024-09-17 18:57:00+00:00,186.72500610351562,159.63909912109375,186.72500610351562,159.63909912109375,186.7899932861328,159.66909790039062,186.68600463867188,159.60330200195312,186.7899932861328,159.6501007080078,28794.0,10363.0
2024-09-17 18:58:00+00:00,186.7899932861328,159.6300048828125,186.7899932861328,159.6300048828125,186.82479858398438,159.6999969482422,186.72000122070312,159.6300048828125,186.72000122070312,159.63999938964844,23678.0,27286.0
2024-09-17 18:59:00+00:00,186.8699951171875,159.69000244140625,186.8699951171875,159.69000244140625,186.94000244140625,159.7100067138672,186.7899932861328,159.63999938964844,186.7899932861328,159.64999389648438,34368.0,10944.0
2024-09-17 19:00:00+00:00,186.85000610351562,159.74000549316406,186.85000610351562,159.74000549316406,186.9199981689453,159.75999450683594,186.7899932861328,159.67999267578125,186.87989807128906,159.67999267578125,24123.0,13837.0
2024-09-17 19:01:00+00:00,186.93499755859375,159.82110595703125,186.93499755859375,159.82110595703125,186.94000244140625,159.82110595703125,186.81019592285156,159.7489013671875,186.8350067138672,159.7489013671875,23983.0,5968.0
2024-09-17 19:02:00+00:00,186.88999938964844,159.80999755859375,186.88999938964844,159.80999755859375,186.96820068359375,159.86000061035156,186.84339904785156,159.7899932861328,186.92999267578125,159.8300018310547,24685.0,13653.0
2024-09-17 19:03:00+00:00,186.82989501953125,159.74949645996094,186.82989501953125,159.74949645996094,186.9199981689453,159.8000030517578,186.82009887695312,159.73899841308594,186.86000061035156,159.7899932861328,25749.0,12561.0
2024-09-17 19:04:00+00:00,186.77999877929688,159.72000122070312,186.77999877929688,159.72000122070312,186.8800048828125,159.75999450683594,186.77999877929688,159.6999969482422,186.8300018310547,159.74000549316406,22603.0,13577.0
2024-09-17 19:05:00+00:00,186.80499267578125,159.72000122070312,186.80499267578125,159.72000122070312,186.82000732421875,159.72459411621094,186.72000122070312,159.63999938964844,186.77000427246094,159.69000244140625,31827.0,10208.0
2024-09-17 19:06:00+00:00,186.74000549316406,159.73129272460938,186.74000549316406,159.73129272460938,186.7899932861328,159.735595703125,186.67050170898438,159.66000366210938,186.7899932861328,159.7100067138672,33613.0,13297.0
2024-09-17 19:07:00+00:00,186.80999755859375,159.77999877929688,186.80999755859375,159.77999877929688,186.80999755859375,159.7899932861328,186.72000122070312,159.72999572753906,186.74000549316406,159.7449951171875,27561.0,7618.0
2024-09-17 19:08:00+00:00,186.83999633789062,159.74200439453125,186.83999633789062,159.74200439453125,186.83999633789062,159.77999877929688,186.77000427246094,159.72500610351562,186.80999755859375,159.77999877929688,28922.0,10041.0
2024-09-17 19:09:00+00:00,186.8939971923828,159.7469940185547,186.8939971923828,159.7469940185547,186.91000366210938,159.75999450683594,186.81219482421875,159.73779296875,186.82000732421875,159.75,26461.0,7092.0
2024-09-17 19:10:00+00:00,187.0,159.7899932861328,187.0,159.7899932861328,187.0198974609375,159.7899932861328,186.8699951171875,159.7100067138672,186.88999938964844,159.75,63193.0,13088.0
2024-09-17 19:11:00+00:00,187.139892578125,159.86000061035156,187.139892578125,159.86000061035156,187.19000244140625,159.8800048828125,186.99000549316406,159.7899932861328,186.9949951171875,159.80499267578125,48172.0,18810.0
2024-09-17 19:12:00+00:00,187.08999633789062,159.8300018310547,187.08999633789062,159.8300018310547,187.1999969482422,159.8699951171875,187.05999755859375,159.8300018310547,187.13999938964844,159.83999633789062,40640.0,9544.0
2024-09-17 19:13:00+00:00,186.97000122070312,159.77999877929688,186.97000122070312,159.77999877929688,187.08990478515625,159.8300018310547,186.97000122070312,159.77999877929688,187.08990478515625,159.82000732421875,40347.0,13964.0
2024-09-17 19:14:00+00:00,187.13009643554688,159.8699951171875,187.13009643554688,159.8699951171875,187.13999938964844,159.8699951171875,186.92999267578125,159.76499938964844,186.97000122070312,159.76499938964844,52058.0,15751.0
2024-09-17 19:15:00+00:00,187.11000061035156,159.89500427246094,187.11000061035156,159.89500427246094,187.13499450683594,159.91009521484375,187.0,159.82000732421875,187.11000061035156,159.86000061035156,34452.0,11339.0
2024-09-17 19:16:00+00:00,187.10000610351562,159.8350067138672,187.10000610351562,159.8350067138672,187.11000061035156,159.88999938964844,187.0399932861328,159.80999755859375,187.0800018310547,159.88999938964844,28731.0,13112.0
2024-09-17 19:17:00+00:00,187.0800018310547,159.83999633789062,187.0800018310547,159.83999633789062,187.10000610351562,159.86500549316406,187.02000427246094,159.82000732421875,187.08009338378906,159.83999633789062,29471.0,9800.0
2024-09-17 19:18:00+00:00,187.0749969482422,159.80999755859375,187.0749969482422,159.80999755859375,187.08200073242188,159.8300018310547,186.9801025390625,159.75469970703125,187.07000732421875,159.8300018310547,29976.0,12179.0
2024-09-17 19:19:00+00:00,187.11000061035156,159.82000732421875,187.11000061035156,159.82000732421875,187.1300048828125,159.82000732421875,187.07000732421875,159.77999877929688,187.0800018310547,159.80999755859375,31541.0,18664.0
2024-09-17 19:20:00+00:00,187.0749969482422,159.83999633789062,187.0749969482422,159.83999633789062,187.1300048828125,159.85000610351562,186.99000549316406,159.80999755859375,187.125,159.85000610351562,30538.0,14401.0
2024-09-17 19:21:00+00:00,186.9801025390625,159.75999450683594,186.9801025390625,159.75999450683594,187.07000732421875,159.83250427246094,186.95770263671875,159.75,187.07000732421875,159.8300018310547,29304.0,16150.0
2024-09-17 19:22:00+00:00,186.91000366210938,159.7050018310547,186.91000366210938,159.7050018310547,187.00999450683594,159.77499389648438,186.89999389648438,159.6999969482422,186.9821014404297,159.77000427246094,37506.0,17721.0
2024-09-17 19:23:00+00:00,186.77999877929688,159.63999938964844,186.77999877929688,159.63999938964844,186.91000366210938,159.6999969482422,186.7050018310547,159.60000610351562,186.89999389648438,159.6999969482422,51475.0,24502.0
2024-09-17 19:24:00+00:00,186.74000549316406,159.61000061035156,186.74000549316406,159.61000061035156,186.82249450683594,159.64999389648438,186.7100067138672,159.58999633789062,186.8000030517578,159.64500427246094,41528.0,23158.0
2024-09-17 19:25:00+00:00,186.70950317382812,159.77999877929688,186.70950317382812,159.77999877929688,186.75999450683594,159.77999877929688,186.69400024414062,159.63499450683594,186.75,159.63499450683594,88322.0,19324.0
2024-09-17 19:26:00+00:00,186.66000366210938,159.72999572753906,186.66000366210938,159.72999572753906,186.72000122070312,159.8000030517578,186.6199951171875,159.72999572753906,186.72000122070312,159.78619384765625,29793.0,17625.0
2024-09-17 19:27:00+00:00,186.6649932861328,159.82899475097656,186.6649932861328,159.82899475097656,186.6999969482422,159.83169555664062,186.6143035888672,159.72999572753906,186.66000366210938,159.74200439453125,37995.0,23200.0
2024-09-17 19:28:00+00:00,186.67999267578125,159.81500244140625,186.67999267578125,159.81500244140625,186.6999969482422,159.83999633789062,186.63999938964844,159.7899932861328,186.6678009033203,159.8300018310547,33966.0,13385.0
2024-09-17 19:29:00+00:00,186.91000366210938,159.8780059814453,186.91000366210938,159.8780059814453,186.9199981689453,159.8780059814453,186.6750030517578,159.80999755859375,186.67799377441406,159.82000732421875,154120.0,15721.0
2024-09-17 19:30:00+00:00,186.8699951171875,159.9499969482422,186.8699951171875,159.9499969482422,186.91000366210938,159.97000122070312,186.77999877929688,159.86000061035156,186.88999938964844,159.8699951171875,30514.0,35222.0
2024-09-17 19:31:00+00:00,186.9250030517578,160.02999877929688,186.9250030517578,160.02999877929688,186.97000122070312,160.0399932861328,186.86000061035156,159.9550018310547,186.8699951171875,159.9550018310547,35504.0,39614.0
2024-09-17 19:32:00+00:00,186.8699951171875,159.9600067138672,186.8699951171875,159.9600067138672,186.94500732421875,160.0399932861328,186.8300018310547,159.92999267578125,186.92999267578125,160.02999877929688,44305.0,31938.0
2024-09-17 19:33:00+00:00,186.8249969482422,159.98880004882812,186.8249969482422,159.98880004882812,186.8699951171875,160.00999450683594,186.77999877929688,159.94000244140625,186.86500549316406,159.9600067138672,33372.0,23489.0
2024-09-17 19:34:00+00:00,186.8699951171875,160.03500366210938,186.8699951171875,160.03500366210938,186.88999938964844,160.0399932861328,186.77000427246094,159.9499969482422,186.8000030517578,159.97999572753906,43292.0,19220.0
2024-09-17 19:35:00+00:00,186.73500061035156,159.9499969482422,186.73500061035156,159.9499969482422,186.7960968017578,160.0399932861328,186.67999267578125,159.91000366210938,186.7960968017578,160.0399932861328,39897.0,20418.0
2024-09-17 19:36:00+00:00,186.8699951171875,160.0399932861328,186.8699951171875,160.0399932861328,186.89999389648438,160.0800018310547,186.75,159.9600067138672,186.75999450683594,159.9600067138672,43729.0,39120.0
2024-09-17 19:37:00+00:00,186.91000366210938,160.02999877929688,186.91000366210938,160.02999877929688,186.9199981689453,160.10000610351562,186.86000061035156,159.99000549316406,186.8800048828125,160.0399932861328,30349.0,23138.0
2024-09-17 19:38:00+00:00,186.94000244140625,160.1199951171875,186.94000244140625,160.1199951171875,186.94000244140625,160.1199951171875,186.86000061035156,160.014404296875,186.9199981689453,160.0399932861328,31806.0,30332.0
2024-09-17 19:39:00+00:00,186.92100524902344,160.1300048828125,186.92100524902344,160.1300048828125,186.97000122070312,160.14999389648438,186.9080047607422,160.10000610351562,186.94000244140625,160.11000061035156,46479.0,24865.0
2024-09-17 19:40:00+00:00,186.72999572753906,160.05999755859375,186.72999572753906,160.05999755859375,186.9698944091797,160.19000244140625,186.72000122070312,160.05999755859375,186.94000244140625,160.14999389648438,53988.0,40460.0
2024-09-17 19:41:00+00:00,186.64999389648438,160.0050048828125,186.64999389648438,160.0050048828125,186.74339294433594,160.05999755859375,186.6300048828125,159.99000549316406,186.7100067138672,160.05999755859375,59092.0,28235.0
2024-09-17 19:42:00+00:00,186.73500061035156,160.0399932861328,186.73500061035156,160.0399932861328,186.75,160.05799865722656,186.64999389648438,160.0,186.66000366210938,160.0,55092.0,21056.0
2024-09-17 19:43:00+00:00,186.7301025390625,160.0399932861328,186.7301025390625,160.0399932861328,186.77999877929688,160.0800018310547,186.67999267578125,160.0,186.73500061035156,160.0399932861328,36900.0,19190.0
2024-09-17 19:44:00+00:00,186.7550048828125,160.05999755859375,186.7550048828125,160.05999755859375,186.77999877929688,160.05999755859375,186.71499633789062,160.00999450683594,186.73500061035156,160.0399932861328,38695.0,23401.0
2024-09-17 19:45:00+00:00,186.8249969482422,160.0200958251953,186.8249969482422,160.0200958251953,186.8249969482422,160.0388946533203,186.7550048828125,160.0,186.7550048828125,160.02999877929688,38791.0,29314.0
2024-09-17 19:46:00+00:00,186.8115997314453,159.99000549316406,186.8115997314453,159.99000549316406,186.88999938964844,160.08999633789062,186.77999877929688,159.98989868164062,186.8249969482422,160.02499389648438,52321.0,38590.0
2024-09-17 19:47:00+00:00,186.93499755859375,160.05499267578125,186.93499755859375,160.05499267578125,186.9499969482422,160.05499267578125,186.7700958251953,159.9600067138672,186.82000732421875,159.99000549316406,49924.0,22720.0
2024-09-17 19:48:00+00:00,187.00999450683594,160.11000061035156,187.00999450683594,160.11000061035156,187.02000427246094,160.11000061035156,186.9199981689453,160.03500366210938,186.9499053955078,160.05499267578125,74968.0,35952.0
2024-09-17 19:49:00+00:00,187.0,160.02999877929688,187.0,160.02999877929688,187.0500030517578,160.1699981689453,186.97000122070312,160.02000427246094,187.0050048828125,160.11000061035156,58755.0,43004.0
2024-09-17 19:50:00+00:00,187.02000427246094,160.2050018310547,187.02000427246094,160.2050018310547,187.07000732421875,160.2100067138672,186.75999450683594,159.97999572753906,187.02000427246094,160.0399932861328,106559.0,139254.0
2024-09-17 19:51:00+00:00,187.0800018310547,160.24000549316406,187.0800018310547,160.24000549316406,187.08999633789062,160.2449951171875,186.99000549316406,160.1199951171875,187.02000427246094,160.22000122070312,84943.0,40570.0
2024-09-17 19:52:00+00:00,186.8000030517578,160.0749969482422,186.8000030517578,160.0749969482422,187.08999633789062,160.25,186.75999450683594,160.0500030517578,187.0800018310547,160.24000549316406,84361.0,43801.0
2024-09-17 19:53:00+00:00,186.81500244140625,160.10000610351562,186.81500244140625,160.10000610351562,186.8699951171875,160.15499877929688,186.77999877929688,160.00999450683594,186.8000030517578,160.00999450683594,94085.0,36901.0
2024-09-17 19:54:00+00:00,186.8300018310547,159.9250030517578,186.8300018310547,159.9250030517578,186.9600067138672,160.19000244140625,186.77999877929688,159.86500549316406,186.80999755859375,160.11000061035156,119145.0,115806.0
2024-09-17 19:55:00+00:00,186.75,160.125,186.75,160.125,186.83999633789062,160.1699981689453,186.65499877929688,159.92999267578125,186.83999633789062,159.92999267578125,136847.0,96251.0
2024-09-17 19:56:00+00:00,186.8699951171875,160.17999267578125,186.8699951171875,160.17999267578125,186.92999267578125,160.22500610351562,186.7550048828125,160.125,186.7550048828125,160.13499450683594,147620.0,77727.0
2024-09-17 19:57:00+00:00,186.8000030517578,160.19000244140625,186.8000030517578,160.19000244140625,186.89999389648438,160.27999877929688,186.8000030517578,160.18499755859375,186.875,160.19000244140625,151501.0,101183.0
2024-09-17 19:58:00+00:00,186.875,160.2100067138672,186.875,160.2100067138672,186.89999389648438,160.24000549316406,186.6699981689453,160.07000732421875,186.8000030517578,160.2100067138672,191095.0,139964.0
2024-09-17 19:59:00+00:00,186.94000244140625,160.30999755859375,186.94000244140625,160.30999755859375,186.97000122070312,160.33999633789062,186.6699981689453,160.14500427246094,186.8699951171875,160.2050018310547,489937.0,318300.0
2024-09-18 13:30:00+00:00,186.35499572753906,160.50999450683594,186.35499572753906,160.50999450683594,186.60000610351562,161.3000030517578,185.9499969482422,160.24000549316406,186.4149932861328,160.85000610351562,833889.0,531549.0
2024-09-18 13:31:00+00:00,186.05999755859375,160.30999755859375,186.05999755859375,160.30999755859375,186.4217987060547,160.5500030517578,186.0449981689453,160.14999389648438,186.38499450683594,160.5,112072.0,83178.0
2024-09-18 13:32:00+00:00,186.5800018310547,160.61000061035156,186.5800018310547,160.61000061035156,186.75999450683594,160.72000122070312,186.0800018310547,160.30499267578125,186.0800018310547,160.30499267578125,130412.0,70003.0
2024-09-18 13:33:00+00:00,186.47500610351562,160.85000610351562,186.47500610351562,160.85000610351562,186.7100067138672,160.87249755859375,186.30999755859375,160.47999572753906,186.5850067138672,160.60000610351562,108207.0,85506.0
2024-09-18 13:34:00+00:00,186.05650329589844,160.47000122070312,186.05650329589844,160.47000122070312,186.49000549316406,160.83599853515625,186.00999450683594,160.38999938964844,186.4600067138672,160.83599853515625,79982.0,63322.0
2024-09-18 13:35:00+00:00,185.47000122070312,160.2635955810547,185.47000122070312,160.2635955810547,186.1199951171875,160.64999389648438,185.44000244140625,160.24000549316406,186.05999755859375,160.55999755859375,123876.0,60711.0
2024-09-18 13:36:00+00:00,185.7899932861328,160.6219940185547,185.7899932861328,160.6219940185547,185.95269775390625,160.72860717773438,185.4600067138672,160.25999450683594,185.47000122070312,160.41000366210938,132718.0,46858.0
2024-09-18 13:37:00+00:00,185.2100067138672,160.58999633789062,185.2100067138672,160.58999633789062,186.02000427246094,160.75,185.10000610351562,160.52000427246094,185.77999877929688,160.67999267578125,127539.0,41830.0
2024-09-18 13:39:00+00:00,185.52999877929688,160.72500610351562,185.52999877929688,160.72500610351562,185.5399932861328,160.74000549316406,185.25999450683594,160.5800018310547,185.44000244140625,160.6529998779297,216237.0,64437.0
2024-09-18 13:40:00+00:00,185.66050720214844,160.67999267578125,185.66050720214844,160.67999267578125,185.77969360351562,160.7545928955078,185.4600067138672,160.6300048828125,185.5399932861328,160.69000244140625,73448.0,22676.0
2024-09-18 13:41:00+00:00,185.89010620117188,160.93960571289062,185.89010620117188,160.93960571289062,185.9499969482422,160.9600067138672,185.66000366210938,160.6300048828125,185.6699981689453,160.6999969482422,57977.0,32107.0
2024-09-18 13:42:00+00:00,186.1300048828125,160.91000366210938,186.1300048828125,160.91000366210938,186.17880249023438,160.99000549316406,185.83999633789062,160.88999938964844,185.86000061035156,160.91000366210938,86973.0,40612.0
2024-09-18 13:43:00+00:00,186.0749969482422,160.89500427246094,186.0749969482422,160.89500427246094,186.19000244140625,160.9199981689453,186.00999450683594,160.83999633789062,186.1302032470703,160.89999389648438,75636.0,23585.0
2024-09-18 13:44:00+00:00,185.99349975585938,160.8800048828125,185.99349975585938,160.8800048828125,186.1699981689453,161.0,185.9499053955078,160.83999633789062,186.0749969482422,160.8719940185547,61052.0,31731.0
2024-09-18 13:45:00+00:00,186.1322021484375,161.02999877929688,186.1322021484375,161.02999877929688,186.22000122070312,161.05999755859375,185.9499969482422,160.77999877929688,186.0,160.83999633789062,57846.0,64681.0
2024-09-18 13:46:00+00:00,186.10000610351562,160.85000610351562,186.10000610351562,160.85000610351562,186.27000427246094,161.02999877929688,186.08999633789062,160.8000030517578,186.13499450683594,161.00999450683594,66006.0,49730.0
2024-09-18 13:47:00+00:00,186.052001953125,160.97999572753906,186.052001953125,160.97999572753906,186.11000061035156,161.0500030517578,185.9199981689453,160.810302734375,186.08749389648438,160.83999633789062,48901.0,46520.0
2024-09-18 13:48:00+00:00,186.08999633789062,160.89999389648438,186.08999633789062,160.89999389648438,186.3000030517578,160.97500610351562,186.0449981689453,160.86000061035156,186.05999755859375,160.97500610351562,79097.0,40775.0
2024-09-18 13:49:00+00:00,186.2899932861328,160.91000366210938,186.2899932861328,160.91000366210938,186.38999938964844,160.97000122070312,186.13999938964844,160.80999755859375,186.16000366210938,160.89999389648438,61359.0,58803.0
2024-09-18 13:50:00+00:00,186.38999938964844,161.05999755859375,186.38999938964844,161.05999755859375,186.43240356445312,161.08999633789062,186.07000732421875,160.74000549316406,186.28500366210938,160.92999267578125,64091.0,80625.0
2024-09-18 13:51:00+00:00,186.28909301757812,161.00999450683594,186.28909301757812,161.00999450683594,186.39999389648438,161.0800018310547,186.17999267578125,160.9499969482422,186.38009643554688,161.05999755859375,62278.0,72552.0
2024-09-18 13:52:00+00:00,186.30999755859375,161.05999755859375,186.30999755859375,161.05999755859375,186.33999633789062,161.0800018310547,186.19500732421875,160.99000549316406,186.27999877929688,161.00999450683594,31014.0,48132.0
2024-09-18 13:53:00+00:00,186.36000061035156,161.18499755859375,186.36000061035156,161.18499755859375,186.5,161.30999755859375,186.3300018310547,161.07000732421875,186.33999633789062,161.07000732421875,44339.0,83914.0
2024-09-18 13:54:00+00:00,186.4499969482422,161.22000122070312,186.4499969482422,161.22000122070312,186.52000427246094,161.27499389648438,186.34500122070312,161.17999267578125,186.3623046875,161.17999267578125,39218.0,36146.0
2024-09-18 13:55:00+00:00,186.50999450683594,161.2270965576172,186.50999450683594,161.2270965576172,186.55999755859375,161.27999877929688,186.41000366210938,161.1699981689453,186.43499755859375,161.1999969482422,34837.0,22310.0
2024-09-18 13:56:00+00:00,186.4600067138672,161.11500549316406,186.4600067138672,161.11500549316406,186.55499267578125,161.21499633789062,186.44000244140625,161.10499572753906,186.52999877929688,161.2100067138672,34268.0,24779.0
2024-09-18 13:57:00+00:00,186.41000366210938,161.1300048828125,186.41000366210938,161.1300048828125,186.52000427246094,161.14999389648438,186.38999938964844,161.05999755859375,186.49090576171875,161.1300048828125,46521.0,28307.0
2024-09-18 13:58:00+00:00,186.4499969482422,161.08999633789062,186.4499969482422,161.08999633789062,186.49000549316406,161.13999938964844,186.38009643554688,161.0500030517578,186.44000244140625,161.1199951171875,34907.0,18593.0
2024-09-18 13:59:00+00:00,186.57000732421875,161.1199951171875,186.57000732421875,161.1199951171875,186.64999389648438,161.13499450683594,186.47000122070312,161.05999755859375,186.47999572753906,161.07000732421875,59125.0,19987.0
2024-09-18 14:00:00+00:00,186.6750030517578,161.0,186.6750030517578,161.0,186.6750030517578,161.1199951171875,186.47999572753906,160.93499755859375,186.52999877929688,161.11300659179688,41401.0,52383.0
2024-09-18 14:01:00+00:00,186.74899291992188,160.85000610351562,186.74899291992188,160.85000610351562,186.75,161.08999633789062,186.5500030517578,160.73500061035156,186.66000366210938,161.02000427246094,76033.0,34779.0
2024-09-18 14:02:00+00:00,186.6199951171875,160.75999450683594,186.6199951171875,160.75999450683594,186.8699951171875,161.02200317382812,186.58599853515625,160.75999450683594,186.75,160.91000366210938,64743.0,33487.0
2024-09-18 14:03:00+00:00,186.8699951171875,160.89210510253906,186.8699951171875,160.89210510253906,186.8699951171875,160.89999389648438,186.57009887695312,160.72999572753906,186.60000610351562,160.77499389648438,46827.0,14885.0
2024-09-18 14:04:00+00:00,187.05499267578125,160.94000244140625,187.05499267578125,160.94000244140625,187.10000610351562,161.01609802246094,186.83999633789062,160.88499450683594,186.86000061035156,160.89500427246094,110266.0,25735.0
2024-09-18 14:05:00+00:00,186.6999969482422,161.00999450683594,186.6999969482422,161.00999450683594,187.08999633789062,161.0399932861328,186.67999267578125,160.91000366210938,187.0449981689453,160.94000244140625,74287.0,22996.0
2024-09-18 14:06:00+00:00,186.5500030517578,161.14999389648438,186.5500030517578,161.14999389648438,186.72000122070312,161.16000366210938,186.5399932861328,160.94000244140625,186.69009399414062,160.99000549316406,43596.0,27364.0
2024-09-18 14:07:00+00:00,186.50999450683594,161.13999938964844,186.50999450683594,161.13999938964844,186.63999938964844,161.21499633789062,186.4600067138672,161.0500030517578,186.55499267578125,161.14999389648438,40032.0,29614.0
2024-09-18 14:08:00+00:00,186.50999450683594,160.94769287109375,186.50999450683594,160.94769287109375,186.55990600585938,161.1699981689453,186.35000610351562,160.8800048828125,186.5449981689453,161.1699981689453,47253.0,21773.0
2024-09-18 14:09:00+00:00,186.42999267578125,160.6999969482422,186.42999267578125,160.6999969482422,186.5399932861328,160.92999267578125,186.39999389648438,160.68789672851562,186.49000549316406,160.92999267578125,27321.0,24117.0
2024-09-18 14:10:00+00:00,186.4949951171875,160.63999938964844,186.4949951171875,160.63999938964844,186.5,160.74000549316406,186.4199981689453,160.63999938964844,186.4600067138672,160.72000122070312,26516.0,20068.0
2024-09-18 14:11:00+00:00,186.30499267578125,160.52999877929688,186.30499267578125,160.52999877929688,186.47000122070312,160.67999267578125,186.14999389648438,160.4499969482422,186.47000122070312,160.64999389648438,49254.0,37507.0
2024-09-18 14:12:00+00:00,186.4550018310547,160.6300048828125,186.4550018310547,160.6300048828125,186.5,160.6782989501953,186.28500366210938,160.49000549316406,186.3040008544922,160.60000610351562,47866.0,23212.0
2024-09-18 14:13:00+00:00,186.63999938964844,160.60000610351562,186.63999938964844,160.60000610351562,186.63999938964844,160.64739990234375,186.47999572753906,160.57000732421875,186.5,160.64739990234375,62069.0,25695.0
2024-09-18 14:14:00+00:00,186.82000732421875,160.75,186.82000732421875,160.75,186.83999633789062,160.75,186.52000427246094,160.58999633789062,186.63999938964844,160.63999938964844,41417.0,21069.0
2024-09-18 14:15:00+00:00,186.66000366210938,160.6165008544922,186.66000366210938,160.6165008544922,186.85000610351562,160.72999572753906,186.66000366210938,160.61439514160156,186.8300018310547,160.72000122070312,41862.0,20520.0
2024-09-18 14:16:00+00:00,186.5,160.6699981689453,186.5,160.6699981689453,186.76499938964844,160.77999877929688,186.4499969482422,160.60000610351562,186.67750549316406,160.6300048828125,52056.0,18005.0
2024-09-18 14:17:00+00:00,186.6300048828125,160.6699981689453,186.6300048828125,160.6699981689453,186.6699981689453,160.75,186.49000549316406,160.66000366210938,186.5218963623047,160.66000366210938,24050.0,13458.0
2024-09-18 14:18:00+00:00,186.4691925048828,160.64990234375,186.4691925048828,160.64990234375,186.67999267578125,160.6865997314453,186.4499969482422,160.63999938964844,186.62460327148438,160.68499755859375,34924.0,11875.0
2024-09-18 14:19:00+00:00,186.47000122070312,160.5500030517578,186.47000122070312,160.5500030517578,186.5500030517578,160.67019653320312,186.39999389648438,160.5,186.43800354003906,160.6490020751953,30038.0,68442.0
2024-09-18 14:20:00+00:00,186.55430603027344,160.49000549316406,186.55430603027344,160.49000549316406,186.57000732421875,160.55999755859375,186.42999267578125,160.39999389648438,186.47500610351562,160.50999450683594,27723.0,32588.0
2024-09-18 14:21:00+00:00,186.4499969482422,160.3699951171875,186.4499969482422,160.3699951171875,186.60000610351562,160.61000061035156,186.41000366210938,160.3699951171875,186.5749969482422,160.50999450683594,34673.0,19810.0
2024-09-18 14:22:00+00:00,186.44000244140625,160.36000061035156,186.44000244140625,160.36000061035156,186.60000610351562,160.49000549316406,186.44000244140625,160.34019470214844,186.49989318847656,160.3699951171875,34175.0,19583.0
2024-09-18 14:23:00+00:00,186.5,160.5050048828125,186.5,160.5050048828125,186.52000427246094,160.5050048828125,186.32000732421875,160.33999633789062,186.4600067138672,160.33999633789062,43838.0,19398.0
2024-09-18 14:24:00+00:00,186.52000427246094,160.4600067138672,186.52000427246094,160.4600067138672,186.5399932861328,160.5800018310547,186.36990356445312,160.4199981689453,186.5,160.5399932861328,33887.0,18850.0
2024-09-18 14:25:00+00:00,186.5,160.41140747070312,186.5,160.41140747070312,186.5,160.4499969482422,186.38499450683594,160.3800048828125,186.5,160.4499969482422,23805.0,13895.0
2024-09-18 14:26:00+00:00,186.50750732421875,160.5,186.50750732421875,160.5,186.55999755859375,160.5377960205078,186.47000122070312,160.45010375976562,186.5050048828125,160.4501953125,25765.0,13622.0
2024-09-18 14:27:00+00:00,186.60000610351562,160.50579833984375,186.60000610351562,160.50579833984375,186.64300537109375,160.5399932861328,186.49000549316406,160.47000122070312,186.52999877929688,160.5,32120.0,11764.0
2024-09-18 14:28:00+00:00,186.77999877929688,160.47000122070312,186.77999877929688,160.47000122070312,186.7899932861328,160.52999877929688,186.5800018310547,160.4499969482422,186.5800018310547,160.4949951171875,35047.0,14990.0
2024-09-18 14:29:00+00:00,186.97999572753906,160.52000427246094,186.97999572753906,160.52000427246094,186.97999572753906,160.5500030517578,186.77999877929688,160.4600067138672,186.77999877929688,160.4600067138672,44646.0,17769.0
2024-09-18 14:30:00+00:00,186.84500122070312,160.44000244140625,186.84500122070312,160.44000244140625,186.99000549316406,160.5399932861328,186.806396484375,160.44000244140625,186.97000122070312,160.52999877929688,65816.0,29039.0
2024-09-18 14:31:00+00:00,186.9600067138672,160.47720336914062,186.9600067138672,160.47720336914062,186.9600067138672,160.47720336914062,186.8000030517578,160.3699951171875,186.83999633789062,160.42999267578125,51223.0,29604.0
2024-09-18 14:32:00+00:00,187.02000427246094,160.5,187.02000427246094,160.5,187.02999877929688,160.52499389648438,186.87860107421875,160.4499969482422,186.9499969482422,160.47999572753906,59294.0,13174.0
2024-09-18 14:33:00+00:00,187.00999450683594,160.52999877929688,187.00999450683594,160.52999877929688,187.05999755859375,160.5399932861328,186.9075927734375,160.4499969482422,187.03939819335938,160.5,31747.0,17392.0
2024-09-18 14:34:00+00:00,186.9615020751953,160.49620056152344,186.9615020751953,160.49620056152344,187.0211944580078,160.5399932861328,186.94000244140625,160.49000549316406,187.02000427246094,160.5240020751953,24929.0,11624.0
2024-09-18 14:35:00+00:00,,160.46800231933594,,160.46800231933594,,160.47000122070312,,160.4600067138672,,160.47000122070312,,20489.0
2024-09-18 14:36:00+00:00,186.69000244140625,160.42999267578125,186.69000244140625,160.42999267578125,186.8300018310547,160.47000122070312,186.67999267578125,160.3699951171875,186.77999877929688,160.4600067138672,73903.0,20798.0
2024-09-18 14:37:00+00:00,186.77999877929688,160.5,186.77999877929688,160.5,186.77999877929688,160.50990295410156,186.63999938964844,160.3800048828125,186.69500732421875,160.42999267578125,37517.0,16791.0
2024-09-18 14:38:00+00:00,186.89349365234375,160.5,186.89349365234375,160.5,186.89349365234375,160.52000427246094,186.74000549316406,160.47500610351562,186.7899932861328,160.49009704589844,42751.0,16851.0
2024-09-18 14:39:00+00:00,186.9600067138672,160.5500030517578,186.9600067138672,160.5500030517578,186.97999572753906,160.5500030517578,186.86000061035156,160.4550018310547,186.8800048828125,160.52000427246094,29161.0,30246.0
2024-09-18 14:40:00+00:00,187.02000427246094,160.52980041503906,187.02000427246094,160.52980041503906,187.10000610351562,160.5500030517578,186.94000244140625,160.50999450683594,186.9600067138672,160.53500366210938,90730.0,26805.0
2024-09-18 14:41:00+00:00,186.98500061035156,160.5399932861328,186.98500061035156,160.5399932861328,187.05999755859375,160.5500030517578,186.9207000732422,160.52000427246094,187.02000427246094,160.52999877929688,32324.0,12414.0
2024-09-18 14:42:00+00:00,187.0800018310547,160.52999877929688,187.0800018310547,160.52999877929688,187.10499572753906,160.5500030517578,187.00999450683594,160.52000427246094,187.0399932861328,160.5500030517578,47193.0,17139.0
2024-09-18 14:43:00+00:00,187.2050018310547,160.55999755859375,187.2050018310547,160.55999755859375,187.22999572753906,160.58999633789062,187.0749969482422,160.49000549316406,187.0749969482422,160.52999877929688,44892.0,34117.0
2024-09-18 14:44:00+00:00,187.36000061035156,160.50999450683594,187.36000061035156,160.50999450683594,187.3800048828125,160.5500030517578,187.17999267578125,160.5,187.22000122070312,160.5500030517578,81938.0,14574.0
2024-09-18 14:45:00+00:00,187.32200622558594,160.5399932861328,187.32200622558594,160.5399932861328,187.37860107421875,160.55870056152344,187.25999450683594,160.52000427246094,187.3699951171875,160.52499389648438,32644.0,9398.0
2024-09-18 14:46:00+00:00,187.32000732421875,160.52999877929688,187.32000732421875,160.52999877929688,187.41000366210938,160.5500030517578,187.3000030517578,160.5200958251953,187.3249053955078,160.53500366210938,43950.0,15647.0
2024-09-18 14:47:00+00:00,187.27000427246094,160.7100067138672,187.27000427246094,160.7100067138672,187.39999389648438,160.77000427246094,187.24000549316406,160.5399932861328,187.32000732421875,160.5399932861328,39365.0,33141.0
2024-09-18 14:48:00+00:00,187.1999969482422,160.63499450683594,187.1999969482422,160.63499450683594,187.30999755859375,160.74000549316406,187.1699981689453,160.59500122070312,187.27389526367188,160.72999572753906,28452.0,19126.0
2024-09-18 14:49:00+00:00,187.1999969482422,160.59500122070312,187.1999969482422,160.59500122070312,187.25,160.6699981689453,187.17999267578125,160.59500122070312,187.2050018310547,160.66000366210938,15716.0,15242.0
2024-09-18 14:50:00+00:00,186.99249267578125,160.57000732421875,186.99249267578125,160.57000732421875,187.2100067138672,160.625,186.95399475097656,160.52999877929688,187.2100067138672,160.61000061035156,32880.0,14850.0
2024-09-18 14:51:00+00:00,187.01910400390625,160.47999572753906,187.01910400390625,160.47999572753906,187.0550994873047,160.5500030517578,186.9499969482422,160.4600067138672,186.97000122070312,160.5399932861328,30917.0,18936.0
2024-09-18 14:52:00+00:00,187.0,160.52000427246094,187.0,160.52000427246094,187.10000610351562,160.55999755859375,186.99009704589844,160.44000244140625,187.02999877929688,160.4550018310547,28140.0,19796.0
2024-09-18 14:53:00+00:00,187.0399932861328,160.5399932861328,187.0399932861328,160.5399932861328,187.10000610351562,160.57000732421875,187.00010681152344,160.50999450683594,187.00010681152344,160.52000427246094,19318.0,17923.0
2024-09-18 14:54:00+00:00,187.06500244140625,160.6309051513672,187.06500244140625,160.6309051513672,187.08999633789062,160.6309051513672,186.9149932861328,160.50999450683594,187.02999877929688,160.5399932861328,25275.0,16045.0
2024-09-18 14:55:00+00:00,187.1343994140625,160.5800018310547,187.1343994140625,160.5800018310547,187.13999938964844,160.66000366210938,187.0500030517578,160.52000427246094,187.0500946044922,160.63999938964844,27066.0,17261.0
2024-09-18 14:56:00+00:00,187.07000732421875,160.6199951171875,187.07000732421875,160.6199951171875,187.1300048828125,160.64999389648438,187.0500030517578,160.57000732421875,187.1280059814453,160.572998046875,26295.0,12005.0
2024-09-18 14:57:00+00:00,187.0861053466797,160.5800018310547,187.0861053466797,160.5800018310547,187.13999938964844,160.6199951171875,187.0,160.53500366210938,187.06500244140625,160.61489868164062,27600.0,14231.0
2024-09-18 14:58:00+00:00,187.09500122070312,160.65499877929688,187.09500122070312,160.65499877929688,187.13499450683594,160.65499877929688,187.05999755859375,160.55999755859375,187.0800018310547,160.57000732421875,23236.0,12033.0
2024-09-18 14:59:00+00:00,187.09500122070312,160.6300048828125,187.09500122070312,160.6300048828125,187.16000366210938,160.6649932861328,187.09500122070312,160.5850067138672,187.10000610351562,160.6649932861328,22311.0,13257.0
2024-09-18 15:00:00+00:00,187.16000366210938,160.66000366210938,187.16000366210938,160.66000366210938,187.25,160.66029357910156,187.0749969482422,160.6199951171875,187.09500122070312,160.63499450683594,41347.0,12255.0
2024-09-18 15:01:00+00:00,187.16000366210938,160.77000427246094,187.16000366210938,160.77000427246094,187.2366943359375,160.77000427246094,187.10000610351562,160.61000061035156,187.16000366210938,160.64999389648438,21547.0,15479.0
2024-09-18 15:02:00+00:00,187.14999389648438,160.6999969482422,187.14999389648438,160.6999969482422,187.19500732421875,160.7779998779297,187.1199951171875,160.6999969482422,187.19000244140625,160.75999450683594,17775.0,10976.0
2024-09-18 15:03:00+00:00,187.2100067138672,160.6999969482422,187.2100067138672,160.6999969482422,187.2100067138672,160.6999969482422,187.08999633789062,160.64999389648438,187.13009643554688,160.6699981689453,28464.0,8522.0
2024-09-18 15:04:00+00:00,187.11180114746094,160.6790008544922,187.11180114746094,160.6790008544922,187.2198028564453,160.75390625,187.11000061035156,160.6699981689453,187.2198028564453,160.75390625,24667.0,23151.0
2024-09-18 15:05:00+00:00,187.07000732421875,160.72000122070312,187.07000732421875,160.72000122070312,187.11279296875,160.72999572753906,187.05999755859375,160.67999267578125,187.10000610351562,160.67999267578125,20393.0,11773.0
2024-09-18 15:06:00+00:00,186.8527069091797,160.5500030517578,186.8527069091797,160.5500030517578,186.97999572753906,160.63999938964844,186.8527069091797,160.52999877929688,186.97999572753906,160.63999938964844,30962.0,15301.0
2024-09-18 15:07:00+00:00,186.84669494628906,160.49000549316406,186.84669494628906,160.49000549316406,186.8699951171875,160.5399932861328,186.82009887695312,160.47000122070312,186.85000610351562,160.5399932861328,19253.0,12663.0
2024-09-18 15:08:00+00:00,186.83999633789062,160.47999572753906,186.83999633789062,160.47999572753906,186.8699951171875,160.49000549316406,186.69000244140625,160.43040466308594,186.83009338378906,160.47000122070312,28390.0,11720.0
2024-09-18 15:09:00+00:00,186.75,160.3800048828125,186.75,160.3800048828125,186.85000610351562,160.47999572753906,186.72059631347656,160.375,186.83999633789062,160.47999572753906,21373.0,11126.0
2024-09-18 15:10:00+00:00,186.7050018310547,160.3800048828125,186.7050018310547,160.3800048828125,186.77000427246094,160.3800048828125,186.60000610351562,160.27000427246094,186.77000427246094,160.3800048828125,27322.0,21310.0
2024-09-18 15:11:00+00:00,186.63009643554688,160.36000061035156,186.63009643554688,160.36000061035156,186.63009643554688,160.3800048828125,186.63009643554688,160.34109497070312,186.63009643554688,160.375,20678.0,9700.0
2024-09-18 15:12:00+00:00,186.66000366210938,160.2801971435547,186.66000366210938,160.2801971435547,186.66000366210938,160.32000732421875,186.52999877929688,160.27099609375,186.6300048828125,160.32000732421875,19733.0,16151.0
2024-09-18 15:13:00+00:00,186.64999389648438,160.3000030517578,186.64999389648438,160.3000030517578,186.65130615234375,160.3000030517578,186.57000732421875,160.21270751953125,186.6199951171875,160.27999877929688,15254.0,15267.0
2024-09-18 15:14:00+00:00,186.69000244140625,160.3386993408203,186.69000244140625,160.3386993408203,186.6999969482422,160.36920166015625,186.63999938964844,160.281005859375,186.6649932861328,160.30499267578125,24657.0,37289.0
2024-09-18 15:15:00+00:00,186.64999389648438,160.402099609375,186.64999389648438,160.402099609375,186.6999969482422,160.402099609375,186.59010314941406,160.32000732421875,186.68499755859375,160.35000610351562,24044.0,10029.0
2024-09-18 15:16:00+00:00,186.6649932861328,160.36000061035156,186.6649932861328,160.36000061035156,186.74000549316406,160.42999267578125,186.63999938964844,160.36000061035156,186.6999969482422,160.4199981689453,21707.0,18404.0
2024-09-18 15:17:00+00:00,186.62060546875,160.3699951171875,186.62060546875,160.3699951171875,186.67010498046875,160.3800048828125,186.55999755859375,160.3300018310547,186.64999389648438,160.3800048828125,16863.0,10078.0
2024-09-18 15:18:00+00:00,186.60000610351562,160.36000061035156,186.60000610351562,160.36000061035156,186.66000366210938,160.40769958496094,186.58399963378906,160.36000061035156,186.6219940185547,160.36000061035156,13023.0,12074.0
2024-09-18 15:19:00+00:00,186.59500122070312,160.33999633789062,186.59500122070312,160.33999633789062,186.61410522460938,160.36000061035156,186.5449981689453,160.31900024414062,186.5850067138672,160.31900024414062,17692.0,7595.0
2024-09-18 15:20:00+00:00,186.4344940185547,160.1374053955078,186.4344940185547,160.1374053955078,186.60000610351562,160.3300018310547,186.41000366210938,160.11000061035156,186.59500122070312,160.3300018310547,27112.0,27711.0
2024-09-18 15:21:00+00:00,186.27000427246094,160.1999969482422,186.27000427246094,160.1999969482422,186.4499969482422,160.2198944091797,186.27000427246094,160.13999938964844,186.4272003173828,160.13999938964844,56532.0,10230.0
2024-09-18 15:22:00+00:00,186.28900146484375,160.1999969482422,186.28900146484375,160.1999969482422,186.3699951171875,160.23500061035156,186.25,160.1510009765625,186.27000427246094,160.2100067138672,38491.0,16315.0
2024-09-18 15:23:00+00:00,186.19000244140625,160.17990112304688,186.19000244140625,160.17990112304688,186.27999877929688,160.19500732421875,186.1750030517578,160.13999938964844,186.27999877929688,160.19500732421875,28825.0,10445.0
2024-09-18 15:24:00+00:00,186.30499267578125,160.14500427246094,186.30499267578125,160.14500427246094,186.3302001953125,160.2091064453125,186.1699981689453,160.14500427246094,186.19000244140625,160.19000244140625,26498.0,13408.0
2024-09-18 15:25:00+00:00,186.22999572753906,160.0500030517578,186.22999572753906,160.0500030517578,186.33990478515625,160.19000244140625,186.2100067138672,160.02999877929688,186.30169677734375,160.16000366210938,18794.0,28958.0
2024-09-18 15:26:00+00:00,186.34500122070312,160.08999633789062,186.34500122070312,160.08999633789062,186.34649658203125,160.13999938964844,186.23500061035156,160.0500030517578,186.23500061035156,160.0800018310547,23798.0,24688.0
2024-09-18 15:27:00+00:00,186.375,160.1649932861328,186.375,160.1649932861328,186.4199981689453,160.19000244140625,186.3000030517578,160.07000732421875,186.3000030517578,160.0800018310547,20665.0,18236.0
2024-09-18 15:28:00+00:00,186.55999755859375,160.27999877929688,186.55999755859375,160.27999877929688,186.55999755859375,160.29200744628906,186.3708953857422,160.16000366210938,186.39999389648438,160.16000366210938,27561.0,12781.0
2024-09-18 15:29:00+00:00,186.57000732421875,160.25999450683594,186.57000732421875,160.25999450683594,186.58900451660156,160.2978973388672,186.47999572753906,160.25010681152344,186.51499938964844,160.27000427246094,36109.0,12487.0
2024-09-18 15:30:00+00:00,186.375,160.18099975585938,186.375,160.18099975585938,186.57000732421875,160.27999877929688,186.35009765625,160.16259765625,186.57000732421875,160.27999877929688,31694.0,16067.0
2024-09-18 15:31:00+00:00,186.41000366210938,160.18499755859375,186.41000366210938,160.18499755859375,186.4398956298828,160.24000549316406,186.37210083007812,160.17999267578125,186.375,160.19000244140625,17431.0,9413.0
2024-09-18 15:32:00+00:00,186.32000732421875,160.14999389648438,186.32000732421875,160.14999389648438,186.41000366210938,160.1820068359375,186.2899932861328,160.0709991455078,186.41000366210938,160.17999267578125,23867.0,20451.0
2024-09-18 15:33:00+00:00,186.28750610351562,160.0626983642578,186.28750610351562,160.0626983642578,186.32249450683594,160.14109802246094,186.23800659179688,160.0399932861328,186.31500244140625,160.14109802246094,18365.0,16404.0
2024-09-18 15:34:00+00:00,186.33999633789062,160.09500122070312,186.33999633789062,160.09500122070312,186.3699951171875,160.09500122070312,186.30999755859375,160.0500030517578,186.32249450683594,160.07000732421875,20005.0,21070.0
2024-09-18 15:35:00+00:00,186.27999877929688,160.0500030517578,186.27999877929688,160.0500030517578,186.3800048828125,160.08999633789062,186.22999572753906,160.00999450683594,186.33999633789062,160.08999633789062,30205.0,16817.0
2024-09-18 15:36:00+00:00,186.24000549316406,160.00999450683594,186.24000549316406,160.00999450683594,186.2899932861328,160.07000732421875,186.2100067138672,159.97999572753906,186.27499389648438,160.0491943359375,23018.0,31874.0
2024-09-18 15:37:00+00:00,186.24000549316406,160.03500366210938,186.24000549316406,160.03500366210938,186.36000061035156,160.08990478515625,186.1999969482422,160.0050048828125,186.22500610351562,160.00999450683594,37395.0,17689.0
2024-09-18 15:38:00+00:00,186.22999572753906,160.09129333496094,186.22999572753906,160.09129333496094,186.24000549316406,160.09500122070312,186.14999389648438,160.02000427246094,186.22999572753906,160.02999877929688,23350.0,8286.0
2024-09-18 15:39:00+00:00,186.0850067138672,160.02000427246094,186.0850067138672,160.02000427246094,186.24000549316406,160.0850067138672,186.07650756835938,159.97999572753906,186.22999572753906,160.0850067138672,26884.0,10929.0
2024-09-18 15:40:00+00:00,185.99000549316406,160.0500946044922,185.99000549316406,160.0500946044922,186.10000610351562,160.07000732421875,185.9499969482422,160.01119995117188,186.0800018310547,160.01400756835938,50959.0,8472.0
2024-09-18 15:41:00+00:00,185.89999389648438,160.02000427246094,185.89999389648438,160.02000427246094,186.02000427246094,160.07000732421875,185.8699951171875,160.00999450683594,185.98989868164062,160.07000732421875,36952.0,9675.0
2024-09-18 15:42:00+00:00,185.9499969482422,160.0,185.9499969482422,160.0,185.97000122070312,160.0142059326172,185.86000061035156,159.97999572753906,185.89500427246094,160.00999450683594,54537.0,11803.0
2024-09-18 15:43:00+00:00,185.94329833984375,160.0175018310547,185.94329833984375,160.0175018310547,185.94329833984375,160.02999877929688,185.85000610351562,160.0,185.93499755859375,160.01400756835938,26018.0,18540.0
2024-09-18 15:44:00+00:00,185.9600067138672,159.9600067138672,185.9600067138672,159.9600067138672,186.0,160.02499389648438,185.93499755859375,159.9199981689453,185.9499969482422,160.02000427246094,34947.0,30125.0
2024-09-18 15:45:00+00:00,185.8990020751953,159.93499755859375,185.8990020751953,159.93499755859375,185.9949951171875,159.9949951171875,185.8699951171875,159.91600036621094,185.97999572753906,159.97000122070312,29635.0,15104.0
2024-09-18 15:46:00+00:00,185.72999572753906,159.8000030517578,185.72999572753906,159.8000030517578,185.91000366210938,159.97000122070312,185.66000366210938,159.74000549316406,185.90499877929688,159.92999267578125,69460.0,25549.0
2024-09-18 15:47:00+00:00,185.71009826660156,159.66600036621094,185.71009826660156,159.66600036621094,185.77999877929688,159.8300018310547,185.67999267578125,159.66000366210938,185.7449951171875,159.82000732421875,31561.0,24993.0
2024-09-18 15:48:00+00:00,185.77000427246094,159.7165985107422,185.77000427246094,159.7165985107422,185.86000061035156,159.74000549316406,185.72000122070312,159.66000366210938,185.72000122070312,159.6699981689453,25852.0,16198.0
2024-09-18 15:49:00+00:00,185.8300018310547,159.76499938964844,185.8300018310547,159.76499938964844,185.83999633789062,159.76499938964844,185.75999450683594,159.6999969482422,185.75999450683594,159.7100067138672,13547.0,9304.0
2024-09-18 15:50:00+00:00,185.93499755859375,159.89999389648438,185.93499755859375,159.89999389648438,185.94500732421875,159.91000366210938,185.8249969482422,159.7899932861328,185.8249969482422,159.7899932861328,22282.0,13649.0
2024-09-18 15:51:00+00:00,185.77999877929688,159.78500366210938,185.77999877929688,159.78500366210938,185.9499969482422,159.9199981689453,185.77999877929688,159.78500366210938,185.94000244140625,159.88999938964844,28099.0,9501.0
2024-09-18 15:52:00+00:00,185.9499969482422,159.86000061035156,185.9499969482422,159.86000061035156,185.95849609375,159.86000061035156,185.8197021484375,159.78500366210938,185.8197021484375,159.78500366210938,26419.0,9972.0
2024-09-18 15:53:00+00:00,185.9517059326172,159.84500122070312,185.9517059326172,159.84500122070312,185.97320556640625,159.875,185.8699951171875,159.8300018310547,185.9600067138672,159.83999633789062,21878.0,13167.0
2024-09-18 15:54:00+00:00,185.94000244140625,159.8300018310547,185.94000244140625,159.8300018310547,185.9774932861328,159.8531036376953,185.91000366210938,159.80999755859375,185.9550018310547,159.85000610351562,30606.0,12551.0
2024-09-18 15:55:00+00:00,186.02749633789062,159.82000732421875,186.02749633789062,159.82000732421875,186.02999877929688,159.83999633789062,185.92999267578125,159.80999755859375,185.92999267578125,159.8300018310547,18869.0,9141.0
2024-09-18 15:56:00+00:00,185.9550018310547,159.8000030517578,185.9550018310547,159.8000030517578,186.02870178222656,159.82000732421875,185.94000244140625,159.77499389648438,186.02499389648438,159.81500244140625,20648.0,13828.0
2024-09-18 15:57:00+00:00,185.92799377441406,159.8699951171875,185.92799377441406,159.8699951171875,185.97999572753906,159.8699951171875,185.9199981689453,159.79629516601562,185.9550018310547,159.80999755859375,12831.0,8373.0
2024-09-18 15:58:00+00:00,185.9600067138672,159.85000610351562,185.9600067138672,159.85000610351562,185.96499633789062,159.86000061035156,185.89010620117188,159.80999755859375,185.9149932861328,159.85000610351562,37469.0,9837.0
2024-09-18 15:59:00+00:00,185.76919555664062,159.83999633789062,185.76919555664062,159.83999633789062,185.94000244140625,159.83999633789062,185.75,159.8000030517578,185.9300994873047,159.83999633789062,21215.0,11185.0
2024-09-18 16:00:00+00:00,185.8699951171875,159.88270568847656,185.8699951171875,159.88270568847656,185.8699951171875,159.88270568847656,185.64999389648438,159.77999877929688,185.75,159.83999633789062,58881.0,12892.0
2024-09-18 16:01:00+00:00,185.85000610351562,159.875,185.85000610351562,159.875,185.9499969482422,159.93499755859375,185.80499267578125,159.85499572753906,185.8699951171875,159.8800048828125,31383.0,13117.0
2024-09-18 16:02:00+00:00,185.8249969482422,159.85499572753906,185.8249969482422,159.85499572753906,185.86619567871094,159.8800048828125,185.77999877929688,159.8300018310547,185.84500122070312,159.8699951171875,32116.0,11547.0
2024-09-18 16:03:00+00:00,185.7550048828125,159.81500244140625,185.7550048828125,159.81500244140625,185.84979248046875,159.91000366210938,185.72000122070312,159.80599975585938,185.84979248046875,159.8699951171875,54589.0,8656.0
2024-09-18 16:04:00+00:00,185.72669982910156,159.8249969482422,185.72669982910156,159.8249969482422,185.7899932861328,159.85659790039062,185.69000244140625,159.80999755859375,185.7751007080078,159.80999755859375,17626.0,12141.0
2024-09-18 16:05:00+00:00,185.6999969482422,159.8699951171875,185.6999969482422,159.8699951171875,185.72000122070312,159.88999938964844,185.66000366210938,159.83999633789062,185.71099853515625,159.83999633789062,31941.0,8773.0
2024-09-18 16:06:00+00:00,185.7050018310547,159.94960021972656,185.7050018310547,159.94960021972656,185.7050018310547,159.94960021972656,185.64999389648438,159.8699951171875,185.6999969482422,159.8800048828125,20797.0,10546.0
2024-09-18 16:07:00+00:00,185.77999877929688,160.0399932861328,185.77999877929688,160.0399932861328,185.77999877929688,160.0399932861328,185.69500732421875,159.9320068359375,185.69500732421875,159.94000244140625,35183.0,15667.0
2024-09-18 16:08:00+00:00,185.79449462890625,160.09640502929688,185.79449462890625,160.09640502929688,185.8699951171875,160.1199951171875,185.77000427246094,160.04209899902344,185.7899932861328,160.04209899902344,22730.0,14117.0
2024-09-18 16:09:00+00:00,185.8343963623047,160.093994140625,185.8343963623047,160.093994140625,185.85000610351562,160.10000610351562,185.77000427246094,160.0749969482422,185.78500366210938,160.08999633789062,15183.0,9888.0
2024-09-18 16:10:00+00:00,186.0019989013672,160.10000610351562,186.0019989013672,160.10000610351562,186.01499938964844,160.1199951171875,185.9425048828125,160.10000610351562,185.9604949951172,160.11990356445312,30647.0,10927.0
2024-09-18 16:11:00+00:00,186.05999755859375,160.13600158691406,186.05999755859375,160.13600158691406,186.0800018310547,160.13980102539062,185.99000549316406,160.10499572753906,185.99000549316406,160.10499572753906,26434.0,10893.0
2024-09-18 16:12:00+00:00,186.02999877929688,160.19000244140625,186.02999877929688,160.19000244140625,186.07000732421875,160.2100067138672,186.02000427246094,160.1199951171875,186.05999755859375,160.1300048828125,15587.0,12658.0
2024-09-18 16:13:00+00:00,186.10000610351562,160.1999969482422,186.10000610351562,160.1999969482422,186.10000610351562,160.22000122070312,186.0399932861328,160.19000244140625,186.0399932861328,160.1999969482422,28068.0,10170.0
2024-09-18 16:14:00+00:00,186.1699981689453,160.24000549316406,186.1699981689453,160.24000549316406,186.17999267578125,160.24000549316406,186.10400390625,160.1649932861328,186.10499572753906,160.2100067138672,28055.0,10479.0
2024-09-18 16:15:00+00:00,186.33999633789062,160.26499938964844,186.33999633789062,160.26499938964844,186.33999633789062,160.27000427246094,186.1649932861328,160.22000122070312,186.1699981689453,160.23500061035156,36237.0,15185.0
2024-09-18 16:16:00+00:00,186.44000244140625,160.3300018310547,186.44000244140625,160.3300018310547,186.44000244140625,160.36000061035156,186.35400390625,160.27999877929688,186.36000061035156,160.29989624023438,26466.0,8926.0
2024-09-18 16:17:00+00:00,186.44500732421875,160.36000061035156,186.44500732421875,160.36000061035156,186.4499969482422,160.36000061035156,186.35000610351562,160.31500244140625,186.42010498046875,160.32000732421875,97199.0,10952.0
2024-09-18 16:18:00+00:00,186.41000366210938,160.36500549316406,186.41000366210938,160.36500549316406,186.4600067138672,160.39999389648438,186.36700439453125,160.35499572753906,186.44000244140625,160.36500549316406,50781.0,15129.0
2024-09-18 16:19:00+00:00,186.39999389648438,160.3000030517578,186.39999389648438,160.3000030517578,186.44000244140625,160.3699951171875,186.38499450683594,160.3000030517578,186.39999389648438,160.35000610351562,22294.0,20636.0
2024-09-18 16:20:00+00:00,186.49000549316406,160.3699951171875,186.49000549316406,160.3699951171875,186.5124969482422,160.3800048828125,186.38999938964844,160.31089782714844,186.39999389648438,160.31089782714844,25086.0,7541.0
2024-09-18 16:21:00+00:00,186.47000122070312,160.30999755859375,186.47000122070312,160.30999755859375,186.5,160.38999938964844,186.41000366210938,160.2899932861328,186.49000549316406,160.3699951171875,96765.0,13512.0
2024-09-18 16:22:00+00:00,186.49000549316406,160.36000061035156,186.49000549316406,160.36000061035156,186.4980010986328,160.36000061035156,186.3957061767578,160.30999755859375,186.47000122070312,160.30999755859375,29323.0,8496.0
2024-09-18 16:23:00+00:00,186.52000427246094,160.3708953857422,186.52000427246094,160.3708953857422,186.6199951171875,160.39999389648438,186.47999572753906,160.33999633789062,186.47999572753906,160.35499572753906,36735.0,12577.0
2024-09-18 16:24:00+00:00,186.4250030517578,160.4199981689453,186.4250030517578,160.4199981689453,186.57000732421875,160.44500732421875,186.4250030517578,160.38999938964844,186.5200958251953,160.38999938964844,15321.0,16077.0
2024-09-18 16:25:00+00:00,186.4949951171875,160.47000122070312,186.4949951171875,160.47000122070312,186.50999450683594,160.47000122070312,186.44000244140625,160.39999389648438,186.4539031982422,160.39999389648438,15838.0,9619.0
2024-09-18 16:26:00+00:00,186.5,160.4248046875,186.5,160.4248046875,186.55999755859375,160.47500610351562,186.4510040283203,160.39999389648438,186.50250244140625,160.47500610351562,19283.0,11115.0
2024-09-18 16:27:00+00:00,186.57000732421875,160.5399932861328,186.57000732421875,160.5399932861328,186.57000732421875,160.5399932861328,186.47999572753906,160.4199981689453,186.47999572753906,160.4237060546875,17660.0,12845.0
2024-09-18 16:28:00+00:00,186.5749969482422,160.52000427246094,186.5749969482422,160.52000427246094,186.5850067138672,160.58999633789062,186.5399932861328,160.5019989013672,186.57000732421875,160.5399932861328,28992.0,18843.0
2024-09-18 16:29:00+00:00,186.56199645996094,160.4199981689453,186.56199645996094,160.4199981689453,186.61000061035156,160.52000427246094,186.5500030517578,160.39999389648438,186.5800018310547,160.52000427246094,21008.0,10623.0
2024-09-18 16:30:00+00:00,186.5050048828125,160.4250030517578,186.5050048828125,160.4250030517578,186.60000610351562,160.47999572753906,186.47999572753906,160.4149932861328,186.58999633789062,160.44000244140625,36092.0,8461.0
2024-09-18 16:31:00+00:00,186.52000427246094,160.39500427246094,186.52000427246094,160.39500427246094,186.52000427246094,160.44500732421875,186.4600067138672,160.39500427246094,186.5,160.4199981689453,14999.0,7112.0
2024-09-18 16:32:00+00:00,186.42999267578125,160.375,186.42999267578125,160.375,186.50999450683594,160.40020751953125,186.42999267578125,160.35000610351562,186.50999450683594,160.40020751953125,11868.0,7653.0
2024-09-18 16:33:00+00:00,186.40980529785156,160.3800048828125,186.40980529785156,160.3800048828125,186.44000244140625,160.38999938964844,186.3699951171875,160.33999633789062,186.42999267578125,160.3798065185547,21220.0,9456.0
2024-09-18 16:34:00+00:00,186.389892578125,160.3300018310547,186.389892578125,160.3300018310547,186.44000244140625,160.38999938964844,186.3249969482422,160.3300018310547,186.3748016357422,160.3699951171875,22808.0,7401.0
2024-09-18 16:35:00+00:00,186.41000366210938,160.3249969482422,186.41000366210938,160.3249969482422,186.42970275878906,160.33999633789062,186.30999755859375,160.2899932861328,186.39999389648438,160.3300018310547,24904.0,9638.0
2024-09-18 16:36:00+00:00,186.4499969482422,160.43310546875,186.4499969482422,160.43310546875,186.47470092773438,160.4499053955078,186.38900756835938,160.3300018310547,186.41000366210938,160.3300018310547,21814.0,12873.0
2024-09-18 16:37:00+00:00,186.3809051513672,160.3961944580078,186.3809051513672,160.3961944580078,186.4550018310547,160.4407958984375,186.37010192871094,160.37759399414062,186.41250610351562,160.4407958984375,19777.0,21314.0
2024-09-18 16:38:00+00:00,186.375,160.30999755859375,186.375,160.30999755859375,186.39999389648438,160.38099670410156,186.32000732421875,160.30999755859375,186.39999389648438,160.38099670410156,16240.0,25094.0
2024-09-18 16:39:00+00:00,186.36000061035156,160.24000549316406,186.36000061035156,160.24000549316406,186.41250610351562,160.32000732421875,186.35000610351562,160.24000549316406,186.39259338378906,160.32000732421875,20199.0,21515.0
2024-09-18 16:40:00+00:00,186.24000549316406,160.1199951171875,186.24000549316406,160.1199951171875,186.3800048828125,160.22999572753906,186.22999572753906,160.1199951171875,186.3699951171875,160.2100067138672,20678.0,24209.0
2024-09-18 16:41:00+00:00,186.3032989501953,160.22999572753906,186.3032989501953,160.22999572753906,186.32000732421875,160.22999572753906,186.25079345703125,160.13999938964844,186.26499938964844,160.13999938964844,23320.0,14730.0
2024-09-18 16:42:00+00:00,186.27999877929688,160.1999969482422,186.27999877929688,160.1999969482422,186.3800048828125,160.25999450683594,186.26010131835938,160.1999969482422,186.3300018310547,160.22000122070312,14157.0,10100.0
2024-09-18 16:43:00+00:00,186.38999938964844,160.22999572753906,186.38999938964844,160.22999572753906,186.38999938964844,160.22999572753906,186.24000549316406,160.17999267578125,186.27999877929688,160.1999969482422,89252.0,12267.0
2024-09-18 16:44:00+00:00,186.3000030517578,160.19000244140625,186.3000030517578,160.19000244140625,186.42999267578125,160.24000549316406,186.27999877929688,160.19000244140625,186.3699951171875,160.22999572753906,19154.0,17159.0
2024-09-18 16:45:00+00:00,186.3249969482422,160.14999389648438,186.3249969482422,160.14999389648438,186.32969665527344,160.19000244140625,186.27000427246094,160.1300048828125,186.27499389648438,160.19000244140625,10773.0,18338.0
2024-09-18 16:46:00+00:00,186.3800048828125,160.1999969482422,186.3800048828125,160.1999969482422,186.38250732421875,160.1999969482422,186.30999755859375,160.14999389648438,186.32000732421875,160.1649932861328,12819.0,8124.0
2024-09-18 16:47:00+00:00,186.41000366210938,160.2299041748047,186.41000366210938,160.2299041748047,186.42999267578125,160.24000549316406,186.3300018310547,160.1649932861328,186.3699951171875,160.20660400390625,21252.0,13299.0
2024-09-18 16:48:00+00:00,186.39999389648438,160.1999969482422,186.39999389648438,160.1999969482422,186.435302734375,160.24000549316406,186.3699951171875,160.1999969482422,186.4199981689453,160.22999572753906,21146.0,5881.0
2024-09-18 16:49:00+00:00,186.3800048828125,160.19000244140625,186.3800048828125,160.19000244140625,186.42999267578125,160.1999969482422,186.360107421875,160.17999267578125,186.39500427246094,160.19000244140625,16200.0,9931.0
2024-09-18 16:50:00+00:00,186.5399932861328,160.2471923828125,186.5399932861328,160.2471923828125,186.5399932861328,160.25999450683594,186.38999938964844,160.19000244140625,186.38999938964844,160.19000244140625,32413.0,17200.0
2024-09-18 16:51:00+00:00,186.50999450683594,160.30999755859375,186.50999450683594,160.30999755859375,186.5800018310547,160.30999755859375,186.49000549316406,160.24000549316406,186.5500030517578,160.24000549316406,40300.0,13535.0
2024-09-18 16:52:00+00:00,186.52000427246094,160.25999450683594,186.52000427246094,160.25999450683594,186.57000732421875,160.35000610351562,186.49000549316406,160.25999450683594,186.50999450683594,160.3300018310547,16063.0,21302.0
2024-09-18 16:53:00+00:00,186.54249572753906,160.22500610351562,186.54249572753906,160.22500610351562,186.55999755859375,160.25999450683594,186.5200958251953,160.22000122070312,186.52630615234375,160.25999450683594,20120.0,20035.0
2024-09-18 16:54:00+00:00,186.60009765625,160.32000732421875,186.60009765625,160.32000732421875,186.64999389648438,160.3300018310547,186.5399932861328,160.24000549316406,186.55990600585938,160.24000549316406,28207.0,10284.0
2024-09-18 16:55:00+00:00,186.58999633789062,160.30999755859375,186.58999633789062,160.30999755859375,186.6300048828125,160.33970642089844,186.57000732421875,160.3000030517578,186.60000610351562,160.32000732421875,15290.0,20446.0
2024-09-18 16:56:00+00:00,186.60000610351562,160.33999633789062,186.60000610351562,160.33999633789062,186.6696014404297,160.36000061035156,186.5449981689453,160.27999877929688,186.60000610351562,160.30999755859375,40325.0,18177.0
2024-09-18 16:57:00+00:00,186.66000366210938,160.3000030517578,186.66000366210938,160.3000030517578,186.6999969482422,160.39999389648438,186.55999755859375,160.3000030517578,186.60000610351562,160.35000610351562,87594.0,16453.0
2024-09-18 16:58:00+00:00,186.6300048828125,160.24000549316406,186.6300048828125,160.24000549316406,186.71009826660156,160.3137969970703,186.61199951171875,160.24000549316406,186.66000366210938,160.3000030517578,19657.0,19686.0
2024-09-18 16:59:00+00:00,186.66000366210938,160.27499389648438,186.66000366210938,160.27499389648438,186.75999450683594,160.32000732421875,186.622802734375,160.23500061035156,186.64999389648438,160.24620056152344,26901.0,23578.0
2024-09-18 17:00:00+00:00,186.610107421875,160.17999267578125,186.610107421875,160.17999267578125,186.6999969482422,160.3249969482422,186.60800170898438,160.1699981689453,186.6649932861328,160.27499389648438,31007.0,33797.0
2024-09-18 17:01:00+00:00,186.6300048828125,160.1999969482422,186.6300048828125,160.1999969482422,186.64999389648438,160.1999969482422,186.60000610351562,160.1501007080078,186.639892578125,160.1699981689453,20902.0,25702.0
2024-09-18 17:02:00+00:00,186.63999938964844,160.27499389648438,186.63999938964844,160.27499389648438,186.66000366210938,160.27999877929688,186.5780029296875,160.17999267578125,186.63999938964844,160.2299041748047,23927.0,14103.0
2024-09-18 17:03:00+00:00,186.64500427246094,160.25999450683594,186.64500427246094,160.25999450683594,186.6999969482422,160.31500244140625,186.64500427246094,160.2550048828125,186.6699981689453,160.2899932861328,35648.0,20738.0
2024-09-18 17:04:00+00:00,186.61000061035156,160.30499267578125,186.61000061035156,160.30499267578125,186.66000366210938,160.3249969482422,186.5850067138672,160.26010131835938,186.66000366210938,160.26010131835938,31265.0,12137.0
2024-09-18 17:05:00+00:00,186.62989807128906,160.27000427246094,186.62989807128906,160.27000427246094,186.6300048828125,160.31500244140625,186.5800018310547,160.26499938964844,186.61000061035156,160.31500244140625,14849.0,9293.0
2024-09-18 17:06:00+00:00,186.64999389648438,160.23500061035156,186.64999389648438,160.23500061035156,186.66000366210938,160.28500366210938,186.6136932373047,160.22000122070312,186.6199951171875,160.28500366210938,11259.0,11242.0
2024-09-18 17:07:00+00:00,186.64500427246094,160.27000427246094,186.64500427246094,160.27000427246094,186.66000366210938,160.3000030517578,186.58999633789062,160.21499633789062,186.6300048828125,160.22999572753906,8577.0,11273.0
2024-09-18 17:08:00+00:00,186.6992950439453,160.3000030517578,186.6992950439453,160.3000030517578,186.7100067138672,160.3249969482422,186.6300048828125,160.27999877929688,186.6300048828125,160.30999755859375,16746.0,7053.0
2024-09-18 17:09:00+00:00,186.7100067138672,160.27000427246094,186.7100067138672,160.27000427246094,186.72999572753906,160.30999755859375,186.69000244140625,160.26499938964844,186.7100067138672,160.30499267578125,21526.0,9930.0
2024-09-18 17:10:00+00:00,186.85499572753906,160.3249969482422,186.85499572753906,160.3249969482422,186.8699951171875,160.3300018310547,186.69000244140625,160.27999877929688,186.6999969482422,160.27999877929688,35640.0,10288.0
2024-09-18 17:11:00+00:00,186.80999755859375,160.32000732421875,186.80999755859375,160.32000732421875,186.85000610351562,160.36000061035156,186.77999877929688,160.32000732421875,186.85000610351562,160.35499572753906,13912.0,12937.0
2024-09-18 17:12:00+00:00,186.6649932861328,160.25999450683594,186.6649932861328,160.25999450683594,186.83999633789062,160.35000610351562,186.64999389648438,160.25,186.80999755859375,160.3300018310547,20027.0,22202.0
2024-09-18 17:13:00+00:00,186.73500061035156,160.2899932861328,186.73500061035156,160.2899932861328,186.77999877929688,160.30499267578125,186.67359924316406,160.27000427246094,186.67999267578125,160.27000427246094,13082.0,12083.0
2024-09-18 17:14:00+00:00,186.7113037109375,160.27029418945312,186.7113037109375,160.27029418945312,186.74000549316406,160.30499267578125,186.70010375976562,160.26820373535156,186.74000549316406,160.2949981689453,17339.0,10061.0
2024-09-18 17:15:00+00:00,186.60000610351562,160.25,186.60000610351562,160.25,186.7357940673828,160.30999755859375,186.60000610351562,160.25,186.72000122070312,160.27999877929688,22487.0,15813.0
2024-09-18 17:16:00+00:00,186.57009887695312,160.2899932861328,186.57009887695312,160.2899932861328,186.63999938964844,160.2899932861328,186.5565948486328,160.24000549316406,186.6199951171875,160.25999450683594,17173.0,12282.0
2024-09-18 17:17:00+00:00,186.64999389648438,160.27000427246094,186.64999389648438,160.27000427246094,186.6649932861328,160.3155975341797,186.58999633789062,160.27000427246094,186.59500122070312,160.30499267578125,18054.0,7477.0
2024-09-18 17:18:00+00:00,186.61160278320312,160.25439453125,186.61160278320312,160.25439453125,186.67999267578125,160.27999877929688,186.58999633789062,160.25439453125,186.66050720214844,160.27000427246094,9832.0,10492.0
2024-09-18 17:19:00+00:00,186.67999267578125,160.30999755859375,186.67999267578125,160.30999755859375,186.72000122070312,160.33009338378906,186.60000610351562,160.25,186.61000061035156,160.25,23917.0,12229.0
2024-09-18 17:20:00+00:00,186.6699981689453,160.25619506835938,186.6699981689453,160.25619506835938,186.72999572753906,160.32879638671875,186.6699981689453,160.25010681152344,186.6999969482422,160.31500244140625,14662.0,14781.0
2024-09-18 17:21:00+00:00,186.64999389648438,160.21499633789062,186.64999389648438,160.21499633789062,186.69000244140625,160.25,186.63999938964844,160.21499633789062,186.6699981689453,160.24000549316406,14157.0,8353.0
2024-09-18 17:22:00+00:00,186.6199951171875,160.22000122070312,186.6199951171875,160.22000122070312,186.67990112304688,160.22000122070312,186.5850067138672,160.17999267578125,186.66000366210938,160.21600341796875,15170.0,16350.0
2024-09-18 17:23:00+00:00,186.5780029296875,160.19500732421875,186.5780029296875,160.19500732421875,186.63499450683594,160.21499633789062,186.55810546875,160.18499755859375,186.61300659179688,160.21499633789062,13146.0,5320.0
2024-09-18 17:24:00+00:00,186.61000061035156,160.24000549316406,186.61000061035156,160.24000549316406,186.64999389648438,160.24000549316406,186.5800018310547,160.17999267578125,186.61000061035156,160.19000244140625,18156.0,8146.0
2024-09-18 17:25:00+00:00,186.75999450683594,160.32000732421875,186.75999450683594,160.32000732421875,186.75999450683594,160.32200622558594,186.6199951171875,160.27000427246094,186.6199951171875,160.27999877929688,24148.0,12962.0
2024-09-18 17:26:00+00:00,186.73599243164062,160.32899475097656,186.73599243164062,160.32899475097656,186.77999877929688,160.3542938232422,186.73599243164062,160.32000732421875,186.77499389648438,160.33999633789062,13292.0,8892.0
2024-09-18 17:27:00+00:00,186.76499938964844,160.36000061035156,186.76499938964844,160.36000061035156,186.77520751953125,160.3699951171875,186.7100067138672,160.32000732421875,186.72999572753906,160.3300018310547,24055.0,21293.0
2024-09-18 17:28:00+00:00,186.75999450683594,160.34010314941406,186.75999450683594,160.34010314941406,186.7863006591797,160.39999389648438,186.71470642089844,160.33999633789062,186.74989318847656,160.36000061035156,12828.0,9123.0
2024-09-18 17:29:00+00:00,186.85000610351562,160.4499969482422,186.85000610351562,160.4499969482422,186.8800048828125,160.47999572753906,186.74000549316406,160.3699951171875,186.77000427246094,160.37449645996094,64004.0,13406.0
2024-09-18 17:30:00+00:00,186.91419982910156,160.49000549316406,186.91419982910156,160.49000549316406,187.0,160.5399932861328,186.83999633789062,160.4499969482422,186.85000610351562,160.4600067138672,43932.0,16313.0
2024-09-18 17:31:00+00:00,187.0800018310547,160.5399932861328,187.0800018310547,160.5399932861328,187.0800018310547,160.5800018310547,186.91299438476562,160.49000549316406,186.9219970703125,160.5,33395.0,19331.0
2024-09-18 17:32:00+00:00,187.0399932861328,160.59129333496094,187.0399932861328,160.59129333496094,187.16000366210938,160.61000061035156,187.0399932861328,160.5500030517578,187.10000610351562,160.5800018310547,25538.0,8818.0
2024-09-18 17:33:00+00:00,187.0399932861328,160.6199951171875,187.0399932861328,160.6199951171875,187.07000732421875,160.625,187.00999450683594,160.57000732421875,187.02999877929688,160.5800018310547,23757.0,15993.0
2024-09-18 17:34:00+00:00,187.01010131835938,160.5863037109375,187.01010131835938,160.5863037109375,187.04119873046875,160.64199829101562,187.0,160.5850067138672,187.0399932861328,160.64199829101562,14784.0,14621.0
2024-09-18 17:35:00+00:00,187.0399932861328,160.6199951171875,187.0399932861328,160.6199951171875,187.0500030517578,160.64990234375,187.0032958984375,160.5800018310547,187.02000427246094,160.60000610351562,20508.0,12232.0
2024-09-18 17:36:00+00:00,186.9199981689453,160.52999877929688,186.9199981689453,160.52999877929688,187.03990173339844,160.64999389648438,186.89199829101562,160.52499389648438,187.02999877929688,160.61000061035156,55169.0,12060.0
2024-09-18 17:37:00+00:00,186.69119262695312,160.402099609375,186.69119262695312,160.402099609375,186.94000244140625,160.5449981689453,186.5,160.2550048828125,186.9149932861328,160.53660583496094,52612.0,32683.0
2024-09-18 17:38:00+00:00,186.6699981689453,160.2949981689453,186.6699981689453,160.2949981689453,186.74000549316406,160.4080047607422,186.5800018310547,160.27000427246094,186.6999969482422,160.39999389648438,19351.0,19471.0
2024-09-18 17:39:00+00:00,186.6999969482422,160.3300018310547,186.6999969482422,160.3300018310547,186.7050018310547,160.3300018310547,186.64500427246094,160.2550048828125,186.6475067138672,160.2899932861328,14558.0,17846.0
2024-09-18 17:40:00+00:00,186.7100067138672,160.3699951171875,186.7100067138672,160.3699951171875,186.74000549316406,160.39999389648438,186.64500427246094,160.30999755859375,186.7100067138672,160.3300018310547,32632.0,15391.0
2024-09-18 17:41:00+00:00,186.6699981689453,160.31430053710938,186.6699981689453,160.31430053710938,186.7100067138672,160.36000061035156,186.66000366210938,160.3000030517578,186.7050018310547,160.36000061035156,11523.0,6893.0
2024-09-18 17:42:00+00:00,186.6750030517578,160.36000061035156,186.6750030517578,160.36000061035156,186.70989990234375,160.37550354003906,186.63999938964844,160.30999755859375,186.6699981689453,160.3300018310547,16273.0,9184.0
2024-09-18 17:43:00+00:00,186.70579528808594,160.40499877929688,186.70579528808594,160.40499877929688,186.75,160.42999267578125,186.64999389648438,160.35000610351562,186.67999267578125,160.35000610351562,23660.0,8797.0
2024-09-18 17:44:00+00:00,186.8000030517578,160.4499969482422,186.8000030517578,160.4499969482422,186.8000030517578,160.4499969482422,186.69000244140625,160.3800048828125,186.69140625,160.39999389648438,18259.0,12011.0
2024-09-18 17:45:00+00:00,186.82000732421875,160.46499633789062,186.82000732421875,160.46499633789062,186.8800048828125,160.50999450683594,186.8000030517578,160.4499969482422,186.8000030517578,160.4499969482422,21445.0,12747.0
2024-09-18 17:46:00+00:00,186.75999450683594,160.42999267578125,186.75999450683594,160.42999267578125,186.82000732421875,160.4730987548828,186.69000244140625,160.39999389648438,186.8000030517578,160.47000122070312,22005.0,10979.0
2024-09-18 17:47:00+00:00,186.80999755859375,160.41250610351562,186.80999755859375,160.41250610351562,186.83999633789062,160.43499755859375,186.7550048828125,160.40550231933594,186.76939392089844,160.4300994873047,18049.0,10010.0
2024-09-18 17:48:00+00:00,186.88999938964844,160.49000549316406,186.88999938964844,160.49000549316406,186.92999267578125,160.49000549316406,186.8000030517578,160.4250030517578,186.82000732421875,160.4290008544922,24026.0,19206.0
2024-09-18 17:50:00+00:00,186.80499267578125,160.4315948486328,186.80499267578125,160.4315948486328,186.81500244140625,160.44000244140625,186.75999450683594,160.4149932861328,186.81500244140625,160.4199981689453,59435.0,31603.0
2024-09-18 17:51:00+00:00,186.8311004638672,160.41000366210938,186.8311004638672,160.41000366210938,186.843994140625,160.47000122070312,186.7100067138672,160.36000061035156,186.80999755859375,160.4600067138672,20583.0,23331.0
2024-09-18 17:52:00+00:00,186.77999877929688,160.38999938964844,186.77999877929688,160.38999938964844,186.8260040283203,160.41400146484375,186.64999389648438,160.32000732421875,186.8260040283203,160.41200256347656,22612.0,23304.0
2024-09-18 17:53:00+00:00,186.6634063720703,160.360595703125,186.6634063720703,160.360595703125,186.8300018310547,160.41000366210938,186.65199279785156,160.36000061035156,186.75999450683594,160.38999938964844,18766.0,16202.0
2024-09-18 17:54:00+00:00,186.7550048828125,160.3699951171875,186.7550048828125,160.3699951171875,186.77000427246094,160.39999389648438,186.66000366210938,160.3502960205078,186.6750030517578,160.3592071533203,15944.0,11197.0
2024-09-18 17:55:00+00:00,186.72000122070312,160.4053955078125,186.72000122070312,160.4053955078125,186.77000427246094,160.41000366210938,186.6999969482422,160.3699951171875,186.74029541015625,160.39999389648438,34691.0,12115.0
2024-09-18 17:56:00+00:00,186.67999267578125,160.33810424804688,186.67999267578125,160.33810424804688,186.74000549316406,160.39999389648438,186.64779663085938,160.33810424804688,186.74000549316406,160.39999389648438,18165.0,9575.0
2024-09-18 17:57:00+00:00,186.7794952392578,160.4199981689453,186.7794952392578,160.4199981689453,186.7899932861328,160.4499969482422,186.66220092773438,160.33999633789062,186.67999267578125,160.33999633789062,30124.0,11464.0
2024-09-18 17:58:00+00:00,186.75,160.42999267578125,186.75,160.42999267578125,186.8300018310547,160.4499969482422,186.71499633789062,160.38999938964844,186.77200317382812,160.44000244140625,39738.0,21053.0
2024-09-18 17:59:00+00:00,186.8300018310547,160.5,186.8300018310547,160.5,186.94000244140625,160.5500030517578,186.74290466308594,160.41000366210938,186.75999450683594,160.4499969482422,41100.0,31681.0
2024-09-18 18:00:00+00:00,188.00999450683594,161.2100067138672,188.00999450683594,161.2100067138672,188.3000030517578,161.42999267578125,186.25,160.14999389648438,186.80999755859375,160.4499969482422,587595.0,402451.0
2024-09-18 18:01:00+00:00,187.88999938964844,160.47999572753906,187.88999938964844,160.47999572753906,188.45750427246094,161.6300048828125,187.5399932861328,160.1999969482422,188.02000427246094,161.23500061035156,302258.0,234304.0
2024-09-18 18:02:00+00:00,187.69000244140625,160.5279998779297,187.69000244140625,160.5279998779297,188.11000061035156,160.7899932861328,187.52000427246094,160.35000610351562,187.8699951171875,160.4600067138672,155576.0,105029.0
2024-09-18 18:03:00+00:00,187.61000061035156,160.51809692382812,187.61000061035156,160.51809692382812,188.0399932861328,160.83999633789062,187.4001007080078,160.3800048828125,187.6300048828125,160.5,127414.0,62452.0
2024-09-18 18:04:00+00:00,187.7449951171875,160.4499969482422,187.7449951171875,160.4499969482422,187.82989501953125,160.58999633789062,187.55870056152344,160.3699951171875,187.63999938964844,160.57000732421875,87313.0,47581.0
2024-09-18 18:05:00+00:00,187.82000732421875,160.5178985595703,187.82000732421875,160.5178985595703,188.11000061035156,160.63999938964844,187.67999267578125,160.3300018310547,187.77999877929688,160.41000366210938,135360.0,56300.0
2024-09-18 18:06:00+00:00,188.05999755859375,160.67999267578125,188.05999755859375,160.67999267578125,188.0800018310547,160.67999267578125,187.77999877929688,160.47999572753906,187.89759826660156,160.55999755859375,76641.0,49736.0
2024-09-18 18:07:00+00:00,187.72999572753906,160.55999755859375,187.72999572753906,160.55999755859375,188.11000061035156,160.72000122070312,187.6999969482422,160.5500030517578,188.0399932861328,160.67999267578125,112935.0,35959.0
2024-09-18 18:08:00+00:00,187.52999877929688,160.4199981689453,187.52999877929688,160.4199981689453,187.7449951171875,160.5800018310547,187.1300048828125,160.1199951171875,187.74000549316406,160.5800018310547,110395.0,59625.0
2024-09-18 18:09:00+00:00,187.5200958251953,160.58999633789062,187.5200958251953,160.58999633789062,187.67999267578125,160.60000610351562,187.41000366210938,160.42999267578125,187.52999877929688,160.42999267578125,84247.0,35956.0
2024-09-18 18:10:00+00:00,187.6300048828125,160.58099365234375,187.6300048828125,160.58099365234375,187.7100067138672,160.63999938964844,187.47000122070312,160.4600067138672,187.5500030517578,160.6199951171875,63391.0,38142.0
2024-09-18 18:11:00+00:00,187.17999267578125,160.26010131835938,187.17999267578125,160.26010131835938,187.64999389648438,160.60000610351562,187.1302947998047,160.26010131835938,187.64999389648438,160.60000610351562,51873.0,42861.0
2024-09-18 18:12:00+00:00,186.7799072265625,159.97000122070312,186.7799072265625,159.97000122070312,187.3300018310547,160.35699462890625,186.7100067138672,159.9499969482422,187.17999267578125,160.306396484375,93173.0,60869.0
2024-09-18 18:13:00+00:00,186.9550018310547,160.1199951171875,186.9550018310547,160.1199951171875,187.10000610351562,160.22999572753906,186.74000549316406,159.92999267578125,186.77999877929688,159.97999572753906,67504.0,49522.0
2024-09-18 18:14:00+00:00,187.25,160.39999389648438,187.25,160.39999389648438,187.4199981689453,160.47000122070312,186.77000427246094,160.0,186.96949768066406,160.1199951171875,105608.0,68753.0
2024-09-18 18:15:00+00:00,187.47000122070312,160.53500366210938,187.47000122070312,160.53500366210938,187.58999633789062,160.60000610351562,187.25,160.36000061035156,187.32000732421875,160.4499969482422,96973.0,57946.0
2024-09-18 18:16:00+00:00,187.60000610351562,160.5800018310547,187.60000610351562,160.5800018310547,187.61520385742188,160.6414031982422,187.38999938964844,160.47999572753906,187.4600067138672,160.543701171875,57706.0,34154.0
2024-09-18 18:17:00+00:00,187.97000122070312,160.75010681152344,187.97000122070312,160.75010681152344,188.1199951171875,160.8300018310547,187.55999755859375,160.52789306640625,187.6053924560547,160.5540008544922,133089.0,50702.0
2024-09-18 18:18:00+00:00,188.22000122070312,160.8249969482422,188.22000122070312,160.8249969482422,188.22500610351562,160.87440490722656,187.8699951171875,160.67999267578125,188.0,160.8000030517578,87431.0,35978.0
2024-09-18 18:19:00+00:00,188.0491943359375,160.8280029296875,188.0491943359375,160.8280029296875,188.32000732421875,160.9499969482422,187.89999389648438,160.8000030517578,188.22000122070312,160.88690185546875,79449.0,33529.0
2024-09-18 18:20:00+00:00,188.36000061035156,160.9801025390625,188.36000061035156,160.9801025390625,188.36000061035156,161.0,187.92999267578125,160.80999755859375,188.02000427246094,160.8699951171875,91982.0,28684.0
2024-09-18 18:21:00+00:00,188.07000732421875,160.6999969482422,188.07000732421875,160.6999969482422,188.42999267578125,161.0399932861328,188.05999755859375,160.6999969482422,188.3800048828125,161.0399932861328,108134.0,39047.0
2024-09-18 18:22:00+00:00,187.9600067138672,160.66000366210938,187.9600067138672,160.66000366210938,188.05999755859375,160.7100067138672,187.7899932861328,160.5126953125,188.02000427246094,160.63999938964844,63763.0,23819.0
2024-09-18 18:23:00+00:00,187.8300018310547,160.63999938964844,187.8300018310547,160.63999938964844,188.00979614257812,160.70809936523438,187.72999572753906,160.57000732421875,187.96499633789062,160.64999389648438,61569.0,18128.0
2024-09-18 18:24:00+00:00,187.8759002685547,160.6300048828125,187.8759002685547,160.6300048828125,187.94000244140625,160.66000366210938,187.7899932861328,160.57000732421875,187.83999633789062,160.64999389648438,37459.0,13458.0
2024-09-18 18:25:00+00:00,188.0500030517578,160.77999877929688,188.0500030517578,160.77999877929688,188.0572967529297,160.8000030517578,187.83009338378906,160.61000061035156,187.88999938964844,160.66000366210938,62631.0,23904.0
2024-09-18 18:26:00+00:00,187.80999755859375,160.68789672851562,187.80999755859375,160.68789672851562,188.1300048828125,160.8000030517578,187.80999755859375,160.63999938964844,188.08999633789062,160.7899932861328,45553.0,41002.0
2024-09-18 18:27:00+00:00,187.66000366210938,160.50999450683594,187.66000366210938,160.50999450683594,187.83999633789062,160.6699981689453,187.44000244140625,160.36000061035156,187.8249969482422,160.66709899902344,81264.0,59923.0
2024-09-18 18:28:00+00:00,187.8300018310547,160.6300048828125,187.8300018310547,160.6300048828125,187.90499877929688,160.67999267578125,187.6300048828125,160.49000549316406,187.66000366210938,160.49000549316406,50636.0,28681.0
2024-09-18 18:29:00+00:00,187.89010620117188,160.6699981689453,187.89010620117188,160.6699981689453,187.9499969482422,160.75,187.8000030517578,160.61000061035156,187.8300018310547,160.6199951171875,45611.0,20869.0
2024-09-18 18:30:00+00:00,187.9949951171875,160.72999572753906,187.9949951171875,160.72999572753906,188.0399932861328,160.8800048828125,187.88999938964844,160.64999389648438,187.9199981689453,160.66000366210938,55153.0,47956.0
2024-09-18 18:31:00+00:00,187.9600067138672,160.75,187.9600067138672,160.75,188.05999755859375,160.7899932861328,187.8699951171875,160.63999938964844,187.98199462890625,160.75,44170.0,23644.0
2024-09-18 18:32:00+00:00,188.1999969482422,160.93930053710938,188.1999969482422,160.93930053710938,188.22000122070312,161.0,187.92999267578125,160.74000549316406,187.97999572753906,160.77000427246094,82986.0,49936.0
2024-09-18 18:33:00+00:00,188.5800018310547,160.9600067138672,188.5800018310547,160.9600067138672,188.63999938964844,160.99380493164062,188.2100067138672,160.86000061035156,188.2100067138672,160.9600067138672,184396.0,33327.0
2024-09-18 18:34:00+00:00,188.72999572753906,160.8701934814453,188.72999572753906,160.8701934814453,188.76499938964844,160.97000122070312,188.55630493164062,160.8300018310547,188.5800018310547,160.9499969482422,96264.0,29144.0
2024-09-18 18:35:00+00:00,188.14999389648438,160.63499450683594,188.14999389648438,160.63499450683594,188.8000030517578,161.02000427246094,188.05999755859375,160.5800018310547,188.74000549316406,160.8699951171875,118917.0,49317.0
2024-09-18 18:36:00+00:00,187.72999572753906,160.39999389648438,187.72999572753906,160.39999389648438,188.39999389648438,160.83999633789062,187.71499633789062,160.35000610351562,188.1699981689453,160.6300048828125,136901.0,138613.0
2024-09-18 18:37:00+00:00,188.2050018310547,160.75,188.2050018310547,160.75,188.27499389648438,160.7924041748047,187.5989990234375,160.32000732421875,187.69000244140625,160.38999938964844,90916.0,55623.0
2024-09-18 18:38:00+00:00,188.41000366210938,160.92999267578125,188.41000366210938,160.92999267578125,188.49000549316406,160.95010375976562,188.0800018310547,160.7100067138672,188.22000122070312,160.76260375976562,86008.0,31380.0
2024-09-18 18:39:00+00:00,188.1300048828125,160.64999389648438,188.1300048828125,160.64999389648438,188.5,161.0,188.0500030517578,160.6300048828125,188.42999267578125,160.97000122070312,99640.0,50641.0
2024-09-18 18:40:00+00:00,188.15499877929688,160.6855010986328,188.15499877929688,160.6855010986328,188.32009887695312,160.7899932861328,187.83999633789062,160.47999572753906,188.0800018310547,160.63499450683594,92394.0,100981.0
2024-09-18 18:41:00+00:00,188.00999450683594,160.69000244140625,188.00999450683594,160.69000244140625,188.15499877929688,160.8000030517578,187.77999877929688,160.58999633789062,188.13999938964844,160.64999389648438,81754.0,38144.0
2024-09-18 18:42:00+00:00,187.77999877929688,160.5500030517578,187.77999877929688,160.5500030517578,188.0399932861328,160.71499633789062,187.72999572753906,160.5279998779297,187.99000549316406,160.6999969482422,61804.0,40906.0
2024-09-18 18:43:00+00:00,187.4600067138672,160.49630737304688,187.4600067138672,160.49630737304688,187.7899932861328,160.63999938964844,187.32000732421875,160.35000610351562,187.77999877929688,160.58999633789062,70894.0,44776.0
2024-09-18 18:44:00+00:00,187.50999450683594,160.5399932861328,187.50999450683594,160.5399932861328,187.82989501953125,160.60000610351562,187.38999938964844,160.3699951171875,187.48980712890625,160.5,71209.0,62610.0
2024-09-18 18:45:00+00:00,187.6658935546875,160.77999877929688,187.6658935546875,160.77999877929688,187.8000030517578,160.83999633789062,187.42999267578125,160.52000427246094,187.52000427246094,160.52999877929688,66455.0,49006.0
2024-09-18 18:46:00+00:00,188.08999633789062,161.0500030517578,188.08999633789062,161.0500030517578,188.110107421875,161.11000061035156,187.72999572753906,160.8300018310547,187.72999572753906,160.8300018310547,114618.0,69440.0
2024-09-18 18:47:00+00:00,187.64999389648438,160.85000610351562,187.64999389648438,160.85000610351562,188.25,161.22999572753906,187.5850067138672,160.75999450683594,188.1199951171875,161.10000610351562,101074.0,70282.0
2024-09-18 18:48:00+00:00,187.8699951171875,161.02000427246094,187.8699951171875,161.02000427246094,187.99000549316406,161.0749969482422,187.5800018310547,160.7449951171875,187.6999969482422,160.85499572753906,62997.0,32688.0
2024-09-18 18:49:00+00:00,187.89999389648438,160.9499969482422,187.89999389648438,160.9499969482422,188.05999755859375,161.08619689941406,187.84669494628906,160.92999267578125,187.9250030517578,161.00999450683594,49746.0,23421.0
2024-09-18 18:50:00+00:00,187.83999633789062,160.85499572753906,187.83999633789062,160.85499572753906,187.91000366210938,160.9550018310547,187.69000244140625,160.76499938964844,187.88999938964844,160.9550018310547,61692.0,27342.0
2024-09-18 18:51:00+00:00,187.97999572753906,160.99000549316406,187.97999572753906,160.99000549316406,188.0500030517578,161.02999877929688,187.77999877929688,160.77999877929688,187.8699951171875,160.86000061035156,68301.0,35183.0
2024-09-18 18:52:00+00:00,188.23660278320312,161.125,188.23660278320312,161.125,188.27000427246094,161.18499755859375,187.91000366210938,160.92999267578125,187.99000549316406,160.94000244140625,77973.0,46093.0
2024-09-18 18:53:00+00:00,188.29139709472656,161.10000610351562,188.29139709472656,161.10000610351562,188.3000030517578,161.14999389648438,188.1750030517578,161.00999450683594,188.22000122070312,161.1208038330078,36985.0,24448.0
2024-09-18 18:54:00+00:00,188.14500427246094,160.97000122070312,188.14500427246094,160.97000122070312,188.36500549316406,161.13999938964844,188.05999755859375,160.88999938964844,188.30990600585938,161.13499450683594,70465.0,30168.0
2024-09-18 18:55:00+00:00,188.14999389648438,161.00999450683594,188.14999389648438,161.00999450683594,188.2100067138672,161.0500030517578,187.82000732421875,160.77000427246094,188.10000610351562,160.97000122070312,67182.0,34740.0
2024-09-18 18:56:00+00:00,188.24879455566406,161.0500030517578,188.24879455566406,161.0500030517578,188.25,161.11500549316406,188.1300048828125,161.0,188.14999389648438,161.0,42818.0,36647.0
2024-09-18 18:57:00+00:00,188.14500427246094,160.97999572753906,188.14500427246094,160.97999572753906,188.30490112304688,161.1300048828125,188.08999633789062,160.9499969482422,188.24000549316406,161.07000732421875,62116.0,52791.0
2024-09-18 18:58:00+00:00,187.82000732421875,160.75999450683594,187.82000732421875,160.75999450683594,188.16000366210938,160.97999572753906,187.72000122070312,160.74000549316406,188.16000366210938,160.97000122070312,82573.0,49819.0
2024-09-18 18:59:00+00:00,187.34140014648438,160.5800018310547,187.34140014648438,160.5800018310547,187.6699981689453,160.6300048828125,187.34140014648438,160.5800018310547,187.47000122070312,160.6199951171875,99271.0,82531.0
2024-09-18 19:00:00+00:00,187.1699981689453,160.6199951171875,187.1699981689453,160.6199951171875,187.4600067138672,160.72999572753906,187.13999938964844,160.5,187.32000732421875,160.5800018310547,111451.0,71991.0
2024-09-18 19:01:00+00:00,186.80999755859375,160.41000366210938,186.80999755859375,160.41000366210938,187.25990295410156,160.6699981689453,186.72999572753906,160.3524932861328,187.16000366210938,160.5800018310547,140683.0,92103.0
2024-09-18 19:02:00+00:00,187.09500122070312,160.6999969482422,187.09500122070312,160.6999969482422,187.10000610351562,160.6999969482422,186.5399932861328,160.3350067138672,186.80999755859375,160.41009521484375,119412.0,54704.0
2024-09-18 19:03:00+00:00,186.9499969482422,160.67999267578125,186.9499969482422,160.67999267578125,187.1300048828125,160.7073974609375,186.88999938964844,160.57000732421875,187.07000732421875,160.6750030517578,67598.0,33071.0
2024-09-18 19:04:00+00:00,186.772705078125,160.76499938964844,186.772705078125,160.76499938964844,187.02999877929688,160.7899932861328,186.72999572753906,160.6300048828125,186.92999267578125,160.7100067138672,71597.0,35613.0
2024-09-18 19:05:00+00:00,186.30499267578125,160.36000061035156,186.30499267578125,160.36000061035156,186.72999572753906,160.69000244140625,186.1999969482422,160.32000732421875,186.72000122070312,160.69000244140625,150898.0,92317.0
2024-09-18 19:06:00+00:00,186.2449951171875,160.3300018310547,186.2449951171875,160.3300018310547,186.5399932861328,160.5800018310547,186.16000366210938,160.30020141601562,186.30999755859375,160.36000061035156,119023.0,74553.0
2024-09-18 19:07:00+00:00,186.4600067138672,160.35850524902344,186.4600067138672,160.35850524902344,186.5,160.44000244140625,186.14999389648438,160.1999969482422,186.2050018310547,160.30999755859375,92682.0,99022.0
2024-09-18 19:08:00+00:00,186.4600067138672,160.39999389648438,186.4600067138672,160.39999389648438,186.6300048828125,160.49000549316406,186.3000030517578,160.27000427246094,186.4600067138672,160.3699951171875,48190.0,55637.0
2024-09-18 19:09:00+00:00,186.52000427246094,160.4600067138672,186.52000427246094,160.4600067138672,186.6699981689453,160.49000549316406,186.41000366210938,160.32000732421875,186.49000549316406,160.39999389648438,55668.0,51264.0
2024-09-18 19:10:00+00:00,186.40989685058594,160.47999572753906,186.40989685058594,160.47999572753906,186.55999755859375,160.5449981689453,186.2899932861328,160.32000732421875,186.5,160.4600067138672,84486.0,52617.0
2024-09-18 19:11:00+00:00,186.61399841308594,160.49000549316406,186.61399841308594,160.49000549316406,186.7899932861328,160.73980712890625,186.27999877929688,160.3800048828125,186.40330505371094,160.47999572753906,100708.0,57478.0
2024-09-18 19:12:00+00:00,186.9600067138672,160.60000610351562,186.9600067138672,160.60000610351562,186.97999572753906,160.61000061035156,186.52999877929688,160.42999267578125,186.57000732421875,160.4600067138672,126680.0,34957.0
2024-09-18 19:13:00+00:00,187.25,160.88999938964844,187.25,160.88999938964844,187.44020080566406,161.02000427246094,187.0,160.6300048828125,187.0,160.6300048828125,124880.0,70713.0
2024-09-18 19:14:00+00:00,187.3800048828125,160.9600067138672,187.3800048828125,160.9600067138672,187.47000122070312,161.02000427246094,187.27999877929688,160.89999389648438,187.27999877929688,160.91949462890625,52016.0,27979.0
2024-09-18 19:15:00+00:00,187.22500610351562,160.77999877929688,187.22500610351562,160.77999877929688,187.4199981689453,160.9499969482422,187.13999938964844,160.72000122070312,187.33999633789062,160.9499969482422,71653.0,47063.0
2024-09-18 19:16:00+00:00,187.2100067138672,160.8000030517578,187.2100067138672,160.8000030517578,187.25599670410156,160.83999633789062,187.0500030517578,160.72999572753906,187.21890258789062,160.7899932861328,73463.0,24092.0
2024-09-18 19:17:00+00:00,187.3000946044922,160.85000610351562,187.3000946044922,160.85000610351562,187.3000946044922,160.8699951171875,187.13999938964844,160.75999450683594,187.1999969482422,160.77999877929688,66304.0,21868.0
2024-09-18 19:18:00+00:00,187.10000610351562,160.8699951171875,187.10000610351562,160.8699951171875,187.32000732421875,160.97000122070312,186.97999572753906,160.80999755859375,187.2899932861328,160.85000610351562,58842.0,42944.0
2024-09-18 19:19:00+00:00,187.27999877929688,160.9600067138672,187.27999877929688,160.9600067138672,187.2899932861328,160.97999572753906,187.0399932861328,160.80999755859375,187.07000732421875,160.83999633789062,40202.0,30415.0
2024-09-18 19:20:00+00:00,186.7552947998047,160.55999755859375,186.7552947998047,160.55999755859375,187.38999938964844,161.02999877929688,186.7100067138672,160.52999877929688,187.26010131835938,160.97000122070312,87697.0,57559.0
2024-09-18 19:21:00+00:00,186.88999938964844,160.82000732421875,186.88999938964844,160.82000732421875,186.92999267578125,160.8300018310547,186.33999633789062,160.3780059814453,186.75,160.5,96484.0,71277.0
2024-09-18 19:22:00+00:00,186.6782989501953,160.5500030517578,186.6782989501953,160.5500030517578,187.02999877929688,160.93499755859375,186.57000732421875,160.48199462890625,186.92999267578125,160.8300018310547,52099.0,50773.0
2024-09-18 19:23:00+00:00,187.14999389648438,160.93820190429688,187.14999389648438,160.93820190429688,187.14999389648438,160.93820190429688,186.6381072998047,160.47999572753906,186.69000244140625,160.5,61636.0,51521.0
2024-09-18 19:24:00+00:00,187.27000427246094,161.10000610351562,187.27000427246094,161.10000610351562,187.36000061035156,161.1300048828125,187.02999877929688,160.8699951171875,187.14010620117188,160.9499969482422,58615.0,48722.0
2024-09-18 19:25:00+00:00,187.75999450683594,161.39999389648438,187.75999450683594,161.39999389648438,187.8000030517578,161.47999572753906,187.22999572753906,161.0399932861328,187.25,161.1199951171875,94541.0,62815.0
2024-09-18 19:26:00+00:00,187.82000732421875,161.42999267578125,187.82000732421875,161.42999267578125,187.91180419921875,161.5,187.63999938964844,161.30999755859375,187.7449951171875,161.36000061035156,99780.0,47070.0
2024-09-18 19:27:00+00:00,187.97999572753906,161.60000610351562,187.97999572753906,161.60000610351562,188.08999633789062,161.6300048828125,187.82989501953125,161.4499969482422,187.86000061035156,161.4499969482422,104453.0,49161.0
2024-09-18 19:28:00+00:00,187.75,161.3800048828125,187.75,161.3800048828125,188.0800018310547,161.58999633789062,187.69000244140625,161.3300018310547,187.9600067138672,161.5800018310547,92463.0,45120.0
2024-09-18 19:29:00+00:00,187.82000732421875,161.35000610351562,187.82000732421875,161.35000610351562,187.8300018310547,161.356201171875,187.27999877929688,161.0399932861328,187.75,161.32000732421875,96282.0,58209.0
2024-09-18 19:30:00+00:00,188.02000427246094,161.52000427246094,188.02000427246094,161.52000427246094,188.05999755859375,161.54010009765625,187.72999572753906,161.3300018310547,187.8300018310547,161.3699951171875,66543.0,39561.0
2024-09-18 19:31:00+00:00,187.86990356445312,161.4499969482422,187.86990356445312,161.4499969482422,188.07000732421875,161.55999755859375,187.8000030517578,161.4149932861328,188.00999450683594,161.5,87550.0,47560.0
2024-09-18 19:32:00+00:00,187.77999877929688,161.4477996826172,187.77999877929688,161.4477996826172,187.8699951171875,161.5399932861328,187.5399932861328,161.27999877929688,187.8300018310547,161.4875946044922,64419.0,161010.0
2024-09-18 19:33:00+00:00,187.61000061035156,161.25,187.61000061035156,161.25,187.8699951171875,161.47999572753906,187.47999572753906,161.24000549316406,187.8000030517578,161.47000122070312,51395.0,139221.0
2024-09-18 19:34:00+00:00,187.33999633789062,160.9949951171875,187.33999633789062,160.9949951171875,187.625,161.24000549316406,187.14500427246094,160.9550018310547,187.625,161.24000549316406,103305.0,80560.0
2024-09-18 19:35:00+00:00,187.14999389648438,160.88999938964844,187.14999389648438,160.88999938964844,187.47000122070312,161.07000732421875,187.08999633789062,160.85000610351562,187.33200073242188,160.9600067138672,65330.0,54206.0
2024-09-18 19:36:00+00:00,187.02000427246094,160.80999755859375,187.02000427246094,160.80999755859375,187.4600067138672,161.11000061035156,187.02000427246094,160.8000030517578,187.11000061035156,160.8800048828125,75465.0,54217.0
2024-09-18 19:37:00+00:00,187.0,160.91000366210938,187.0,160.91000366210938,187.12460327148438,160.91000366210938,186.8300018310547,160.75999450683594,187.0,160.80999755859375,81847.0,51978.0
2024-09-18 19:38:00+00:00,187.36199951171875,161.1199951171875,187.36199951171875,161.1199951171875,187.4149932861328,161.1300048828125,186.99339294433594,160.91000366210938,187.0,160.91000366210938,65215.0,46785.0
2024-09-18 19:39:00+00:00,187.2187042236328,160.96499633789062,187.2187042236328,160.96499633789062,187.66000366210938,161.17999267578125,186.86000061035156,160.6300048828125,187.35000610351562,161.10000610351562,107099.0,119161.0
2024-09-18 19:40:00+00:00,187.11000061035156,160.88999938964844,187.11000061035156,160.88999938964844,187.38999938964844,161.07000732421875,186.97000122070312,160.77000427246094,187.24000549316406,160.9600067138672,74061.0,60510.0
2024-09-18 19:41:00+00:00,187.00999450683594,160.83999633789062,187.00999450683594,160.83999633789062,187.22000122070312,160.9600067138672,186.94000244140625,160.77999877929688,187.10499572753906,160.9199981689453,47096.0,106658.0
2024-09-18 19:42:00+00:00,187.05999755859375,160.94000244140625,187.05999755859375,160.94000244140625,187.14999389648438,160.94000244140625,186.8300018310547,160.74000549316406,187.01499938964844,160.8300018310547,60406.0,42619.0
2024-09-18 19:43:00+00:00,186.97500610351562,160.9199981689453,186.97500610351562,160.9199981689453,187.1199951171875,160.9499969482422,186.7100067138672,160.6699981689453,187.0500030517578,160.8800048828125,53880.0,70227.0
2024-09-18 19:44:00+00:00,186.4600067138672,160.75,186.4600067138672,160.75,186.96499633789062,160.92999267578125,186.44000244140625,160.74000549316406,186.9499969482422,160.9149932861328,66511.0,89362.0
2024-09-18 19:45:00+00:00,186.61000061035156,160.74000549316406,186.61000061035156,160.74000549316406,186.8300018310547,160.8699951171875,186.27999877929688,160.57000732421875,186.50999450683594,160.7449951171875,124933.0,228513.0
2024-09-18 19:46:00+00:00,186.58999633789062,160.8000030517578,186.58999633789062,160.8000030517578,186.8800048828125,161.0,186.3699951171875,160.61000061035156,186.64999389648438,160.7239990234375,103097.0,130999.0
2024-09-18 19:47:00+00:00,186.64500427246094,160.92999267578125,186.64500427246094,160.92999267578125,186.77999877929688,161.00999450683594,186.3800048828125,160.6300048828125,186.54840087890625,160.7899932861328,66861.0,104408.0
2024-09-18 19:48:00+00:00,186.27999877929688,160.7899932861328,186.27999877929688,160.7899932861328,186.72999572753906,160.97999572753906,186.05999755859375,160.5500030517578,186.67999267578125,160.9600067138672,111154.0,133469.0
2024-09-18 19:49:00+00:00,186.39999389648438,160.8699951171875,186.39999389648438,160.8699951171875,186.5050048828125,160.8800048828125,186.16000366210938,160.69000244140625,186.27999877929688,160.7899932861328,84057.0,81891.0
2024-09-18 19:50:00+00:00,186.57000732421875,160.77999877929688,186.57000732421875,160.77999877929688,186.8000030517578,160.82000732421875,186.33999633789062,160.58999633789062,186.35000610351562,160.8000030517578,205717.0,148566.0
2024-09-18 19:51:00+00:00,186.63999938964844,160.9550018310547,186.63999938964844,160.9550018310547,186.92999267578125,161.0399932861328,186.47999572753906,160.77999877929688,186.6300048828125,160.77999877929688,120685.0,89337.0
2024-09-18 19:52:00+00:00,186.8000030517578,161.04330444335938,186.8000030517578,161.04330444335938,186.85000610351562,161.04330444335938,186.47000122070312,160.875,186.57000732421875,160.9600067138672,107562.0,91461.0
2024-09-18 19:53:00+00:00,186.75999450683594,160.9199981689453,186.75999450683594,160.9199981689453,187.05999755859375,161.10000610351562,186.7050018310547,160.91000366210938,186.82000732421875,161.02000427246094,140817.0,85986.0
2024-09-18 19:54:00+00:00,186.60000610351562,160.75999450683594,186.60000610351562,160.75999450683594,186.89500427246094,160.92999267578125,186.55999755859375,160.7100067138672,186.75999450683594,160.9199981689453,153016.0,137993.0
2024-09-18 19:55:00+00:00,186.57009887695312,160.73599243164062,186.57009887695312,160.73599243164062,186.86000061035156,160.9600067138672,186.52999877929688,160.7100067138672,186.63999938964844,160.77000427246094,170053.0,118023.0
2024-09-18 19:56:00+00:00,186.4600067138672,160.85000610351562,186.4600067138672,160.85000610351562,186.66000366210938,160.9600067138672,186.4499969482422,160.6999969482422,186.57000732421875,160.75,154360.0,108112.0
2024-09-18 19:57:00+00:00,186.47999572753906,160.91000366210938,186.47999572753906,160.91000366210938,186.52000427246094,160.9499969482422,186.38999938964844,160.8300018310547,186.46499633789062,160.8800048828125,142945.0,114779.0
2024-09-18 19:58:00+00:00,186.39999389648438,160.9600067138672,186.39999389648438,160.9600067138672,186.63999938964844,161.02999877929688,186.3800048828125,160.85000610351562,186.47000122070312,160.91000366210938,199043.0,221135.0
2024-09-18 19:59:00+00:00,186.42999267578125,160.83999633789062,186.42999267578125,160.83999633789062,186.5399932861328,161.02000427246094,186.2100067138672,160.75,186.41000366210938,160.94000244140625,815823.0,434432.0
2024-09-19 13:30:00+00:00,189.8800048828125,164.0399932861328,189.8800048828125,164.0399932861328,190.27169799804688,164.0399932861328,189.5399932861328,164.0399932861328,190.09500122070312,164.0399932861328,2010833.0,837209.0
2024-09-19 13:31:00+00:00,189.8332061767578,164.27000427246094,189.8332061767578,164.27000427246094,190.07000732421875,164.3350067138672,189.56100463867188,163.86500549316406,189.8800048828125,164.0500030517578,161230.0,111913.0
2024-09-19 13:32:00+00:00,189.67999267578125,163.9550018310547,189.67999267578125,163.9550018310547,189.9499969482422,164.36419677734375,189.61000061035156,163.91000366210938,189.86000061035156,164.27000427246094,185352.0,111254.0
2024-09-19 13:33:00+00:00,189.88999938964844,164.14199829101562,189.88999938964844,164.14199829101562,190.05999755859375,164.1999969482422,189.68499755859375,163.88999938964844,189.69090270996094,163.9600067138672,256371.0,102901.0
2024-09-19 13:34:00+00:00,189.88999938964844,164.22000122070312,189.88999938964844,164.22000122070312,190.0500030517578,164.27999877929688,189.72000122070312,164.0,189.88999938964844,164.16619873046875,180843.0,87909.0
2024-09-19 13:35:00+00:00,189.6999969482422,163.8000030517578,189.6999969482422,163.8000030517578,189.97000122070312,164.2449951171875,189.66000366210938,163.75,189.85000610351562,164.2449951171875,179495.0,127704.0
2024-09-19 13:36:00+00:00,189.5749969482422,163.5500030517578,189.5749969482422,163.5500030517578,189.73500061035156,163.85000610351562,189.44000244140625,163.41000366210938,189.72000122070312,163.8300018310547,178518.0,94534.0
2024-09-19 13:37:00+00:00,189.4250030517578,163.55999755859375,189.4250030517578,163.55999755859375,189.58999633789062,163.57000732421875,189.25999450683594,163.375,189.58999633789062,163.50999450683594,182982.0,74953.0
2024-09-19 13:38:00+00:00,189.69000244140625,163.66000366210938,189.69000244140625,163.66000366210938,189.7299041748047,163.74000549316406,189.41000366210938,163.49000549316406,189.4250030517578,163.5500030517578,114645.0,55412.0
2024-09-19 13:39:00+00:00,189.8699951171875,163.7449951171875,189.8699951171875,163.7449951171875,189.88999938964844,163.75999450683594,189.7899932861328,163.6300048828125,189.8300018310547,163.6999969482422,134610.0,79548.0
2024-09-19 13:40:00+00:00,189.9915008544922,163.99000549316406,189.9915008544922,163.99000549316406,190.0,164.00999450683594,189.80999755859375,163.72000122070312,189.88999938964844,163.72000122070312,161184.0,63053.0
2024-09-19 13:41:00+00:00,190.25,164.05999755859375,190.25,164.05999755859375,190.3094024658203,164.10000610351562,189.9550018310547,163.99000549316406,189.99940490722656,164.02000427246094,357841.0,78237.0
2024-09-19 13:42:00+00:00,190.1558074951172,163.91000366210938,190.1558074951172,163.91000366210938,190.3800048828125,164.11000061035156,189.97999572753906,163.80999755859375,190.27000427246094,164.05999755859375,198525.0,76594.0
2024-09-19 13:43:00+00:00,189.88999938964844,163.64999389648438,189.88999938964844,163.64999389648438,190.23500061035156,163.92250061035156,189.8800048828125,163.61000061035156,190.19000244140625,163.9149932861328,107334.0,58687.0
2024-09-19 13:44:00+00:00,189.93499755859375,163.5738983154297,189.93499755859375,163.5738983154297,190.02999877929688,163.7480010986328,189.77999877929688,163.55999755859375,189.88999938964844,163.6699981689453,112670.0,51522.0
2024-09-19 13:45:00+00:00,190.07000732421875,163.69000244140625,190.07000732421875,163.69000244140625,190.0800018310547,163.72999572753906,189.8300018310547,163.47000122070312,189.92999267578125,163.6199951171875,110643.0,49467.0
2024-09-19 13:46:00+00:00,189.6699981689453,163.52499389648438,189.6699981689453,163.52499389648438,190.0800018310547,163.69000244140625,189.63999938964844,163.51010131835938,190.07000732421875,163.69000244140625,149431.0,31553.0
2024-09-19 13:47:00+00:00,189.94000244140625,163.44000244140625,189.94000244140625,163.44000244140625,189.99000549316406,163.5800018310547,189.6199951171875,163.39500427246094,189.6699981689453,163.50999450683594,96665.0,55750.0
2024-09-19 13:48:00+00:00,189.6699981689453,163.2187042236328,189.6699981689453,163.2187042236328,189.9738006591797,163.48989868164062,189.5399932861328,163.2187042236328,189.9499969482422,163.45640563964844,90698.0,65900.0
2024-09-19 13:49:00+00:00,189.50160217285156,163.10000610351562,189.50160217285156,163.10000610351562,189.67999267578125,163.25999450683594,189.42999267578125,163.09030151367188,189.67999267578125,163.1999969482422,97582.0,51442.0
2024-09-19 13:50:00+00:00,189.25999450683594,163.07000732421875,189.25999450683594,163.07000732421875,189.49000549316406,163.1197967529297,189.07000732421875,162.94189453125,189.49000549316406,163.10000610351562,116350.0,85548.0
2024-09-19 13:51:00+00:00,189.11399841308594,162.83999633789062,189.11399841308594,162.83999633789062,189.2700958251953,163.0500030517578,189.03919982910156,162.8000030517578,189.25,163.04010009765625,87895.0,33053.0
2024-09-19 13:52:00+00:00,189.00999450683594,162.77000427246094,189.00999450683594,162.77000427246094,189.1970977783203,162.88999938964844,188.9499969482422,162.72000122070312,189.10000610351562,162.8300018310547,110401.0,48697.0
2024-09-19 13:53:00+00:00,188.97999572753906,162.77000427246094,188.97999572753906,162.77000427246094,189.10000610351562,162.85000610351562,188.90750122070312,162.72000122070312,189.00999450683594,162.77200317382812,132856.0,33856.0
2024-09-19 13:54:00+00:00,189.25999450683594,162.99000549316406,189.25999450683594,162.99000549316406,189.25999450683594,163.07659912109375,188.9499969482422,162.7949981689453,189.0500030517578,162.8000030517578,121899.0,49182.0
2024-09-19 13:55:00+00:00,189.35000610351562,163.0301055908203,189.35000610351562,163.0301055908203,189.36940002441406,163.0800018310547,189.22500610351562,162.9600067138672,189.25,163.00999450683594,108148.0,51117.0
2024-09-19 13:56:00+00:00,189.10000610351562,162.82989501953125,189.10000610351562,162.82989501953125,189.35000610351562,163.02999877929688,189.07000732421875,162.80999755859375,189.35000610351562,163.02999877929688,93551.0,38473.0
2024-09-19 13:57:00+00:00,188.9499969482422,162.8249969482422,188.9499969482422,162.8249969482422,189.14500427246094,162.93980407714844,188.92999267578125,162.77000427246094,189.1179962158203,162.8498992919922,63233.0,56219.0
2024-09-19 13:58:00+00:00,188.94000244140625,162.68820190429688,188.94000244140625,162.68820190429688,188.99000549316406,162.86000061035156,188.80999755859375,162.64999389648438,188.94309997558594,162.8240966796875,68310.0,40301.0
2024-09-19 13:59:00+00:00,188.80999755859375,162.6999969482422,188.80999755859375,162.6999969482422,188.94000244140625,162.6999969482422,188.72999572753906,162.54190063476562,188.93429565429688,162.6699981689453,106773.0,56987.0
2024-09-19 14:00:00+00:00,188.99000549316406,162.64019775390625,188.99000549316406,162.64019775390625,189.00999450683594,162.77699279785156,188.8300018310547,162.625,188.8300018310547,162.7100067138672,120782.0,46473.0
2024-09-19 14:01:00+00:00,188.94000244140625,162.67999267578125,188.94000244140625,162.67999267578125,188.99000549316406,162.7050018310547,188.77999877929688,162.5216064453125,188.94000244140625,162.6199951171875,64544.0,34811.0
2024-09-19 14:02:00+00:00,189.12579345703125,162.77999877929688,189.12579345703125,162.77999877929688,189.139892578125,162.85000610351562,188.86000061035156,162.60000610351562,188.9499969482422,162.6699981689453,81132.0,36428.0
2024-09-19 14:03:00+00:00,189.27000427246094,162.93499755859375,189.27000427246094,162.93499755859375,189.27000427246094,162.94000244140625,189.06500244140625,162.7100067138672,189.10000610351562,162.73500061035156,76331.0,44517.0
2024-09-19 14:04:00+00:00,189.28500366210938,163.07000732421875,189.28500366210938,163.07000732421875,189.3498992919922,163.08999633789062,189.22500610351562,162.94000244140625,189.27999877929688,162.94000244140625,86084.0,48599.0
2024-09-19 14:05:00+00:00,189.4300994873047,163.24000549316406,189.4300994873047,163.24000549316406,189.5,163.25990295410156,189.28500366210938,163.07000732421875,189.3000030517578,163.07000732421875,127776.0,46897.0
2024-09-19 14:06:00+00:00,189.32000732421875,163.18499755859375,189.32000732421875,163.18499755859375,189.4799041748047,163.2899932861328,189.27000427246094,163.14999389648438,189.44500732421875,163.22000122070312,54535.0,50880.0
2024-09-19 14:07:00+00:00,189.5749969482422,163.35000610351562,189.5749969482422,163.35000610351562,189.59500122070312,163.35000610351562,189.35000610351562,163.1699981689453,189.35000610351562,163.19000244140625,61679.0,38754.0
2024-09-19 14:08:00+00:00,189.50999450683594,163.25999450683594,189.50999450683594,163.25999450683594,189.57000732421875,163.30999755859375,189.4499969482422,163.214599609375,189.57000732421875,163.30999755859375,65539.0,33972.0
2024-09-19 14:09:00+00:00,189.47999572753906,163.27999877929688,189.47999572753906,163.27999877929688,189.52000427246094,163.35000610351562,189.2801055908203,163.2100067138672,189.50970458984375,163.24000549316406,67190.0,36159.0
2024-09-19 14:10:00+00:00,189.58990478515625,163.35000610351562,189.58990478515625,163.35000610351562,189.60499572753906,163.38999938964844,189.33999633789062,163.2100067138672,189.4799041748047,163.27999877929688,74430.0,44298.0
2024-09-19 14:11:00+00:00,189.55999755859375,163.4499969482422,189.55999755859375,163.4499969482422,189.66000366210938,163.4499969482422,189.5,163.27000427246094,189.57009887695312,163.35000610351562,77146.0,31657.0
2024-09-19 14:12:00+00:00,189.63499450683594,163.47999572753906,189.63499450683594,163.47999572753906,189.67999267578125,163.54989624023438,189.5399932861328,163.44000244140625,189.55999755859375,163.44479370117188,74646.0,45075.0
2024-09-19 14:13:00+00:00,189.71499633789062,163.44000244140625,189.71499633789062,163.44000244140625,189.74000549316406,163.52000427246094,189.6199951171875,163.4199981689453,189.63999938964844,163.50999450683594,95476.0,25117.0
2024-09-19 14:14:00+00:00,189.77999877929688,163.58999633789062,189.77999877929688,163.58999633789062,189.82000732421875,163.58999633789062,189.6649932861328,163.44000244140625,189.72000122070312,163.45399475097656,74790.0,28257.0
2024-09-19 14:15:00+00:00,189.42999267578125,163.5,189.42999267578125,163.5,189.85000610351562,163.6199951171875,189.3936004638672,163.47999572753906,189.77999877929688,163.6199951171875,122224.0,27871.0
2024-09-19 14:16:00+00:00,189.41079711914062,163.6999969482422,189.41079711914062,163.6999969482422,189.47999572753906,163.7071990966797,189.27999877929688,163.47000122070312,189.4102020263672,163.49420166015625,89187.0,56131.0
2024-09-19 14:17:00+00:00,189.57000732421875,163.75,189.57000732421875,163.75,189.58999633789062,163.75,189.42999267578125,163.63999938964844,189.42999267578125,163.6999969482422,67929.0,52628.0
2024-09-19 14:18:00+00:00,189.69000244140625,163.94000244140625,189.69000244140625,163.94000244140625,189.69000244140625,163.97279357910156,189.50999450683594,163.75079345703125,189.5800018310547,163.77999877929688,59986.0,53751.0
2024-09-19 14:19:00+00:00,189.94000244140625,164.10499572753906,189.94000244140625,164.10499572753906,189.94000244140625,164.11990356445312,189.67010498046875,163.92999267578125,189.69000244140625,163.9499969482422,87872.0,57193.0
2024-09-19 14:20:00+00:00,190.08999633789062,164.1199951171875,190.08999633789062,164.1199951171875,190.11000061035156,164.17999267578125,189.88999938964844,164.0800018310547,189.93499755859375,164.1199951171875,330463.0,60104.0
2024-09-19 14:21:00+00:00,189.9550018310547,163.8979949951172,189.9550018310547,163.8979949951172,190.14999389648438,164.12600708007812,189.92520141601562,163.8675994873047,190.091796875,164.12600708007812,97862.0,82752.0
2024-09-19 14:22:00+00:00,189.97999572753906,164.07000732421875,189.97999572753906,164.07000732421875,190.00999450683594,164.07000732421875,189.9199981689453,163.91000366210938,189.98199462890625,163.91000366210938,95406.0,29640.0
2024-09-19 14:23:00+00:00,190.0876007080078,163.97999572753906,190.0876007080078,163.97999572753906,190.1699981689453,164.1230010986328,190.00999450683594,163.9499969482422,190.00999450683594,164.10000610351562,109038.0,23675.0
2024-09-19 14:24:00+00:00,190.26499938964844,164.05499267578125,190.26499938964844,164.05499267578125,190.2799072265625,164.05999755859375,190.05499267578125,163.89999389648438,190.07000732421875,163.96499633789062,101347.0,26150.0
2024-09-19 14:25:00+00:00,190.24850463867188,164.0500030517578,190.24850463867188,164.0500030517578,190.2799072265625,164.10000610351562,190.20269775390625,164.0500030517578,190.2799072265625,164.0500030517578,58447.0,14406.0
2024-09-19 14:26:00+00:00,190.3800048828125,164.10000610351562,190.3800048828125,164.10000610351562,190.51719665527344,164.16000366210938,190.32000732421875,164.0800018310547,190.35499572753906,164.08999633789062,245654.0,34001.0
2024-09-19 14:27:00+00:00,190.80999755859375,164.44430541992188,190.80999755859375,164.44430541992188,190.8300018310547,164.46910095214844,190.38999938964844,164.08999633789062,190.41000366210938,164.09500122070312,263351.0,92941.0
2024-09-19 14:28:00+00:00,190.73500061035156,164.30999755859375,190.73500061035156,164.30999755859375,190.9398956298828,164.46249389648438,190.60000610351562,164.22999572753906,190.82989501953125,164.4499969482422,151234.0,40255.0
2024-09-19 14:29:00+00:00,190.7899932861328,164.2050018310547,190.7899932861328,164.2050018310547,190.80999755859375,164.35000610351562,190.6199951171875,164.1699981689453,190.7100067138672,164.27999877929688,354425.0,22496.0
2024-09-19 14:30:00+00:00,190.92999267578125,164.2100067138672,190.92999267578125,164.2100067138672,190.9499969482422,164.2100067138672,190.8000030517578,164.10189819335938,190.80349731445312,164.16000366210938,132857.0,26560.0
2024-09-19 14:31:00+00:00,190.78500366210938,164.4199981689453,190.78500366210938,164.4199981689453,190.97999572753906,164.4499969482422,190.7100067138672,164.22000122070312,190.9199981689453,164.22000122070312,170778.0,34134.0
2024-09-19 14:32:00+00:00,190.6699981689453,164.38999938964844,190.6699981689453,164.38999938964844,190.86000061035156,164.47999572753906,190.66000366210938,164.35499572753906,190.78990173339844,164.4199981689453,66214.0,36306.0
2024-09-19 14:33:00+00:00,190.59010314941406,164.41000366210938,190.59010314941406,164.41000366210938,190.7100067138672,164.46499633789062,190.47000122070312,164.38619995117188,190.67999267578125,164.39999389648438,99657.0,39971.0
2024-09-19 14:34:00+00:00,190.74000549316406,164.47999572753906,190.74000549316406,164.47999572753906,190.75999450683594,164.5,190.52999877929688,164.375,190.61000061035156,164.42149353027344,71951.0,43049.0
2024-09-19 14:35:00+00:00,190.75,164.39999389648438,190.75,164.39999389648438,190.8300018310547,164.5,190.6800994873047,164.39999389648438,190.72999572753906,164.47000122070312,68519.0,32261.0
2024-09-19 14:36:00+00:00,190.6699981689453,164.36000061035156,190.6699981689453,164.36000061035156,190.74000549316406,164.44000244140625,190.63009643554688,164.33999633789062,190.73399353027344,164.38499450683594,59462.0,23234.0
2024-09-19 14:37:00+00:00,190.6114959716797,164.19000244140625,190.6114959716797,164.19000244140625,190.72000122070312,164.36000061035156,190.5601043701172,164.17999267578125,190.6699981689453,164.35499572753906,47540.0,52164.0
2024-09-19 14:38:00+00:00,190.6699981689453,164.16900634765625,190.6699981689453,164.16900634765625,190.6999969482422,164.22999572753906,190.5800018310547,164.1199951171875,190.6199951171875,164.19900512695312,69050.0,34462.0
2024-09-19 14:39:00+00:00,190.64500427246094,164.43499755859375,190.64500427246094,164.43499755859375,190.72000122070312,164.43499755859375,190.41000366210938,164.1699981689453,190.6699981689453,164.1999969482422,140030.0,30034.0
2024-09-19 14:40:00+00:00,190.44000244140625,164.4499969482422,190.44000244140625,164.4499969482422,190.6999969482422,164.4949951171875,190.3699951171875,164.39999389648438,190.6300048828125,164.4199981689453,77250.0,24443.0
2024-09-19 14:41:00+00:00,190.40989685058594,164.3249969482422,190.40989685058594,164.3249969482422,190.44000244140625,164.47000122070312,190.25,164.22000122070312,190.44000244140625,164.47000122070312,62154.0,35848.0
2024-09-19 14:42:00+00:00,190.30999755859375,164.24000549316406,190.30999755859375,164.24000549316406,190.39999389648438,164.41000366210938,190.22999572753906,164.22000122070312,190.38999938964844,164.32000732421875,62030.0,31319.0
2024-09-19 14:43:00+00:00,190.36000061035156,164.36000061035156,190.36000061035156,164.36000061035156,190.36000061035156,164.38900756835938,190.14999389648438,164.11000061035156,190.30999755859375,164.24000549316406,86769.0,88021.0
2024-09-19 14:44:00+00:00,190.2899932861328,164.2899932861328,190.2899932861328,164.2899932861328,190.3572998046875,164.3800048828125,190.22999572753906,164.22000122070312,190.3572998046875,164.36419677734375,51481.0,32822.0
2024-09-19 14:45:00+00:00,190.0800018310547,164.25999450683594,190.0800018310547,164.25999450683594,190.25999450683594,164.3249969482422,189.9600067138672,164.22999572753906,190.25999450683594,164.2989959716797,111135.0,23135.0
2024-09-19 14:46:00+00:00,190.0800018310547,164.1699981689453,190.0800018310547,164.1699981689453,190.1649932861328,164.32000732421875,189.9600067138672,164.0500030517578,190.11000061035156,164.27000427246094,101150.0,51974.0
2024-09-19 14:47:00+00:00,189.94009399414062,163.94000244140625,189.94009399414062,163.94000244140625,190.1136932373047,164.19000244140625,189.89999389648438,163.92999267578125,190.08999633789062,164.17999267578125,87950.0,32277.0
2024-09-19 14:48:00+00:00,190.0050048828125,163.99000549316406,190.0050048828125,163.99000549316406,190.0500030517578,163.99000549316406,189.80999755859375,163.85000610351562,189.947998046875,163.9499969482422,98555.0,25250.0
2024-09-19 14:49:00+00:00,190.11500549316406,163.92999267578125,190.11500549316406,163.92999267578125,190.1199951171875,164.02999877929688,189.9199981689453,163.8300018310547,190.0,164.02859497070312,86165.0,49409.0
2024-09-19 14:50:00+00:00,189.82000732421875,163.84500122070312,189.82000732421875,163.84500122070312,190.14999389648438,163.97999572753906,189.80999755859375,163.80499267578125,190.1300048828125,163.9499969482422,77955.0,33052.0
2024-09-19 14:51:00+00:00,189.67010498046875,163.81500244140625,189.67010498046875,163.81500244140625,189.8800048828125,163.90499877929688,189.66000366210938,163.81500244140625,189.8280029296875,163.86000061035156,94990.0,36147.0
2024-09-19 14:52:00+00:00,189.6199951171875,163.85499572753906,189.6199951171875,163.85499572753906,189.6999969482422,163.93899536132812,189.58999633789062,163.77999877929688,189.67999267578125,163.82000732421875,76305.0,44850.0
2024-09-19 14:53:00+00:00,189.63499450683594,163.85980224609375,189.63499450683594,163.85980224609375,189.7100067138672,163.90499877929688,189.6199951171875,163.7949981689453,189.6300048828125,163.8592071533203,52450.0,76015.0
2024-09-19 14:54:00+00:00,189.47000122070312,163.7050018310547,189.47000122070312,163.7050018310547,189.72500610351562,163.90919494628906,189.4600067138672,163.7050018310547,189.60000610351562,163.85499572753906,107131.0,21509.0
2024-09-19 14:55:00+00:00,189.52999877929688,163.55369567871094,189.52999877929688,163.55369567871094,189.58999633789062,163.69000244140625,189.36000061035156,163.52059936523438,189.47000122070312,163.69000244140625,116117.0,26290.0
2024-09-19 14:56:00+00:00,189.4199981689453,163.4199981689453,189.4199981689453,163.4199981689453,189.52999877929688,163.5399932861328,189.32000732421875,163.35000610351562,189.52999877929688,163.5399932861328,75086.0,74406.0
2024-09-19 14:57:00+00:00,189.47500610351562,163.5496063232422,189.47500610351562,163.5496063232422,189.50509643554688,163.5496063232422,189.3699951171875,163.38999938964844,189.44000244140625,163.4199981689453,70076.0,52773.0
2024-09-19 14:58:00+00:00,189.33009338378906,163.44000244140625,189.33009338378906,163.44000244140625,189.5,163.50999450683594,189.3300018310547,163.41000366210938,189.47500610351562,163.50999450683594,79781.0,74154.0
2024-09-19 14:59:00+00:00,189.1999969482422,163.3699951171875,189.1999969482422,163.3699951171875,189.33799743652344,163.4199981689453,189.16000366210938,163.33999633789062,189.33799743652344,163.4199981689453,130489.0,32960.0
2024-09-19 15:00:00+00:00,189.13499450683594,163.35000610351562,189.13499450683594,163.35000610351562,189.27980041503906,163.4384002685547,189.0706024169922,163.3300018310547,189.24249267578125,163.38999938964844,55975.0,44579.0
2024-09-19 15:01:00+00:00,189.22999572753906,163.44000244140625,189.22999572753906,163.44000244140625,189.22999572753906,163.44349670410156,189.10000610351562,163.34970092773438,189.1300048828125,163.35000610351562,69866.0,29935.0
2024-09-19 15:02:00+00:00,189.24000549316406,163.4600067138672,189.24000549316406,163.4600067138672,189.27999877929688,163.52999877929688,189.17999267578125,163.4199981689453,189.2301025390625,163.44000244140625,62105.0,23211.0
2024-09-19 15:03:00+00:00,189.44000244140625,163.72999572753906,189.44000244140625,163.72999572753906,189.44000244140625,163.74000549316406,189.1875,163.4499969482422,189.25,163.47000122070312,67517.0,48307.0
2024-09-19 15:04:00+00:00,189.46820068359375,163.94009399414062,189.46820068359375,163.94009399414062,189.47999572753906,163.94009399414062,189.35000610351562,163.6999969482422,189.4219970703125,163.72000122070312,93847.0,31439.0
2024-09-19 15:05:00+00:00,189.3300018310547,163.89999389648438,189.3300018310547,163.89999389648438,189.50999450683594,164.0,189.30999755859375,163.8699951171875,189.5,163.96299743652344,51474.0,45695.0
2024-09-19 15:06:00+00:00,189.3800048828125,163.9600067138672,189.3800048828125,163.9600067138672,189.41000366210938,163.97999572753906,189.30450439453125,163.88999938964844,189.31199645996094,163.88999938964844,82259.0,51758.0
2024-09-19 15:07:00+00:00,189.25,163.7928009033203,189.25,163.7928009033203,189.38999938964844,163.94000244140625,189.24000549316406,163.7928009033203,189.3800048828125,163.94000244140625,54453.0,17437.0
2024-09-19 15:08:00+00:00,189.02999877929688,163.75,189.02999877929688,163.75,189.25,163.8300018310547,188.82000732421875,163.58999633789062,189.24429321289062,163.7899932861328,150359.0,35900.0
2024-09-19 15:09:00+00:00,189.0800018310547,163.67999267578125,189.0800018310547,163.67999267578125,189.14430236816406,163.8000030517578,189.00999450683594,163.67999267578125,189.02000427246094,163.75999450683594,82086.0,54358.0
2024-09-19 15:10:00+00:00,189.16000366210938,163.69500732421875,189.16000366210938,163.69500732421875,189.18800354003906,163.72000122070312,189.07000732421875,163.6300048828125,189.08880615234375,163.6999969482422,48971.0,28985.0
2024-09-19 15:12:00+00:00,189.28199768066406,163.7624969482422,189.28199768066406,163.7624969482422,189.3717041015625,163.85000610351562,189.27999877929688,163.72000122070312,189.29229736328125,163.81500244140625,106257.0,45697.0
2024-09-19 15:13:00+00:00,189.24000549316406,163.8699951171875,189.24000549316406,163.8699951171875,189.32000732421875,163.89999389648438,189.19000244140625,163.75,189.27000427246094,163.77999877929688,40664.0,36949.0
2024-09-19 15:14:00+00:00,189.1699981689453,163.82000732421875,189.1699981689453,163.82000732421875,189.2550048828125,163.91000366210938,189.14999389648438,163.82000732421875,189.22999572753906,163.89999389648438,56712.0,19216.0
2024-09-19 15:15:00+00:00,189.17999267578125,163.77999877929688,189.17999267578125,163.77999877929688,189.27999877929688,163.83999633789062,189.1555938720703,163.76499938964844,189.1699981689453,163.7899932861328,36656.0,19340.0
2024-09-19 15:16:00+00:00,189.3726043701172,163.94000244140625,189.3726043701172,163.94000244140625,189.3990020751953,163.9600067138672,189.17999267578125,163.77000427246094,189.17999267578125,163.77999877929688,48453.0,22660.0
2024-09-19 15:17:00+00:00,189.35000610351562,164.07000732421875,189.35000610351562,164.07000732421875,189.47999572753906,164.0800018310547,189.3300018310547,163.92999267578125,189.3820037841797,163.92999267578125,51909.0,34725.0
2024-09-19 15:18:00+00:00,189.2288055419922,163.9600067138672,189.2288055419922,163.9600067138672,189.37989807128906,164.0800018310547,189.14999389648438,163.9600067138672,189.36000061035156,164.06500244140625,38567.0,22684.0
2024-09-19 15:19:00+00:00,189.2100067138672,163.97999572753906,189.2100067138672,163.97999572753906,189.26499938964844,164.02999877929688,189.17999267578125,163.9499969482422,189.22999572753906,163.9499969482422,32188.0,64279.0
2024-09-19 15:20:00+00:00,189.28500366210938,164.10000610351562,189.28500366210938,164.10000610351562,189.3751983642578,164.13999938964844,189.22000122070312,163.99000549316406,189.22799682617188,163.99000549316406,40821.0,16633.0
2024-09-19 15:21:00+00:00,189.2100067138672,164.19000244140625,189.2100067138672,164.19000244140625,189.3000030517578,164.19070434570312,189.16000366210938,164.0500030517578,189.28500366210938,164.11000061035156,38697.0,30747.0
2024-09-19 15:22:00+00:00,189.17999267578125,164.14999389648438,189.17999267578125,164.14999389648438,189.27000427246094,164.2100067138672,189.1699981689453,164.13999938964844,189.2100067138672,164.1699981689453,63709.0,57275.0
2024-09-19 15:23:00+00:00,189.16000366210938,164.22999572753906,189.16000366210938,164.22999572753906,189.2100067138672,164.22999572753906,189.06820678710938,164.1199951171875,189.1898956298828,164.1300048828125,60888.0,20596.0
2024-09-19 15:24:00+00:00,189.25999450683594,164.2469024658203,189.25999450683594,164.2469024658203,189.32589721679688,164.25,189.1699981689453,164.1999969482422,189.1699981689453,164.22000122070312,49825.0,39351.0
2024-09-19 15:25:00+00:00,189.24000549316406,164.1999969482422,189.24000549316406,164.1999969482422,189.26370239257812,164.23500061035156,189.1800994873047,164.19000244140625,189.26370239257812,164.22000122070312,34297.0,17552.0
2024-09-19 15:26:00+00:00,189.22500610351562,164.2050018310547,189.22500610351562,164.2050018310547,189.24000549316406,164.2100067138672,189.10000610351562,164.13999938964844,189.23500061035156,164.2100067138672,44242.0,37155.0
2024-09-19 15:27:00+00:00,189.16009521484375,164.22000122070312,189.16009521484375,164.22000122070312,189.25,164.27000427246094,189.16009521484375,164.1999969482422,189.22000122070312,164.1999969482422,58826.0,31049.0
2024-09-19 15:28:00+00:00,189.17010498046875,164.30999755859375,189.17010498046875,164.30999755859375,189.1750030517578,164.30999755859375,189.07989501953125,164.22500610351562,189.16000366210938,164.22999572753906,73957.0,22542.0
2024-09-19 15:29:00+00:00,189.2100067138672,164.19000244140625,189.2100067138672,164.19000244140625,189.25990295410156,164.33999633789062,189.16000366210938,164.19000244140625,189.172607421875,164.30160522460938,34463.0,26313.0
2024-09-19 15:30:00+00:00,189.25999450683594,164.2050018310547,189.25999450683594,164.2050018310547,189.25999450683594,164.25999450683594,189.16000366210938,164.19000244140625,189.19000244140625,164.19000244140625,42171.0,15753.0
2024-09-19 15:31:00+00:00,189.04200744628906,164.13499450683594,189.04200744628906,164.13499450683594,189.2899932861328,164.2050018310547,189.02000427246094,164.08999633789062,189.27999877929688,164.1999969482422,75037.0,35420.0
2024-09-19 15:32:00+00:00,188.9801025390625,164.0800018310547,188.9801025390625,164.0800018310547,189.1033935546875,164.16000366210938,188.97999572753906,164.0399932861328,189.0500030517578,164.16000366210938,68491.0,29484.0
2024-09-19 15:33:00+00:00,188.8699951171875,164.0500030517578,188.8699951171875,164.0500030517578,188.98199462890625,164.10000610351562,188.82000732421875,163.99000549316406,188.97999572753906,164.0800018310547,83593.0,26226.0
2024-09-19 15:34:00+00:00,188.92999267578125,164.08999633789062,188.92999267578125,164.08999633789062,188.94000244140625,164.08999633789062,188.83999633789062,164.0399932861328,188.86500549316406,164.05499267578125,74037.0,13154.0
2024-09-19 15:35:00+00:00,189.0399932861328,164.1063995361328,189.0399932861328,164.1063995361328,189.10000610351562,164.1199951171875,188.91000366210938,164.0399932861328,188.94500732421875,164.08999633789062,61061.0,21231.0
2024-09-19 15:36:00+00:00,189.0500030517578,164.1300048828125,189.0500030517578,164.1300048828125,189.07000732421875,164.13999938964844,188.95010375976562,164.00999450683594,189.03399658203125,164.10000610351562,37310.0,20991.0
2024-09-19 15:37:00+00:00,189.06069946289062,164.1699981689453,189.06069946289062,164.1699981689453,189.11000061035156,164.24000549316406,189.0399932861328,164.13999938964844,189.07000732421875,164.13999938964844,35517.0,18150.0
2024-09-19 15:38:00+00:00,189.0399932861328,164.13999938964844,189.0399932861328,164.13999938964844,189.11000061035156,164.2100067138672,189.00999450683594,164.1300048828125,189.07000732421875,164.17999267578125,31676.0,16238.0
2024-09-19 15:39:00+00:00,189.07000732421875,164.17999267578125,189.07000732421875,164.17999267578125,189.1300048828125,164.1999969482422,189.0449981689453,164.16000366210938,189.0449981689453,164.16000366210938,38055.0,12547.0
2024-09-19 15:40:00+00:00,189.16380310058594,164.3800048828125,189.16380310058594,164.3800048828125,189.17999267578125,164.3800048828125,189.06500244140625,164.1999969482422,189.07000732421875,164.1999969482422,63765.0,38529.0
2024-09-19 15:41:00+00:00,189.1699981689453,164.35000610351562,189.1699981689453,164.35000610351562,189.1699981689453,164.3699951171875,189.0800018310547,164.3300018310547,189.16000366210938,164.3699951171875,42165.0,17977.0
2024-09-19 15:42:00+00:00,189.1219940185547,164.3300018310547,189.1219940185547,164.3300018310547,189.24000549316406,164.4149932861328,189.11000061035156,164.3249969482422,189.1699981689453,164.36000061035156,50802.0,28670.0
2024-09-19 15:43:00+00:00,188.97000122070312,164.22999572753906,188.97000122070312,164.22999572753906,189.14999389648438,164.33999633789062,188.9199981689453,164.22999572753906,189.1199951171875,164.33999633789062,47737.0,27153.0
2024-09-19 15:44:00+00:00,188.86500549316406,164.10499572753906,188.86500549316406,164.10499572753906,188.97999572753906,164.22000122070312,188.8300018310547,164.06500244140625,188.9739990234375,164.22000122070312,60967.0,23382.0
2024-09-19 15:45:00+00:00,188.92999267578125,164.1457061767578,188.92999267578125,164.1457061767578,188.9499969482422,164.1699981689453,188.8300018310547,164.08999633789062,188.86000061035156,164.08999633789062,30634.0,11749.0
2024-09-19 15:46:00+00:00,188.88499450683594,164.22000122070312,188.88499450683594,164.22000122070312,188.9698944091797,164.24000549316406,188.86000061035156,164.0850067138672,188.92999267578125,164.13999938964844,81493.0,33495.0
2024-09-19 15:47:00+00:00,188.99839782714844,164.32400512695312,188.99839782714844,164.32400512695312,189.0399932861328,164.32400512695312,188.83999633789062,164.22999572753906,188.8820037841797,164.22999572753906,48355.0,12886.0
2024-09-19 15:48:00+00:00,189.18899536132812,164.33999633789062,189.18899536132812,164.33999633789062,189.22999572753906,164.3800048828125,188.9940948486328,164.2949981689453,189.0,164.32000732421875,48669.0,14382.0
2024-09-19 15:49:00+00:00,189.1300048828125,164.3699951171875,189.1300048828125,164.3699951171875,189.2050018310547,164.38999938964844,189.0800018310547,164.32000732421875,189.18499755859375,164.35000610351562,67243.0,14781.0
2024-09-19 15:50:00+00:00,188.97999572753906,164.36000061035156,188.97999572753906,164.36000061035156,189.17210388183594,164.39320373535156,188.94500732421875,164.33999633789062,189.14010620117188,164.35000610351562,52501.0,19062.0
2024-09-19 15:51:00+00:00,188.6479949951172,164.2200927734375,188.6479949951172,164.2200927734375,188.97999572753906,164.35000610351562,188.6199951171875,164.1999969482422,188.97000122070312,164.35000610351562,124014.0,23158.0
2024-09-19 15:52:00+00:00,188.5800018310547,164.14999389648438,188.5800018310547,164.14999389648438,188.65330505371094,164.22760009765625,188.47000122070312,164.14999389648438,188.63499450683594,164.22760009765625,71551.0,22491.0
2024-09-19 15:53:00+00:00,188.63270568847656,164.07000732421875,188.63270568847656,164.07000732421875,188.63270568847656,164.12989807128906,188.49000549316406,164.00999450683594,188.57000732421875,164.12989807128906,38934.0,41144.0
2024-09-19 15:54:00+00:00,188.70399475097656,164.08279418945312,188.70399475097656,164.08279418945312,188.72000122070312,164.11000061035156,188.6300048828125,164.0399932861328,188.6300048828125,164.06500244140625,54592.0,12572.0
2024-09-19 15:55:00+00:00,188.7899932861328,164.11000061035156,188.7899932861328,164.11000061035156,188.8000030517578,164.13499450683594,188.66000366210938,164.05999755859375,188.69000244140625,164.0800018310547,41058.0,22181.0
2024-09-19 15:56:00+00:00,188.7301025390625,164.05999755859375,188.7301025390625,164.05999755859375,188.80999755859375,164.11500549316406,188.7050018310547,164.0399932861328,188.80499267578125,164.11500549316406,28361.0,26415.0
2024-09-19 15:57:00+00:00,188.8000030517578,164.0399932861328,188.8000030517578,164.0399932861328,188.8000030517578,164.0500030517578,188.58999633789062,163.97999572753906,188.7209014892578,164.0500030517578,52000.0,26486.0
2024-09-19 15:58:00+00:00,188.77000427246094,163.9499969482422,188.77000427246094,163.9499969482422,188.81640625,164.02999877929688,188.72000122070312,163.9499969482422,188.77000427246094,164.02999877929688,58209.0,19713.0
2024-09-19 15:59:00+00:00,188.7899932861328,163.9600067138672,188.7899932861328,163.9600067138672,188.79989624023438,164.0299072265625,188.72999572753906,163.9600067138672,188.77000427246094,163.9600067138672,33856.0,16062.0
2024-09-19 16:00:00+00:00,188.83999633789062,163.97000122070312,188.83999633789062,163.97000122070312,188.85000610351562,163.97999572753906,188.71009826660156,163.9199981689453,188.79139709472656,163.9600067138672,31512.0,16583.0
2024-09-19 16:01:00+00:00,188.92999267578125,164.02000427246094,188.92999267578125,164.02000427246094,188.97000122070312,164.05999755859375,188.80999755859375,163.9499969482422,188.8300018310547,163.97000122070312,59697.0,20324.0
2024-09-19 16:02:00+00:00,188.95989990234375,164.10000610351562,188.95989990234375,164.10000610351562,189.0,164.11000061035156,188.89999389648438,164.02999877929688,188.94000244140625,164.0399932861328,34889.0,10242.0
2024-09-19 16:03:00+00:00,189.0800018310547,164.16000366210938,189.0800018310547,164.16000366210938,189.08999633789062,164.16000366210938,188.9499053955078,164.08999633789062,188.96200561523438,164.08999633789062,74163.0,8156.0
2024-09-19 16:04:00+00:00,189.08999633789062,164.13929748535156,189.08999633789062,164.13929748535156,189.1300048828125,164.16000366210938,189.00999450683594,164.1199951171875,189.08009338378906,164.15499877929688,50222.0,12443.0
2024-09-19 16:05:00+00:00,189.1199951171875,164.15750122070312,189.1199951171875,164.15750122070312,189.16000366210938,164.1999969482422,189.02999877929688,164.13499450683594,189.10000610351562,164.14990234375,50173.0,14989.0
2024-09-19 16:06:00+00:00,189.22999572753906,164.16000366210938,189.22999572753906,164.16000366210938,189.27000427246094,164.16000366210938,189.110107421875,164.1199951171875,189.1199951171875,164.15069580078125,51815.0,9787.0
2024-09-19 16:07:00+00:00,189.2550048828125,164.1300048828125,189.2550048828125,164.1300048828125,189.2550048828125,164.14999389648438,189.17999267578125,164.10000610351562,189.22279357910156,164.1300048828125,91906.0,8468.0
2024-09-19 16:08:00+00:00,189.19000244140625,164.08999633789062,189.19000244140625,164.08999633789062,189.27000427246094,164.14480590820312,189.19000244140625,164.07000732421875,189.25,164.1300048828125,51817.0,13109.0
2024-09-19 16:09:00+00:00,189.27000427246094,164.10000610351562,189.27000427246094,164.10000610351562,189.2783966064453,164.1190948486328,189.1999969482422,164.08740234375,189.1999969482422,164.09500122070312,28863.0,12700.0
2024-09-19 16:10:00+00:00,189.3874969482422,164.13499450683594,189.3874969482422,164.13499450683594,189.4040069580078,164.1376953125,189.2301025390625,164.0800018310547,189.26010131835938,164.08999633789062,86338.0,7497.0
2024-09-19 16:11:00+00:00,189.3300018310547,164.07000732421875,189.3300018310547,164.07000732421875,189.39999389648438,164.14999389648438,189.3300018310547,164.03500366210938,189.3824005126953,164.13499450683594,47376.0,25675.0
2024-09-19 16:12:00+00:00,189.3000030517578,164.09500122070312,189.3000030517578,164.09500122070312,189.35000610351562,164.11000061035156,189.17999267578125,164.02999877929688,189.3300018310547,164.07000732421875,58233.0,26842.0
2024-09-19 16:13:00+00:00,189.28500366210938,164.02000427246094,189.28500366210938,164.02000427246094,189.30990600585938,164.0800018310547,189.25,164.02000427246094,189.3000030517578,164.0800018310547,42304.0,16060.0
2024-09-19 16:14:00+00:00,189.26400756835938,163.94000244140625,189.26400756835938,163.94000244140625,189.3000030517578,164.03030395507812,189.21189880371094,163.9199981689453,189.2899932861328,164.02999877929688,48259.0,16654.0
2024-09-19 16:15:00+00:00,189.24000549316406,163.9199981689453,189.24000549316406,163.9199981689453,189.24009704589844,163.92999267578125,189.17010498046875,163.8800048828125,189.17999267578125,163.8800048828125,60904.0,17222.0
2024-09-19 16:16:00+00:00,189.30999755859375,163.98500061035156,189.30999755859375,163.98500061035156,189.33999633789062,164.0,189.16000366210938,163.89999389648438,189.18499755859375,163.9199981689453,54932.0,14609.0
2024-09-19 16:17:00+00:00,189.3800048828125,164.0,189.3800048828125,164.0,189.3800048828125,164.00999450683594,189.27760314941406,163.9499969482422,189.32000732421875,163.97999572753906,44161.0,27238.0
2024-09-19 16:18:00+00:00,189.39999389648438,164.0,189.39999389648438,164.0,189.42999267578125,164.0,189.35499572753906,163.96490478515625,189.3697967529297,164.0,54717.0,10758.0
2024-09-19 16:19:00+00:00,189.44000244140625,164.07000732421875,189.44000244140625,164.07000732421875,189.46499633789062,164.0800018310547,189.38999938964844,164.0,189.38999938964844,164.0,61409.0,13289.0
2024-09-19 16:20:00+00:00,189.46499633789062,164.11500549316406,189.46499633789062,164.11500549316406,189.46499633789062,164.11500549316406,189.38999938964844,164.03990173339844,189.44200134277344,164.05999755859375,43475.0,9693.0
2024-09-19 16:21:00+00:00,189.5399932861328,164.0800018310547,189.5399932861328,164.0800018310547,189.5800018310547,164.13600158691406,189.42999267578125,164.0800018310547,189.47000122070312,164.11990356445312,72760.0,15495.0
2024-09-19 16:22:00+00:00,189.60499572753906,164.10000610351562,189.60499572753906,164.10000610351562,189.6199951171875,164.1300048828125,189.5301055908203,164.07000732421875,189.54469299316406,164.07000732421875,32418.0,12317.0
2024-09-19 16:23:00+00:00,189.6199951171875,164.07000732421875,189.6199951171875,164.07000732421875,189.64999389648438,164.1298065185547,189.58999633789062,164.07000732421875,189.58999633789062,164.08999633789062,45315.0,24543.0
2024-09-19 16:24:00+00:00,189.57000732421875,164.0,189.57000732421875,164.0,189.6199951171875,164.07989501953125,189.39999389648438,163.94000244140625,189.6199951171875,164.07989501953125,85157.0,20621.0
2024-09-19 16:25:00+00:00,189.64999389648438,164.0500030517578,189.64999389648438,164.0500030517578,189.66000366210938,164.05999755859375,189.52999877929688,163.97999572753906,189.5500030517578,164.0,69251.0,10602.0
2024-09-19 16:26:00+00:00,189.75,164.07000732421875,189.75,164.07000732421875,189.8000030517578,164.1049041748047,189.5800018310547,163.97000122070312,189.63999938964844,164.05499267578125,65258.0,15652.0
2024-09-19 16:27:00+00:00,189.82000732421875,164.1199951171875,189.82000732421875,164.1199951171875,189.83999633789062,164.1300048828125,189.73500061035156,164.08999633789062,189.7550048828125,164.08999633789062,33846.0,10370.0
2024-09-19 16:28:00+00:00,189.75799560546875,164.1374053955078,189.75799560546875,164.1374053955078,189.83999633789062,164.14999389648438,189.73159790039062,164.11000061035156,189.8101043701172,164.1199951171875,47314.0,20842.0
2024-09-19 16:29:00+00:00,189.7532958984375,164.11000061035156,189.7532958984375,164.11000061035156,189.77999877929688,164.14990234375,189.7301025390625,164.11000061035156,189.7570037841797,164.13999938964844,42079.0,9206.0
2024-09-19 16:30:00+00:00,189.7899932861328,164.0800018310547,189.7899932861328,164.0800018310547,189.84910583496094,164.1300048828125,189.7301025390625,164.0800018310547,189.75999450683594,164.1199951171875,80175.0,34685.0
2024-09-19 16:31:00+00:00,189.64990234375,164.02999877929688,189.64990234375,164.02999877929688,189.8000030517578,164.0800018310547,189.61439514160156,163.99000549316406,189.7899932861328,164.0800018310547,54135.0,16028.0
2024-09-19 16:32:00+00:00,189.72000122070312,164.0800018310547,189.72000122070312,164.0800018310547,189.77000427246094,164.0800018310547,189.63999938964844,163.97999572753906,189.63999938964844,164.03500366210938,30813.0,9798.0
2024-09-19 16:33:00+00:00,189.66000366210938,164.031494140625,189.66000366210938,164.031494140625,189.75999450683594,164.0800018310547,189.6199951171875,164.02000427246094,189.72000122070312,164.0800018310547,37391.0,11571.0
2024-09-19 16:34:00+00:00,189.66419982910156,164.03500366210938,189.66419982910156,164.03500366210938,189.67999267578125,164.0449981689453,189.63499450683594,164.00999450683594,189.66000366210938,164.02999877929688,28366.0,9430.0
2024-09-19 16:35:00+00:00,189.59010314941406,164.02000427246094,189.59010314941406,164.02000427246094,189.6999969482422,164.0449981689453,189.55999755859375,164.0,189.67990112304688,164.0301055908203,36929.0,10322.0
2024-09-19 16:36:00+00:00,189.52000427246094,164.00999450683594,189.52000427246094,164.00999450683594,189.63999938964844,164.0500030517578,189.52000427246094,164.00999450683594,189.60000610351562,164.02499389648438,36958.0,9325.0
2024-09-19 16:37:00+00:00,189.6199951171875,164.0449981689453,189.6199951171875,164.0449981689453,189.66000366210938,164.0449981689453,189.55999755859375,164.0050048828125,189.55999755859375,164.0050048828125,28985.0,7332.0
2024-09-19 16:38:00+00:00,189.59500122070312,164.0399932861328,189.59500122070312,164.0399932861328,189.63999938964844,164.0449981689453,189.50999450683594,163.9600067138672,189.63999938964844,164.0449981689453,42786.0,12661.0
2024-09-19 16:39:00+00:00,189.5500030517578,164.03500366210938,189.5500030517578,164.03500366210938,189.60000610351562,164.07000732421875,189.53329467773438,164.02999877929688,189.58999633789062,164.04750061035156,17905.0,9617.0
2024-09-19 16:40:00+00:00,189.6300048828125,164.0749969482422,189.6300048828125,164.0749969482422,189.63999938964844,164.08999633789062,189.52999877929688,164.03500366210938,189.5449981689453,164.03500366210938,35909.0,11375.0
2024-09-19 16:41:00+00:00,189.55999755859375,163.91000366210938,189.55999755859375,163.91000366210938,189.625,164.07000732421875,189.52000427246094,163.89999389648438,189.6199951171875,164.07000732421875,38725.0,20085.0
2024-09-19 16:42:00+00:00,189.5800018310547,163.91000366210938,189.5800018310547,163.91000366210938,189.58999633789062,163.91000366210938,189.54930114746094,163.88999938964844,189.56190490722656,163.89999389648438,26993.0,13836.0
2024-09-19 16:43:00+00:00,189.5998992919922,163.83999633789062,189.5998992919922,163.83999633789062,189.63999938964844,163.91000366210938,189.5500030517578,163.83999633789062,189.58999633789062,163.91000366210938,30622.0,14999.0
2024-09-19 16:44:00+00:00,189.6300048828125,163.8488006591797,189.6300048828125,163.8488006591797,189.67999267578125,163.9199981689453,189.5800018310547,163.83999633789062,189.5800018310547,163.86000061035156,27065.0,12613.0
2024-09-19 16:45:00+00:00,189.6407012939453,163.9239959716797,189.6407012939453,163.9239959716797,189.66000366210938,163.9239959716797,189.5601043701172,163.80999755859375,189.61520385742188,163.85000610351562,26070.0,15911.0
2024-09-19 16:46:00+00:00,189.74000549316406,163.97000122070312,189.74000549316406,163.97000122070312,189.75,163.97999572753906,189.66000366210938,163.9199981689453,189.66000366210938,163.93499755859375,57054.0,12851.0
2024-09-19 16:47:00+00:00,189.6699981689453,163.94000244140625,189.6699981689453,163.94000244140625,189.75,163.97999572753906,189.64999389648438,163.92999267578125,189.75,163.97999572753906,32825.0,13595.0
2024-09-19 16:48:00+00:00,189.56500244140625,163.89500427246094,189.56500244140625,163.89500427246094,189.64999389648438,163.94000244140625,189.53799438476562,163.8699951171875,189.64999389648438,163.92999267578125,35845.0,10099.0
2024-09-19 16:49:00+00:00,189.57000732421875,163.83999633789062,189.57000732421875,163.83999633789062,189.60000610351562,163.9199981689453,189.5399932861328,163.83999633789062,189.56500244140625,163.89599609375,31934.0,8566.0
2024-09-19 16:50:00+00:00,189.52999877929688,163.81260681152344,189.52999877929688,163.81260681152344,189.61000061035156,163.85000610351562,189.47000122070312,163.8000030517578,189.5601043701172,163.8300018310547,71150.0,16980.0
2024-09-19 16:51:00+00:00,189.47000122070312,163.83999633789062,189.47000122070312,163.83999633789062,189.6300048828125,163.90989685058594,189.45339965820312,163.82000732421875,189.52999877929688,163.8300018310547,59605.0,15022.0
2024-09-19 16:52:00+00:00,189.48849487304688,163.92999267578125,189.48849487304688,163.92999267578125,189.52999877929688,163.92999267578125,189.4320068359375,163.83999633789062,189.4600067138672,163.83999633789062,29674.0,18060.0
2024-09-19 16:53:00+00:00,189.4949951171875,163.9199981689453,189.4949951171875,163.9199981689453,189.5500030517578,163.9459991455078,189.4738006591797,163.88999938964844,189.49000549316406,163.92999267578125,29431.0,10531.0
2024-09-19 16:54:00+00:00,189.52499389648438,163.9199981689453,189.52499389648438,163.9199981689453,189.5399932861328,163.94700622558594,189.49989318847656,163.91000366210938,189.49989318847656,163.9199981689453,16700.0,6858.0
2024-09-19 16:55:00+00:00,189.4709930419922,163.89999389648438,189.4709930419922,163.89999389648438,189.5399932861328,163.93629455566406,189.4499969482422,163.89999389648438,189.52999877929688,163.9199981689453,67793.0,10163.0
2024-09-19 16:56:00+00:00,189.4199981689453,163.93499755859375,189.4199981689453,163.93499755859375,189.49000549316406,163.960205078125,189.4199981689453,163.88999938964844,189.4801025390625,163.90989685058594,36439.0,11467.0
2024-09-19 16:57:00+00:00,189.33999633789062,163.89999389648438,189.33999633789062,163.89999389648438,189.42999267578125,163.92999267578125,189.3000030517578,163.8800048828125,189.42999267578125,163.92999267578125,134400.0,14190.0
2024-09-19 16:58:00+00:00,189.2449951171875,163.92999267578125,189.2449951171875,163.92999267578125,189.35000610351562,163.94000244140625,189.1699981689453,163.88999938964844,189.3350067138672,163.90499877929688,50970.0,10083.0
2024-09-19 16:59:00+00:00,189.25,163.89999389648438,189.25,163.89999389648438,189.3300018310547,163.92999267578125,189.21200561523438,163.88999938964844,189.24000549316406,163.9199981689453,32837.0,10779.0
2024-09-19 17:00:00+00:00,189.32000732421875,163.9199981689453,189.32000732421875,163.9199981689453,189.32550048828125,163.9499969482422,189.1999969482422,163.88999938964844,189.24000549316406,163.91000366210938,42938.0,9923.0
2024-09-19 17:01:00+00:00,189.22999572753906,163.9302978515625,189.22999572753906,163.9302978515625,189.33999633789062,163.94000244140625,189.18319702148438,163.875,189.31649780273438,163.91000366210938,32088.0,19377.0
2024-09-19 17:02:00+00:00,189.2100067138672,163.89999389648438,189.2100067138672,163.89999389648438,189.2324981689453,163.92709350585938,189.1699981689453,163.88999938964844,189.19000244140625,163.9250030517578,23948.0,9384.0
2024-09-19 17:03:00+00:00,189.27999877929688,163.98500061035156,189.27999877929688,163.98500061035156,189.35000610351562,164.0,189.2100067138672,163.88999938964844,189.22000122070312,163.89999389648438,41594.0,17862.0
2024-09-19 17:04:00+00:00,189.39999389648438,164.0500030517578,189.39999389648438,164.0500030517578,189.42999267578125,164.06179809570312,189.27999877929688,163.97500610351562,189.27999877929688,163.99000549316406,59840.0,35073.0
2024-09-19 17:05:00+00:00,189.33200073242188,164.07000732421875,189.33200073242188,164.07000732421875,189.38999938964844,164.11000061035156,189.3000030517578,164.04989624023438,189.38999938964844,164.04989624023438,44228.0,22224.0
2024-09-19 17:06:00+00:00,189.1699981689453,163.9600067138672,189.1699981689453,163.9600067138672,189.3300018310547,164.05999755859375,189.13009643554688,163.9499969482422,189.3300018310547,164.05999755859375,52176.0,15873.0
2024-09-19 17:07:00+00:00,189.24000549316406,164.02000427246094,189.24000549316406,164.02000427246094,189.25,164.02000427246094,189.11000061035156,163.92999267578125,189.13999938964844,163.9499969482422,33166.0,16568.0
2024-09-19 17:08:00+00:00,189.1999969482422,163.97999572753906,189.1999969482422,163.97999572753906,189.22000122070312,164.02499389648438,189.1501007080078,163.97000122070312,189.22000122070312,164.02000427246094,26420.0,17847.0
2024-09-19 17:09:00+00:00,189.19000244140625,164.00999450683594,189.19000244140625,164.00999450683594,189.2100067138672,164.02000427246094,189.1699981689453,163.97000122070312,189.20010375976562,163.98849487304688,33355.0,12217.0
2024-09-19 17:10:00+00:00,189.10000610351562,163.97000122070312,189.10000610351562,163.97000122070312,189.19000244140625,164.0,189.02999877929688,163.94000244140625,189.19000244140625,164.0,49489.0,15681.0
2024-09-19 17:11:00+00:00,189.13999938964844,163.9499969482422,189.13999938964844,163.9499969482422,189.16000366210938,163.99000549316406,189.0601043701172,163.94979858398438,189.10000610351562,163.97500610351562,27006.0,9138.0
2024-09-19 17:12:00+00:00,189.0800018310547,163.91000366210938,189.0800018310547,163.91000366210938,189.16000366210938,163.9499969482422,189.05099487304688,163.89999389648438,189.13499450683594,163.94000244140625,26081.0,14354.0
2024-09-19 17:13:00+00:00,189.0,163.94000244140625,189.0,163.94000244140625,189.11000061035156,163.9600067138672,188.94000244140625,163.8800048828125,189.09500122070312,163.91000366210938,67214.0,15252.0
2024-09-19 17:14:00+00:00,189.00999450683594,164.0399932861328,189.00999450683594,164.0399932861328,189.11000061035156,164.05999755859375,188.99000549316406,163.9499969482422,188.99000549316406,163.9499969482422,63761.0,28674.0
2024-09-19 17:15:00+00:00,189.04800415039062,164.0800018310547,189.04800415039062,164.0800018310547,189.05999755859375,164.08999633789062,188.9600067138672,164.02499389648438,189.02000427246094,164.02999877929688,46992.0,11881.0
2024-09-19 17:16:00+00:00,189.25,164.125,189.25,164.125,189.27000427246094,164.1300048828125,189.0399932861328,164.07000732421875,189.05999755859375,164.0850067138672,66378.0,24378.0
2024-09-19 17:17:00+00:00,189.24000549316406,164.11000061035156,189.24000549316406,164.11000061035156,189.3000030517578,164.14999389648438,189.2100067138672,164.11000061035156,189.24000549316406,164.1300048828125,48961.0,19155.0
2024-09-19 17:18:00+00:00,189.19000244140625,164.07420349121094,189.19000244140625,164.07420349121094,189.25990295410156,164.13999938964844,189.16000366210938,164.05999755859375,189.2449951171875,164.10009765625,32454.0,16335.0
2024-09-19 17:19:00+00:00,189.31500244140625,164.11000061035156,189.31500244140625,164.11000061035156,189.31500244140625,164.1300048828125,189.19000244140625,164.0800018310547,189.19000244140625,164.0800018310547,28999.0,7539.0
2024-09-19 17:20:00+00:00,189.27000427246094,164.11000061035156,189.27000427246094,164.11000061035156,189.4199981689453,164.16000366210938,189.25999450683594,164.11000061035156,189.30999755859375,164.12109375,75518.0,10198.0
2024-09-19 17:21:00+00:00,189.21499633789062,164.09500122070312,189.21499633789062,164.09500122070312,189.28619384765625,164.10009765625,189.16000366210938,164.07000732421875,189.27000427246094,164.10000610351562,25576.0,7768.0
2024-09-19 17:22:00+00:00,189.1300048828125,164.08999633789062,189.1300048828125,164.08999633789062,189.22999572753906,164.09500122070312,189.0500030517578,164.0399932861328,189.2028045654297,164.09500122070312,43532.0,20449.0
2024-09-19 17:23:00+00:00,189.10769653320312,164.0800018310547,189.10769653320312,164.0800018310547,189.16000366210938,164.08999633789062,189.07000732421875,164.0500030517578,189.11000061035156,164.0850067138672,26618.0,14020.0
2024-09-19 17:24:00+00:00,189.08999633789062,164.0800018310547,189.08999633789062,164.0800018310547,189.10000610351562,164.0800018310547,189.02000427246094,164.0500030517578,189.07350158691406,164.07000732421875,445126.0,10868.0
2024-09-19 17:25:00+00:00,189.16000366210938,164.09829711914062,189.16000366210938,164.09829711914062,189.2100067138672,164.13999938964844,189.08999633789062,164.05999755859375,189.08999633789062,164.0749969482422,50361.0,15868.0
2024-09-19 17:26:00+00:00,189.10000610351562,164.0449981689453,189.10000610351562,164.0449981689453,189.1699981689453,164.09500122070312,189.08999633789062,164.0399932861328,189.1699981689453,164.09140014648438,22504.0,9338.0
2024-09-19 17:27:00+00:00,189.18499755859375,164.02999877929688,189.18499755859375,164.02999877929688,189.1999969482422,164.05760192871094,189.08999633789062,163.99000549316406,189.08999633789062,164.0399932861328,25749.0,15336.0
2024-09-19 17:28:00+00:00,189.27000427246094,164.0489959716797,189.27000427246094,164.0489959716797,189.27000427246094,164.0500030517578,189.14999389648438,164.00999450683594,189.1699981689453,164.0399932861328,38867.0,13906.0
2024-09-19 17:29:00+00:00,189.35000610351562,164.06419372558594,189.35000610351562,164.06419372558594,189.35499572753906,164.0850067138672,189.2653045654297,164.05409240722656,189.27999877929688,164.05999755859375,32428.0,10249.0
2024-09-19 17:30:00+00:00,189.4600067138672,164.10499572753906,189.4600067138672,164.10499572753906,189.49000549316406,164.11000061035156,189.42010498046875,164.0749969482422,189.43870544433594,164.0749969482422,38471.0,18214.0
2024-09-19 17:31:00+00:00,189.4600067138672,164.11500549316406,189.4600067138672,164.11500549316406,189.49000549316406,164.1300048828125,189.41000366210938,164.08999633789062,189.4499969482422,164.10499572753906,42636.0,9063.0
2024-09-19 17:32:00+00:00,189.5,164.1074981689453,189.5,164.1074981689453,189.50999450683594,164.1300048828125,189.4499969482422,164.09030151367188,189.46499633789062,164.11000061035156,49663.0,15583.0
2024-09-19 17:33:00+00:00,189.41000366210938,164.1199951171875,189.41000366210938,164.1199951171875,189.50999450683594,164.13999938964844,189.3834991455078,164.10000610351562,189.48049926757812,164.11000061035156,26257.0,45149.0
2024-09-19 17:34:00+00:00,189.49000549316406,164.1999969482422,189.49000549316406,164.1999969482422,189.49000549316406,164.2050018310547,189.32000732421875,164.11000061035156,189.4199981689453,164.1199951171875,143896.0,16307.0
2024-09-19 17:35:00+00:00,189.5,164.22000122070312,189.5,164.22000122070312,189.5500030517578,164.22000122070312,189.44000244140625,164.19009399414062,189.48599243164062,164.1999969482422,36063.0,12503.0
2024-09-19 17:36:00+00:00,189.52000427246094,164.1699981689453,189.52000427246094,164.1699981689453,189.55999755859375,164.25,189.42999267578125,164.13999938964844,189.50999450683594,164.2200927734375,34030.0,28374.0
2024-09-19 17:37:00+00:00,189.57000732421875,164.27999877929688,189.57000732421875,164.27999877929688,189.61000061035156,164.27999877929688,189.52000427246094,164.19009399414062,189.52000427246094,164.20199584960938,47053.0,18034.0
2024-09-19 17:38:00+00:00,189.5800018310547,164.22999572753906,189.5800018310547,164.22999572753906,189.5800018310547,164.2899932861328,189.5023956298828,164.1999969482422,189.57000732421875,164.2899932861328,42225.0,26732.0
2024-09-19 17:39:00+00:00,189.57000732421875,164.22999572753906,189.57000732421875,164.22999572753906,189.60000610351562,164.25999450683594,189.47999572753906,164.21229553222656,189.58999633789062,164.2397003173828,40375.0,31921.0
2024-09-19 17:40:00+00:00,189.55990600585938,164.2501983642578,189.55990600585938,164.2501983642578,189.5800018310547,164.27000427246094,189.52879333496094,164.22000122070312,189.5500030517578,164.22999572753906,25277.0,17478.0
2024-09-19 17:41:00+00:00,189.61000061035156,164.27499389648438,189.61000061035156,164.27499389648438,189.61000061035156,164.27499389648438,189.52999877929688,164.23500061035156,189.54010009765625,164.25,30589.0,33649.0
2024-09-19 17:42:00+00:00,189.66000366210938,164.3300018310547,189.66000366210938,164.3300018310547,189.6699981689453,164.3350067138672,189.5850067138672,164.25,189.61000061035156,164.27999877929688,44038.0,13804.0
2024-09-19 17:43:00+00:00,189.5500030517578,164.25999450683594,189.5500030517578,164.25999450683594,189.66000366210938,164.32000732421875,189.5399932861328,164.25,189.65499877929688,164.30999755859375,31560.0,17818.0
2024-09-19 17:44:00+00:00,189.67999267578125,164.33999633789062,189.67999267578125,164.33999633789062,189.67999267578125,164.33999633789062,189.52999877929688,164.26339721679688,189.55999755859375,164.27999877929688,30079.0,17875.0
2024-09-19 17:45:00+00:00,189.64999389648438,164.36990356445312,189.64999389648438,164.36990356445312,189.69000244140625,164.36990356445312,189.63999938964844,164.3249969482422,189.67999267578125,164.33009338378906,49908.0,20539.0
2024-09-19 17:46:00+00:00,189.7550048828125,164.44000244140625,189.7550048828125,164.44000244140625,189.75999450683594,164.4499969482422,189.63999938964844,164.35499572753906,189.66000366210938,164.36000061035156,70639.0,18213.0
2024-09-19 17:47:00+00:00,189.67999267578125,164.4600067138672,189.67999267578125,164.4600067138672,189.75999450683594,164.47500610351562,189.6300048828125,164.42999267578125,189.75,164.42999267578125,52220.0,13221.0
2024-09-19 17:48:00+00:00,189.75999450683594,164.47999572753906,189.75999450683594,164.47999572753906,189.77999877929688,164.5,189.66000366210938,164.4499969482422,189.6750030517578,164.4552001953125,44961.0,34118.0
2024-09-19 17:49:00+00:00,189.73989868164062,164.4499969482422,189.73989868164062,164.4499969482422,189.7799072265625,164.47999572753906,189.72000122070312,164.4499969482422,189.76499938964844,164.47000122070312,31658.0,19667.0
2024-09-19 17:50:00+00:00,189.76589965820312,164.42999267578125,189.76589965820312,164.42999267578125,189.77000427246094,164.44000244140625,189.66000366210938,164.39999389648438,189.72999572753906,164.44000244140625,45692.0,18526.0
2024-09-19 17:51:00+00:00,189.77999877929688,164.40499877929688,189.77999877929688,164.40499877929688,189.7899932861328,164.4499969482422,189.72999572753906,164.38999938964844,189.77000427246094,164.4499969482422,24617.0,11858.0
2024-09-19 17:52:00+00:00,189.7100067138672,164.39999389648438,189.7100067138672,164.39999389648438,189.7899932861328,164.41990661621094,189.67999267578125,164.3800048828125,189.77999877929688,164.39999389648438,31863.0,15101.0
2024-09-19 17:53:00+00:00,189.75,164.44500732421875,189.75,164.44500732421875,189.75,164.4600067138672,189.7100067138672,164.38999938964844,189.72999572753906,164.39999389648438,27586.0,15132.0
2024-09-19 17:54:00+00:00,189.75999450683594,164.5,189.75999450683594,164.5,189.80999755859375,164.52000427246094,189.64999389648438,164.4199981689453,189.7550048828125,164.4499969482422,72633.0,17074.0
2024-09-19 17:55:00+00:00,189.7899932861328,164.47000122070312,189.7899932861328,164.47000122070312,189.8000030517578,164.51499938964844,189.75,164.47000122070312,189.77999877929688,164.49000549316406,26479.0,13170.0
2024-09-19 17:56:00+00:00,189.66000366210938,164.3509063720703,189.66000366210938,164.3509063720703,189.77999877929688,164.47000122070312,189.66000366210938,164.35000610351562,189.77999877929688,164.47000122070312,45814.0,19979.0
2024-09-19 17:57:00+00:00,189.58999633789062,164.32049560546875,189.58999633789062,164.32049560546875,189.67999267578125,164.36000061035156,189.5800018310547,164.31500244140625,189.6699981689453,164.35000610351562,40124.0,15923.0
2024-09-19 17:58:00+00:00,189.5800018310547,164.2899932861328,189.5800018310547,164.2899932861328,189.61000061035156,164.33999633789062,189.55999755859375,164.2899932861328,189.58999633789062,164.32000732421875,40868.0,16668.0
2024-09-19 17:59:00+00:00,189.61619567871094,164.3000030517578,189.61619567871094,164.3000030517578,189.64999389648438,164.32000732421875,189.52999877929688,164.25830078125,189.55999755859375,164.29010009765625,43440.0,18834.0
2024-09-19 18:00:00+00:00,189.5749969482422,164.28900146484375,189.5749969482422,164.28900146484375,189.6199951171875,164.3170928955078,189.55999755859375,164.27490234375,189.6199951171875,164.30020141601562,28962.0,14842.0
2024-09-19 18:01:00+00:00,189.63999938964844,164.25,189.63999938964844,164.25,189.6649932861328,164.3000030517578,189.57000732421875,164.22999572753906,189.5800018310547,164.28500366210938,24436.0,19698.0
2024-09-19 18:02:00+00:00,189.61000061035156,164.2301025390625,189.61000061035156,164.2301025390625,189.6475067138672,164.25,189.5800018310547,164.1999969482422,189.6475067138672,164.24319458007812,29242.0,16416.0
2024-09-19 18:03:00+00:00,189.58999633789062,164.2091064453125,189.58999633789062,164.2091064453125,189.6300048828125,164.25,189.5399932861328,164.1750030517578,189.60040283203125,164.24000549316406,37143.0,18125.0
2024-09-19 18:04:00+00:00,189.74000549316406,164.2899932861328,189.74000549316406,164.2899932861328,189.7449951171875,164.3000946044922,189.5800018310547,164.20419311523438,189.5800018310547,164.20419311523438,42409.0,16882.0
2024-09-19 18:05:00+00:00,189.66000366210938,164.22000122070312,189.66000366210938,164.22000122070312,189.75,164.2949981689453,189.63999938964844,164.2100067138672,189.74000549316406,164.2949981689453,21606.0,13365.0
2024-09-19 18:06:00+00:00,189.69659423828125,164.1999969482422,189.69659423828125,164.1999969482422,189.70030212402344,164.23500061035156,189.63999938964844,164.18359375,189.67999267578125,164.22999572753906,26642.0,10976.0
2024-09-19 18:07:00+00:00,189.59970092773438,164.1649932861328,189.59970092773438,164.1649932861328,189.6800994873047,164.1999969482422,189.56500244140625,164.15499877929688,189.6800994873047,164.19500732421875,38178.0,17086.0
2024-09-19 18:08:00+00:00,189.6300048828125,164.18499755859375,189.6300048828125,164.18499755859375,189.69000244140625,164.22000122070312,189.5800018310547,164.1750030517578,189.5800018310547,164.1750030517578,23179.0,17977.0
2024-09-19 18:09:00+00:00,189.50990295410156,164.16000366210938,189.50990295410156,164.16000366210938,189.64999389648438,164.19000244140625,189.47999572753906,164.13499450683594,189.63999938964844,164.19000244140625,35017.0,10528.0
2024-09-19 18:10:00+00:00,189.4282989501953,164.0850067138672,189.4282989501953,164.0850067138672,189.50999450683594,164.1699981689453,189.3802032470703,164.0800018310547,189.5012969970703,164.1649932861328,47418.0,39974.0
2024-09-19 18:11:00+00:00,189.24000549316406,164.06500244140625,189.24000549316406,164.06500244140625,189.4199981689453,164.1199951171875,189.22999572753906,164.03500366210938,189.4199981689453,164.0897979736328,71362.0,18965.0
2024-09-19 18:12:00+00:00,189.29800415039062,164.09629821777344,189.29800415039062,164.09629821777344,189.34339904785156,164.10000610351562,189.22000122070312,164.05999755859375,189.25,164.06900024414062,45856.0,14181.0
2024-09-19 18:13:00+00:00,189.35000610351562,164.0749969482422,189.35000610351562,164.0749969482422,189.36000061035156,164.08999633789062,189.22999572753906,164.0399932861328,189.29010009765625,164.08999633789062,36093.0,15084.0
2024-09-19 18:14:00+00:00,189.32000732421875,164.01499938964844,189.32000732421875,164.01499938964844,189.38999938964844,164.09100341796875,189.2989959716797,164.01499938964844,189.35009765625,164.08999633789062,44118.0,12496.0
2024-09-19 18:15:00+00:00,189.1300048828125,163.8300018310547,189.1300048828125,163.8300018310547,189.3249969482422,164.0388946533203,189.02000427246094,163.80999755859375,189.32449340820312,164.0,62386.0,32839.0
2024-09-19 18:16:00+00:00,189.15150451660156,163.85000610351562,189.15150451660156,163.85000610351562,189.1999969482422,163.89990234375,189.0800018310547,163.81500244140625,189.1199951171875,163.82000732421875,45341.0,16285.0
2024-09-19 18:17:00+00:00,189.2100067138672,163.83999633789062,189.2100067138672,163.83999633789062,189.2100067138672,163.89999389648438,189.11000061035156,163.82000732421875,189.139892578125,163.85000610351562,37477.0,15829.0
2024-09-19 18:18:00+00:00,189.13999938964844,163.80999755859375,189.13999938964844,163.80999755859375,189.1999969482422,163.86000061035156,189.1199951171875,163.80999755859375,189.1999969482422,163.8350067138672,29791.0,30756.0
2024-09-19 18:19:00+00:00,189.27999877929688,163.91000366210938,189.27999877929688,163.91000366210938,189.2899932861328,163.91000366210938,189.13999938964844,163.80999755859375,189.14999389648438,163.82000732421875,49411.0,23482.0
2024-09-19 18:20:00+00:00,189.30999755859375,163.85499572753906,189.30999755859375,163.85499572753906,189.39999389648438,163.9499969482422,189.26010131835938,163.85000610351562,189.2899932861328,163.9199981689453,47177.0,41201.0
2024-09-19 18:21:00+00:00,189.27499389648438,163.83999633789062,189.27499389648438,163.83999633789062,189.3699951171875,163.8975067138672,189.25999450683594,163.8300018310547,189.2924041748047,163.86500549316406,40932.0,18584.0
2024-09-19 18:22:00+00:00,189.38499450683594,163.86000061035156,189.38499450683594,163.86000061035156,189.41000366210938,163.8699951171875,189.25680541992188,163.80499267578125,189.25999450683594,163.83999633789062,32588.0,31823.0
2024-09-19 18:23:00+00:00,,163.86000061035156,,163.86000061035156,,163.86000061035156,,163.86000061035156,,163.86000061035156,,36576.0
2024-09-19 18:24:00+00:00,189.47000122070312,163.8800048828125,189.47000122070312,163.8800048828125,189.47999572753906,163.88999938964844,189.39999389648438,163.85000610351562,189.4149932861328,163.86000061035156,82836.0,18850.0
2024-09-19 18:25:00+00:00,189.42349243164062,163.80999755859375,189.42349243164062,163.80999755859375,189.48500061035156,163.8800048828125,189.39999389648438,163.77000427246094,189.48500061035156,163.87789916992188,42845.0,42178.0
2024-09-19 18:26:00+00:00,189.51400756835938,163.80999755859375,189.51400756835938,163.80999755859375,189.5500030517578,163.81500244140625,189.41000366210938,163.75999450683594,189.42999267578125,163.8000030517578,59903.0,21558.0
2024-09-19 18:27:00+00:00,189.47999572753906,163.82000732421875,189.47999572753906,163.82000732421875,189.52999877929688,163.8300018310547,189.41000366210938,163.8000030517578,189.50999450683594,163.80999755859375,39829.0,18580.0
2024-09-19 18:28:00+00:00,189.5050048828125,163.8800048828125,189.5050048828125,163.8800048828125,189.52999877929688,163.89999389648438,189.3780059814453,163.7899932861328,189.4600067138672,163.82000732421875,65757.0,60413.0
2024-09-19 18:29:00+00:00,189.52000427246094,163.85000610351562,189.52000427246094,163.85000610351562,189.5399932861328,163.89999389648438,189.46560668945312,163.83999633789062,189.5399932861328,163.8800048828125,45211.0,55106.0
2024-09-19 18:30:00+00:00,189.57000732421875,163.8800048828125,189.57000732421875,163.8800048828125,189.60000610351562,163.88999938964844,189.5,163.85000610351562,189.5399932861328,163.86500549316406,34214.0,28281.0
2024-09-19 18:31:00+00:00,189.52000427246094,163.8657989501953,189.52000427246094,163.8657989501953,189.60000610351562,163.8800048828125,189.48989868164062,163.86000061035156,189.57000732421875,163.87010192871094,35960.0,26044.0
2024-09-19 18:32:00+00:00,189.50999450683594,163.85000610351562,189.50999450683594,163.85000610351562,189.5500030517578,163.8800048828125,189.47500610351562,163.83999633789062,189.52999877929688,163.86000061035156,43738.0,29366.0
2024-09-19 18:33:00+00:00,189.44000244140625,163.7899932861328,189.44000244140625,163.7899932861328,189.5449981689453,163.8800048828125,189.40499877929688,163.77000427246094,189.51080322265625,163.85499572753906,32553.0,24805.0
2024-09-19 18:34:00+00:00,189.52000427246094,163.77890014648438,189.52000427246094,163.77890014648438,189.5399932861328,163.81500244140625,189.4250030517578,163.75999450683594,189.44000244140625,163.8061981201172,26739.0,35136.0
2024-09-19 18:35:00+00:00,189.5500030517578,163.83999633789062,189.5500030517578,163.83999633789062,189.57000732421875,163.84469604492188,189.47999572753906,163.75010681152344,189.52000427246094,163.75999450683594,33534.0,16891.0
2024-09-19 18:36:00+00:00,189.5800018310547,163.83999633789062,189.5800018310547,163.83999633789062,189.58999633789062,163.86000061035156,189.5399932861328,163.82000732421875,189.5699005126953,163.85000610351562,29394.0,31849.0
2024-09-19 18:37:00+00:00,189.5749969482422,163.8699951171875,189.5749969482422,163.8699951171875,189.64999389648438,163.8800048828125,189.57000732421875,163.8300018310547,189.5800018310547,163.83999633789062,33828.0,17895.0
2024-09-19 18:38:00+00:00,189.55999755859375,163.85499572753906,189.55999755859375,163.85499572753906,189.60989379882812,163.8699951171875,189.5399932861328,163.8300018310547,189.58999633789062,163.85000610351562,30732.0,10806.0
2024-09-19 18:39:00+00:00,189.73240661621094,163.97000122070312,189.73240661621094,163.97000122070312,189.7449951171875,163.97999572753906,189.5500030517578,163.85499572753906,189.5500030517578,163.85499572753906,54720.0,14159.0
2024-09-19 18:40:00+00:00,189.6999969482422,164.0198974609375,189.6999969482422,164.0198974609375,189.75,164.0800018310547,189.67010498046875,163.97999572753906,189.7100067138672,163.97999572753906,42547.0,29746.0
2024-09-19 18:41:00+00:00,189.6999969482422,164.0301971435547,189.6999969482422,164.0301971435547,189.7100067138672,164.0399932861328,189.643798828125,164.00010681152344,189.6999969482422,164.02999877929688,30182.0,14107.0
2024-09-19 18:42:00+00:00,189.72000122070312,164.01499938964844,189.72000122070312,164.01499938964844,189.72140502929688,164.05990600585938,189.67999267578125,164.00999450683594,189.69000244140625,164.0399932861328,39109.0,10926.0
2024-09-19 18:43:00+00:00,189.77679443359375,164.06390380859375,189.77679443359375,164.06390380859375,189.7899932861328,164.1300048828125,189.7154998779297,164.02000427246094,189.7154998779297,164.02000427246094,57105.0,17613.0
2024-09-19 18:44:00+00:00,189.7615966796875,163.9600067138672,189.7615966796875,163.9600067138672,189.7899932861328,164.05499267578125,189.75,163.9600067138672,189.77999877929688,164.05499267578125,39225.0,10898.0
2024-09-19 18:45:00+00:00,189.7100067138672,163.92999267578125,189.7100067138672,163.92999267578125,189.77000427246094,163.97000122070312,189.62010192871094,163.8699951171875,189.77000427246094,163.97000122070312,43773.0,15403.0
2024-09-19 18:46:00+00:00,189.77049255371094,163.9499969482422,189.77049255371094,163.9499969482422,189.7899932861328,163.96499633789062,189.6833038330078,163.8780059814453,189.71279907226562,163.9499969482422,36413.0,18803.0
2024-09-19 18:47:00+00:00,189.74000549316406,163.96499633789062,189.74000549316406,163.96499633789062,189.82000732421875,164.02000427246094,189.74000549316406,163.92999267578125,189.7646942138672,163.92999267578125,68157.0,12940.0
2024-09-19 18:48:00+00:00,189.69000244140625,163.88499450683594,189.69000244140625,163.88499450683594,189.75,163.9600067138672,189.57000732421875,163.8300018310547,189.75,163.9600067138672,72131.0,16509.0
2024-09-19 18:49:00+00:00,189.5850067138672,163.85000610351562,189.5850067138672,163.85000610351562,189.69000244140625,163.89999389648438,189.5679931640625,163.8350067138672,189.67999267578125,163.88299560546875,34718.0,12317.0
2024-09-19 18:50:00+00:00,189.610107421875,163.9250946044922,189.610107421875,163.9250946044922,189.66000366210938,163.9409942626953,189.52999877929688,163.8300018310547,189.59500122070312,163.86000061035156,62841.0,23330.0
2024-09-19 18:51:00+00:00,189.72999572753906,163.97000122070312,189.72999572753906,163.97000122070312,189.72999572753906,163.97000122070312,189.50999450683594,163.8249969482422,189.61000061035156,163.9199981689453,42284.0,21496.0
2024-09-19 18:52:00+00:00,189.72999572753906,163.97000122070312,189.72999572753906,163.97000122070312,189.77000427246094,163.99000549316406,189.70010375976562,163.9600067138672,189.75,163.97000122070312,33557.0,9792.0
2024-09-19 18:53:00+00:00,189.67999267578125,163.96499633789062,189.67999267578125,163.96499633789062,189.75999450683594,163.97999572753906,189.6699981689453,163.92999267578125,189.75999450683594,163.97999572753906,84835.0,16170.0
2024-09-19 18:54:00+00:00,189.702392578125,163.99000549316406,189.702392578125,163.99000549316406,189.75,164.00180053710938,189.65499877929688,163.94110107421875,189.67230224609375,163.96499633789062,33679.0,15151.0
2024-09-19 18:55:00+00:00,189.6649932861328,163.97999572753906,189.6649932861328,163.97999572753906,189.72000122070312,163.99000549316406,189.66000366210938,163.96499633789062,189.7050018310547,163.97999572753906,33296.0,9369.0
2024-09-19 18:56:00+00:00,189.6999969482422,164.0,189.6999969482422,164.0,189.72000122070312,164.0,189.60000610351562,163.94000244140625,189.66000366210938,163.97000122070312,34598.0,19538.0
2024-09-19 18:57:00+00:00,189.72999572753906,164.0299072265625,189.72999572753906,164.0299072265625,189.77000427246094,164.03990173339844,189.6595001220703,163.98500061035156,189.7050018310547,163.98599243164062,47446.0,16319.0
2024-09-19 18:58:00+00:00,189.83999633789062,164.08999633789062,189.83999633789062,164.08999633789062,189.8699951171875,164.10299682617188,189.72000122070312,164.01950073242188,189.7299041748047,164.02589416503906,63596.0,31662.0
2024-09-19 18:59:00+00:00,189.86500549316406,164.0850067138672,189.86500549316406,164.0850067138672,189.88999938964844,164.10000610351562,189.80270385742188,164.0749969482422,189.82000732421875,164.08999633789062,34899.0,16307.0
2024-09-19 19:00:00+00:00,189.83700561523438,164.0500030517578,189.83700561523438,164.0500030517578,189.9199981689453,164.14999389648438,189.7700958251953,164.02000427246094,189.86000061035156,164.07000732421875,67420.0,28142.0
2024-09-19 19:01:00+00:00,189.6540069580078,163.94000244140625,189.6540069580078,163.94000244140625,189.80999755859375,164.05999755859375,189.64999389648438,163.94000244140625,189.80999755859375,164.0500030517578,49196.0,24614.0
2024-09-19 19:02:00+00:00,189.52999877929688,163.9199981689453,189.52999877929688,163.9199981689453,189.652099609375,163.9600067138672,189.50999450683594,163.89999389648438,189.652099609375,163.92999267578125,63298.0,21937.0
2024-09-19 19:03:00+00:00,189.6649932861328,164.02000427246094,189.6649932861328,164.02000427246094,189.6999969482422,164.0540008544922,189.5301055908203,163.92999267578125,189.5399932861328,163.92999267578125,31459.0,22576.0
2024-09-19 19:04:00+00:00,189.7799072265625,164.07989501953125,189.7799072265625,164.07989501953125,189.81260681152344,164.08999633789062,189.65499877929688,164.0,189.6649932861328,164.00999450683594,47515.0,19535.0
2024-09-19 19:05:00+00:00,189.72000122070312,164.0399932861328,189.72000122070312,164.0399932861328,189.77999877929688,164.07000732421875,189.6699981689453,164.0,189.77999877929688,164.07000732421875,49402.0,15757.0
2024-09-19 19:06:00+00:00,189.6999969482422,163.9550018310547,189.6999969482422,163.9550018310547,189.75,164.0500030517578,189.6300048828125,163.95010375976562,189.72000122070312,164.0500030517578,42159.0,24178.0
2024-09-19 19:07:00+00:00,189.74000549316406,163.99000549316406,189.74000549316406,163.99000549316406,189.7899932861328,164.0471954345703,189.6999969482422,163.9499969482422,189.6999969482422,163.9600067138672,44792.0,21383.0
2024-09-19 19:08:00+00:00,189.70289611816406,164.00999450683594,189.70289611816406,164.00999450683594,189.75,164.0399932861328,189.70289611816406,163.97999572753906,189.74989318847656,163.99000549316406,29114.0,14279.0
2024-09-19 19:09:00+00:00,189.6699981689453,163.97999572753906,189.6699981689453,163.97999572753906,189.6999969482422,164.0,189.5800018310547,163.92999267578125,189.6999969482422,164.0,42576.0,12334.0
2024-09-19 19:10:00+00:00,189.6840057373047,163.99000549316406,189.6840057373047,163.99000549316406,189.7100067138672,163.99000549316406,189.6300048828125,163.94000244140625,189.66000366210938,163.9727020263672,38867.0,18259.0
2024-09-19 19:11:00+00:00,189.6699981689453,164.0,189.6699981689453,164.0,189.7100067138672,164.02999877929688,189.6300048828125,163.97999572753906,189.69000244140625,163.97999572753906,34370.0,12681.0
2024-09-19 19:12:00+00:00,189.67999267578125,164.03500366210938,189.67999267578125,164.03500366210938,189.72000122070312,164.0500030517578,189.63499450683594,163.9949951171875,189.6699981689453,164.00999450683594,41926.0,13845.0
2024-09-19 19:13:00+00:00,189.67999267578125,164.05999755859375,189.67999267578125,164.05999755859375,189.75999450683594,164.0697021484375,189.6649932861328,164.02999877929688,189.69000244140625,164.0500030517578,56158.0,25056.0
2024-09-19 19:14:00+00:00,189.60000610351562,163.9600067138672,189.60000610351562,163.9600067138672,189.72500610351562,164.05999755859375,189.5800018310547,163.9600067138672,189.67999267578125,164.0469970703125,58523.0,21450.0
2024-09-19 19:15:00+00:00,189.67999267578125,164.02760314941406,189.67999267578125,164.02760314941406,189.69500732421875,164.02999877929688,189.52999877929688,163.91000366210938,189.57000732421875,163.97000122070312,54471.0,27567.0
2024-09-19 19:16:00+00:00,189.7050018310547,164.01499938964844,189.7050018310547,164.01499938964844,189.77000427246094,164.05999755859375,189.6699981689453,164.00790405273438,189.6750030517578,164.02999877929688,44593.0,22063.0
2024-09-19 19:17:00+00:00,189.7158966064453,163.97999572753906,189.7158966064453,163.97999572753906,189.75999450683594,164.0399932861328,189.69000244140625,163.97000122070312,189.7071990966797,164.01499938964844,33888.0,15758.0
2024-09-19 19:18:00+00:00,189.58999633789062,163.89999389648438,189.58999633789062,163.89999389648438,189.7100067138672,163.99000549316406,189.5800018310547,163.8699951171875,189.7100067138672,163.97500610351562,52653.0,25887.0
2024-09-19 19:19:00+00:00,189.5749969482422,163.875,189.5749969482422,163.875,189.63999938964844,163.9199981689453,189.52000427246094,163.83999633789062,189.55999755859375,163.88999938964844,39741.0,17136.0
2024-09-19 19:20:00+00:00,189.3699951171875,163.75999450683594,189.3699951171875,163.75999450683594,189.5850067138672,163.89019775390625,189.30999755859375,163.72000122070312,189.5800018310547,163.8800048828125,68575.0,37917.0
2024-09-19 19:21:00+00:00,189.4228057861328,163.7899932861328,189.4228057861328,163.7899932861328,189.4600067138672,163.82000732421875,189.35009765625,163.74000549316406,189.3800048828125,163.77000427246094,65167.0,29287.0
2024-09-19 19:22:00+00:00,189.5800018310547,163.85000610351562,189.5800018310547,163.85000610351562,189.60000610351562,163.85000610351562,189.39010620117188,163.77000427246094,189.41000366210938,163.77999877929688,57554.0,27268.0
2024-09-19 19:23:00+00:00,189.61000061035156,163.9199981689453,189.61000061035156,163.9199981689453,189.66000366210938,163.94000244140625,189.5749969482422,163.86000061035156,189.5749969482422,163.86000061035156,60045.0,20474.0
2024-09-19 19:24:00+00:00,189.6999969482422,164.0,189.6999969482422,164.0,189.7100067138672,164.02000427246094,189.57000732421875,163.89999389648438,189.61000061035156,163.9199981689453,74513.0,35605.0
2024-09-19 19:25:00+00:00,189.6649932861328,163.99000549316406,189.6649932861328,163.99000549316406,189.7100067138672,163.9949951171875,189.61000061035156,163.97000122070312,189.69000244140625,163.99000549316406,46563.0,19971.0
2024-09-19 19:27:00+00:00,189.4550018310547,163.8000030517578,189.4550018310547,163.8000030517578,189.47999572753906,163.8300018310547,189.37989807128906,163.74000549316406,189.47999572753906,163.82000732421875,128631.0,73414.0
2024-09-19 19:28:00+00:00,189.5050048828125,163.80999755859375,189.5050048828125,163.80999755859375,189.52999877929688,163.85000610351562,189.42999267578125,163.7899932861328,189.4499053955078,163.7899932861328,47768.0,29238.0
2024-09-19 19:29:00+00:00,189.5500030517578,163.88999938964844,189.5500030517578,163.88999938964844,189.58999633789062,163.88999938964844,189.49000549316406,163.7899932861328,189.50999450683594,163.82000732421875,48798.0,26158.0
2024-09-19 19:30:00+00:00,189.47999572753906,163.89979553222656,189.47999572753906,163.89979553222656,189.55999755859375,163.92349243164062,189.41000366210938,163.86500549316406,189.55999755859375,163.8800048828125,49610.0,33194.0
2024-09-19 19:31:00+00:00,189.4250030517578,163.8800048828125,189.4250030517578,163.8800048828125,189.52999877929688,163.93499755859375,189.38999938964844,163.86000061035156,189.5,163.89999389648438,60463.0,29566.0
2024-09-19 19:32:00+00:00,189.4499969482422,163.83999633789062,189.4499969482422,163.83999633789062,189.4499969482422,163.89999389648438,189.33999633789062,163.8000030517578,189.41189575195312,163.89999389648438,49389.0,23898.0
2024-09-19 19:33:00+00:00,189.53219604492188,163.89999389648438,189.53219604492188,163.89999389648438,189.55999755859375,163.91000366210938,189.443603515625,163.82009887695312,189.4550018310547,163.83999633789062,70601.0,26477.0
2024-09-19 19:34:00+00:00,189.5850067138672,163.9600067138672,189.5850067138672,163.9600067138672,189.6199951171875,163.9600067138672,189.5399932861328,163.89259338378906,189.5399932861328,163.9199981689453,77518.0,27856.0
2024-09-19 19:35:00+00:00,189.60499572753906,163.9499969482422,189.60499572753906,163.9499969482422,189.67999267578125,164.01010131835938,189.5800018310547,163.94000244140625,189.58999633789062,163.97000122070312,74538.0,38836.0
2024-09-19 19:36:00+00:00,189.52000427246094,163.94000244140625,189.52000427246094,163.94000244140625,189.64999389648438,164.02000427246094,189.51010131835938,163.9199981689453,189.58999633789062,163.9499969482422,49784.0,24653.0
2024-09-19 19:37:00+00:00,189.5050048828125,163.9499969482422,189.5050048828125,163.9499969482422,189.52999877929688,163.97000122070312,189.4600067138672,163.89999389648438,189.50999450683594,163.91000366210938,54785.0,18648.0
2024-09-19 19:38:00+00:00,189.4550018310547,163.85000610351562,189.4550018310547,163.85000610351562,189.51499938964844,163.94000244140625,189.40499877929688,163.8350067138672,189.5050048828125,163.94000244140625,54153.0,19317.0
2024-09-19 19:39:00+00:00,189.55999755859375,163.94129943847656,189.55999755859375,163.94129943847656,189.57000732421875,163.9499969482422,189.41000366210938,163.8699951171875,189.4550018310547,163.8699951171875,92878.0,18313.0
2024-09-19 19:40:00+00:00,189.60000610351562,163.97999572753906,189.60000610351562,163.97999572753906,189.60000610351562,163.97999572753906,189.5113067626953,163.91000366210938,189.55999755859375,163.9499969482422,63940.0,42662.0
2024-09-19 19:41:00+00:00,189.63999938964844,164.02499389648438,189.63999938964844,164.02499389648438,189.6649932861328,164.0399932861328,189.57009887695312,163.9949951171875,189.58999633789062,163.9949951171875,63433.0,24149.0
2024-09-19 19:42:00+00:00,189.3800048828125,163.9149932861328,189.3800048828125,163.9149932861328,189.6300048828125,164.0449981689453,189.3762969970703,163.91000366210938,189.6199951171875,164.0321044921875,87988.0,38724.0
2024-09-19 19:43:00+00:00,189.35169982910156,163.86000061035156,189.35169982910156,163.86000061035156,189.38999938964844,163.91000366210938,189.20889282226562,163.82000732421875,189.375,163.91000366210938,87599.0,39060.0
2024-09-19 19:44:00+00:00,189.24000549316406,163.77999877929688,189.24000549316406,163.77999877929688,189.38499450683594,163.86500549316406,189.22000122070312,163.77999877929688,189.36000061035156,163.86000061035156,74742.0,37248.0
2024-09-19 19:45:00+00:00,189.3253936767578,163.8249969482422,189.3253936767578,163.8249969482422,189.38999938964844,163.8800048828125,189.17999267578125,163.74000549316406,189.2100067138672,163.77999877929688,89420.0,30815.0
2024-09-19 19:46:00+00:00,189.44000244140625,163.83999633789062,189.44000244140625,163.83999633789062,189.4499969482422,163.8800048828125,189.30999755859375,163.81100463867188,189.33999633789062,163.8300018310547,91383.0,35797.0
2024-09-19 19:47:00+00:00,189.52999877929688,163.86500549316406,189.52999877929688,163.86500549316406,189.5399932861328,163.8699951171875,189.41000366210938,163.80499267578125,189.42999267578125,163.8300018310547,75947.0,36454.0
2024-09-19 19:48:00+00:00,189.59500122070312,163.91000366210938,189.59500122070312,163.91000366210938,189.60000610351562,163.9250030517578,189.50999450683594,163.8800048828125,189.53500366210938,163.88999938964844,66380.0,40828.0
2024-09-19 19:49:00+00:00,189.45750427246094,163.77499389648438,189.45750427246094,163.77499389648438,189.61000061035156,163.88999938964844,189.4499969482422,163.77499389648438,189.5959930419922,163.88999938964844,73936.0,37111.0
2024-09-19 19:50:00+00:00,189.24000549316406,163.44000244140625,189.24000549316406,163.44000244140625,189.47999572753906,163.7899932861328,189.17999267578125,163.41000366210938,189.41000366210938,163.7899932861328,187879.0,119828.0
2024-09-19 19:51:00+00:00,189.19500732421875,163.38999938964844,189.19500732421875,163.38999938964844,189.32000732421875,163.51499938964844,189.17999267578125,163.38499450683594,189.24000549316406,163.4600067138672,122470.0,66560.0
2024-09-19 19:52:00+00:00,189.1898956298828,163.30999755859375,189.1898956298828,163.30999755859375,189.30999755859375,163.46640014648438,189.16000366210938,163.27999877929688,189.1999969482422,163.3800048828125,97355.0,49918.0
2024-09-19 19:53:00+00:00,189.2100067138672,163.3699951171875,189.2100067138672,163.3699951171875,189.25999450683594,163.40980529785156,189.1649932861328,163.27000427246094,189.17999267578125,163.3000030517578,119569.0,44555.0
2024-09-19 19:54:00+00:00,189.5500030517578,163.52999877929688,189.5500030517578,163.52999877929688,189.83999633789062,163.63999938964844,189.2100067138672,163.38499450683594,189.22000122070312,163.38999938964844,308179.0,89010.0
2024-09-19 19:55:00+00:00,189.78160095214844,163.3000030517578,189.78160095214844,163.3000030517578,189.91000366210938,163.5500030517578,189.5500030517578,163.125,189.57000732421875,163.52000427246094,430118.0,179354.0
2024-09-19 19:56:00+00:00,189.68499755859375,163.3800048828125,189.68499755859375,163.3800048828125,189.7899932861328,163.39999389648438,189.6199951171875,163.25,189.77999877929688,163.27999877929688,257685.0,102991.0
2024-09-19 19:57:00+00:00,189.63999938964844,163.36500549316406,189.63999938964844,163.36500549316406,189.77000427246094,163.4499969482422,189.60000610351562,163.3350067138672,189.69000244140625,163.3699951171875,330233.0,122601.0
2024-09-19 19:58:00+00:00,189.69000244140625,163.2899932861328,189.69000244140625,163.2899932861328,189.7100067138672,163.35000610351562,189.58999633789062,163.21009826660156,189.63999938964844,163.35000610351562,350968.0,175584.0
2024-09-19 19:59:00+00:00,189.89999389648438,163.24000549316406,189.89999389648438,163.24000549316406,189.99000549316406,163.4510040283203,189.69000244140625,163.22000122070312,189.6999969482422,163.27999877929688,751680.0,400283.0
2024-09-20 13:30:00+00:00,190.6999969482422,164.63999938964844,190.6999969482422,164.63999938964844,190.88999938964844,164.7100067138672,190.02999877929688,164.24000549316406,190.22999572753906,164.42999267578125,7251002.0,3351405.0
2024-09-20 13:31:00+00:00,190.77999877929688,164.66000366210938,190.77999877929688,164.66000366210938,190.94000244140625,164.6999969482422,190.55999755859375,164.3699951171875,190.72000122070312,164.6699981689453,194363.0,77222.0
2024-09-20 13:32:00+00:00,190.53500366210938,164.36000061035156,190.53500366210938,164.36000061035156,190.83999633789062,164.7100067138672,190.33999633789062,164.3300018310547,190.7899932861328,164.64999389648438,168168.0,90824.0
2024-09-20 13:33:00+00:00,190.32000732421875,163.8699951171875,190.32000732421875,163.8699951171875,190.6300048828125,164.26499938964844,190.22999572753906,163.77999877929688,190.53500366210938,164.25100708007812,140308.0,92809.0
2024-09-20 13:34:00+00:00,190.8249969482422,164.1851043701172,190.8249969482422,164.1851043701172,190.9600067138672,164.19500732421875,190.2899932861328,163.8699951171875,190.35000610351562,163.8699951171875,147387.0,59078.0
2024-09-20 13:35:00+00:00,190.7001953125,164.17999267578125,190.7001953125,164.17999267578125,190.89500427246094,164.1999969482422,190.42999267578125,163.9499969482422,190.8350067138672,164.1907958984375,95872.0,61565.0
2024-09-20 13:36:00+00:00,190.8800048828125,164.3000030517578,190.8800048828125,164.3000030517578,190.92999267578125,164.33999633789062,190.6699981689453,164.10000610351562,190.6999969482422,164.1699981689453,143338.0,73720.0
2024-09-20 13:37:00+00:00,190.5399932861328,164.23500061035156,190.5399932861328,164.23500061035156,190.8800048828125,164.43479919433594,190.52000427246094,164.22000122070312,190.8800048828125,164.2899932861328,98950.0,64760.0
2024-09-20 13:38:00+00:00,190.74290466308594,164.13999938964844,190.74290466308594,164.13999938964844,190.9199981689453,164.3699951171875,190.52369689941406,164.1199951171875,190.5399932861328,164.22000122070312,103077.0,68852.0
2024-09-20 13:39:00+00:00,190.14999389648438,163.89999389648438,190.14999389648438,163.89999389648438,190.77999877929688,164.22000122070312,190.11000061035156,163.89999389648438,190.77999877929688,164.1199951171875,131592.0,44373.0
2024-09-20 13:40:00+00:00,190.031005859375,163.8927001953125,190.031005859375,163.8927001953125,190.3719940185547,163.9600067138672,190.031005859375,163.85000610351562,190.1199951171875,163.86000061035156,100785.0,32141.0
2024-09-20 13:41:00+00:00,189.781005859375,163.77000427246094,189.781005859375,163.77000427246094,190.0800018310547,163.89999389648438,189.7779998779297,163.74000549316406,190.02999877929688,163.88099670410156,122684.0,45843.0
2024-09-20 13:42:00+00:00,189.89999389648438,164.0679931640625,189.89999389648438,164.0679931640625,189.89999389648438,164.0679931640625,189.66000366210938,163.8000030517578,189.8000030517578,163.8000030517578,124279.0,32004.0
2024-09-20 13:43:00+00:00,190.30999755859375,164.1739959716797,190.30999755859375,164.1739959716797,190.30999755859375,164.1739959716797,189.82000732421875,164.0399932861328,189.89999389648438,164.06500244140625,110184.0,26237.0
2024-09-20 13:44:00+00:00,190.05999755859375,164.08999633789062,190.05999755859375,164.08999633789062,190.3300018310547,164.1750030517578,190.05999755859375,164.02999877929688,190.30999755859375,164.1649932861328,69299.0,28234.0
2024-09-20 13:45:00+00:00,190.10000610351562,164.13999938964844,190.10000610351562,164.13999938964844,190.2050018310547,164.2100067138672,190.0500030517578,164.0800018310547,190.0500946044922,164.08999633789062,69743.0,40365.0
2024-09-20 13:46:00+00:00,189.96029663085938,164.16000366210938,189.96029663085938,164.16000366210938,190.2100067138672,164.17999267578125,189.9199981689453,164.11000061035156,190.1300048828125,164.14500427246094,66971.0,33111.0
2024-09-20 13:47:00+00:00,189.97999572753906,164.25,189.97999572753906,164.25,190.01499938964844,164.25,189.86000061035156,164.10000610351562,189.9600067138672,164.15499877929688,71468.0,40693.0
2024-09-20 13:48:00+00:00,189.83999633789062,164.14500427246094,189.83999633789062,164.14500427246094,190.0299072265625,164.25,189.83999633789062,164.08999633789062,189.97000122070312,164.24989318847656,62366.0,25767.0
2024-09-20 13:49:00+00:00,189.75999450683594,164.15789794921875,189.75999450683594,164.15789794921875,189.9499969482422,164.20509338378906,189.67999267578125,164.0399932861328,189.83999633789062,164.13499450683594,77752.0,26557.0
2024-09-20 13:50:00+00:00,190.0500030517578,164.35989379882812,190.0500030517578,164.35989379882812,190.08999633789062,164.3699951171875,189.78500366210938,164.14999389648438,189.78500366210938,164.14999389648438,75709.0,27532.0
2024-09-20 13:51:00+00:00,189.97999572753906,164.1999969482422,189.97999572753906,164.1999969482422,190.2100067138672,164.3699951171875,189.97999572753906,164.1999969482422,190.10000610351562,164.36000061035156,58001.0,23856.0
2024-09-20 13:52:00+00:00,189.9600067138672,164.1199951171875,189.9600067138672,164.1199951171875,189.99400329589844,164.21629333496094,189.8249969482422,164.0500030517578,189.97000122070312,164.21629333496094,52526.0,25566.0
2024-09-20 13:53:00+00:00,189.97999572753906,163.97000122070312,189.97999572753906,163.97000122070312,190.0,164.08999633789062,189.86000061035156,163.9600067138672,189.94000244140625,164.08999633789062,53836.0,37930.0
2024-09-20 13:54:00+00:00,190.00999450683594,164.0800018310547,190.00999450683594,164.0800018310547,190.07000732421875,164.0800018310547,189.97000122070312,163.94000244140625,189.99989318847656,163.99929809570312,39996.0,36497.0
2024-09-20 13:55:00+00:00,189.99000549316406,164.0,189.99000549316406,164.0,190.06480407714844,164.0749969482422,189.97000122070312,163.96499633789062,190.0,164.06500244140625,32134.0,27632.0
2024-09-20 13:56:00+00:00,189.8101043701172,163.8699951171875,189.8101043701172,163.8699951171875,189.99000549316406,164.0,189.78579711914062,163.85000610351562,189.99000549316406,164.0,81637.0,36364.0
2024-09-20 13:57:00+00:00,189.7949981689453,163.97959899902344,189.7949981689453,163.97959899902344,189.91000366210938,163.9949951171875,189.74000549316406,163.88999938964844,189.81500244140625,163.88999938964844,39276.0,28101.0
2024-09-20 13:58:00+00:00,189.6300048828125,163.99000549316406,189.6300048828125,163.99000549316406,189.8300018310547,164.02000427246094,189.52999877929688,163.86000061035156,189.77999877929688,163.97999572753906,77628.0,41757.0
2024-09-20 13:59:00+00:00,189.44500732421875,163.9199981689453,189.44500732421875,163.9199981689453,189.7299041748047,164.04640197753906,189.35000610351562,163.8300018310547,189.6300048828125,163.99000549316406,138586.0,66400.0
2024-09-20 14:00:00+00:00,189.3699951171875,163.7100067138672,189.3699951171875,163.7100067138672,189.7899932861328,163.99000549316406,189.3699951171875,163.6999969482422,189.47000122070312,163.91000366210938,90016.0,71549.0
2024-09-20 14:01:00+00:00,189.52499389648438,163.77000427246094,189.52499389648438,163.77000427246094,189.57949829101562,163.83999633789062,189.3574981689453,163.69200134277344,189.3800048828125,163.6999969482422,56287.0,38152.0
2024-09-20 14:02:00+00:00,189.49000549316406,163.74000549316406,189.49000549316406,163.74000549316406,189.65260314941406,163.8300018310547,189.4199981689453,163.67759704589844,189.50999450683594,163.77000427246094,57741.0,32581.0
2024-09-20 14:03:00+00:00,189.6300048828125,164.08999633789062,189.6300048828125,164.08999633789062,189.6768035888672,164.1300048828125,189.47000122070312,163.7449951171875,189.49339294433594,163.7449951171875,65771.0,48221.0
2024-09-20 14:04:00+00:00,189.63999938964844,164.14210510253906,189.63999938964844,164.14210510253906,189.75,164.17999267578125,189.5989990234375,164.07000732421875,189.63499450683594,164.1199951171875,44335.0,55342.0
2024-09-20 14:05:00+00:00,189.6300048828125,164.19000244140625,189.6300048828125,164.19000244140625,189.7100067138672,164.27000427246094,189.58999633789062,164.11000061035156,189.67999267578125,164.1300048828125,51652.0,35087.0
2024-09-20 14:06:00+00:00,189.6699981689453,164.2100067138672,189.6699981689453,164.2100067138672,189.6999969482422,164.2449951171875,189.57000732421875,164.17999267578125,189.66000366210938,164.19000244140625,47110.0,22229.0
2024-09-20 14:07:00+00:00,189.5800018310547,164.02999877929688,189.5800018310547,164.02999877929688,189.7899932861328,164.24000549316406,189.52999877929688,164.0,189.67999267578125,164.1999969482422,66262.0,26582.0
2024-09-20 14:08:00+00:00,189.7823028564453,164.0399932861328,189.7823028564453,164.0399932861328,189.7899932861328,164.0998992919922,189.5399932861328,163.97000122070312,189.60000610351562,164.0449981689453,44630.0,27871.0
2024-09-20 14:09:00+00:00,189.61000061035156,163.9199981689453,189.61000061035156,163.9199981689453,189.78990173339844,164.08999633789062,189.5399932861328,163.83999633789062,189.78799438476562,164.0399932861328,43299.0,29475.0
2024-09-20 14:10:00+00:00,189.47000122070312,163.82899475097656,189.47000122070312,163.82899475097656,189.69000244140625,163.97000122070312,189.4550018310547,163.7949981689453,189.60000610351562,163.92999267578125,72194.0,38772.0
2024-09-20 14:11:00+00:00,189.50999450683594,163.85800170898438,189.50999450683594,163.85800170898438,189.6300048828125,163.92999267578125,189.3800048828125,163.77000427246094,189.46499633789062,163.80999755859375,69946.0,33948.0
2024-09-20 14:12:00+00:00,189.66000366210938,163.9199981689453,189.66000366210938,163.9199981689453,189.74000549316406,164.0,189.52000427246094,163.83999633789062,189.52000427246094,163.8699951171875,67115.0,27917.0
2024-09-20 14:13:00+00:00,189.6199951171875,163.7899932861328,189.6199951171875,163.7899932861328,189.6999969482422,163.85000610351562,189.52999877929688,163.72999572753906,189.6300048828125,163.85000610351562,32843.0,22026.0
2024-09-20 14:14:00+00:00,189.6020050048828,163.71629333496094,189.6020050048828,163.71629333496094,189.67999267578125,163.84410095214844,189.5659942626953,163.7100067138672,189.625,163.7899932861328,38636.0,22605.0
2024-09-20 14:15:00+00:00,189.33999633789062,163.54800415039062,189.33999633789062,163.54800415039062,189.67999267578125,163.77999877929688,189.33999633789062,163.52000427246094,189.60000610351562,163.7100067138672,51231.0,30124.0
2024-09-20 14:16:00+00:00,189.3350067138672,163.55499267578125,189.3350067138672,163.55499267578125,189.41000366210938,163.6699981689453,189.3000030517578,163.55499267578125,189.3300018310547,163.57000732421875,46806.0,25503.0
2024-09-20 14:17:00+00:00,189.4199981689453,163.58999633789062,189.4199981689453,163.58999633789062,189.4499969482422,163.6300048828125,189.3300018310547,163.5500030517578,189.35000610351562,163.55999755859375,32203.0,23991.0
2024-09-20 14:18:00+00:00,189.52000427246094,163.67999267578125,189.52000427246094,163.67999267578125,189.6699981689453,163.72999572753906,189.41000366210938,163.5800018310547,189.41000366210938,163.5800018310547,74292.0,27707.0
2024-09-20 14:19:00+00:00,189.25999450683594,163.72000122070312,189.25999450683594,163.72000122070312,189.5500030517578,163.75999450683594,189.14999389648438,163.58999633789062,189.52000427246094,163.6750030517578,130181.0,80350.0
2024-09-20 14:20:00+00:00,189.25999450683594,163.73399353027344,189.25999450683594,163.73399353027344,189.38999938964844,163.75,189.2100067138672,163.6699981689453,189.25,163.72000122070312,65469.0,29799.0
2024-09-20 14:21:00+00:00,189.06350708007812,163.61000061035156,189.06350708007812,163.61000061035156,189.3000030517578,163.74000549316406,189.05999755859375,163.57000732421875,189.27000427246094,163.72999572753906,49205.0,29502.0
2024-09-20 14:22:00+00:00,189.17999267578125,163.55999755859375,189.17999267578125,163.55999755859375,189.19000244140625,163.6300048828125,189.05999755859375,163.55999755859375,189.05999755859375,163.5998992919922,69996.0,44993.0
2024-09-20 14:23:00+00:00,189.3000030517578,163.61500549316406,189.3000030517578,163.61500549316406,189.3592071533203,163.66229248046875,189.13999938964844,163.47999572753906,189.13999938964844,163.55999755859375,34874.0,36724.0
2024-09-20 14:24:00+00:00,189.4550018310547,163.76429748535156,189.4550018310547,163.76429748535156,189.47999572753906,163.8000030517578,189.27999877929688,163.6510009765625,189.27999877929688,163.6627960205078,67181.0,20236.0
2024-09-20 14:25:00+00:00,189.5500030517578,163.75,189.5500030517578,163.75,189.6300048828125,163.89010620117188,189.4250030517578,163.75,189.4499969482422,163.7899932861328,136993.0,39363.0
2024-09-20 14:26:00+00:00,189.57000732421875,163.67999267578125,189.57000732421875,163.67999267578125,189.63189697265625,163.78500366210938,189.45660400390625,163.66810607910156,189.5500030517578,163.7100067138672,35560.0,27635.0
2024-09-20 14:27:00+00:00,189.47000122070312,163.6699981689453,189.47000122070312,163.6699981689453,189.58999633789062,163.72999572753906,189.3800048828125,163.64999389648438,189.5500030517578,163.7100067138672,34832.0,15391.0
2024-09-20 14:28:00+00:00,189.4600067138672,163.85499572753906,189.4600067138672,163.85499572753906,189.49000549316406,163.86000061035156,189.39999389648438,163.65499877929688,189.49000549316406,163.67999267578125,24514.0,17111.0
2024-09-20 14:29:00+00:00,189.36000061035156,163.75,189.36000061035156,163.75,189.47219848632812,163.86199951171875,189.3300018310547,163.72500610351562,189.47000122070312,163.86199951171875,44224.0,17355.0
2024-09-20 14:30:00+00:00,189.3300018310547,163.77999877929688,189.3300018310547,163.77999877929688,189.44500732421875,163.85000610351562,189.3300018310547,163.7550048828125,189.39999389648438,163.7550048828125,30826.0,21064.0
2024-09-20 14:31:00+00:00,189.2100067138672,163.7100067138672,189.2100067138672,163.7100067138672,189.33140563964844,163.76600646972656,189.2100067138672,163.69000244140625,189.3000030517578,163.75,41688.0,21382.0
2024-09-20 14:32:00+00:00,189.14199829101562,163.69000244140625,189.14199829101562,163.69000244140625,189.25,163.72000122070312,189.1300048828125,163.6699981689453,189.2100067138672,163.6999969482422,44756.0,18559.0
2024-09-20 14:33:00+00:00,189.1136932373047,163.58999633789062,189.1136932373047,163.58999633789062,189.16000366210938,163.6649932861328,189.02999877929688,163.5500030517578,189.13499450683594,163.66000366210938,36700.0,30130.0
2024-09-20 14:34:00+00:00,189.24000549316406,163.6699981689453,189.24000549316406,163.6699981689453,189.2935028076172,163.7100067138672,189.1300048828125,163.59500122070312,189.1300048828125,163.59500122070312,44903.0,26308.0
2024-09-20 14:35:00+00:00,189.0800018310547,163.66000366210938,189.0800018310547,163.66000366210938,189.27999877929688,163.74000549316406,189.0800018310547,163.66000366210938,189.22999572753906,163.66000366210938,51571.0,24331.0
2024-09-20 14:36:00+00:00,189.1300048828125,163.77000427246094,189.1300048828125,163.77000427246094,189.2050018310547,163.83999633789062,188.97999572753906,163.63999938964844,189.06500244140625,163.66000366210938,70070.0,39076.0
2024-09-20 14:37:00+00:00,189.25999450683594,163.89999389648438,189.25999450683594,163.89999389648438,189.27000427246094,163.97999572753906,189.13999938964844,163.78750610351562,189.14010620117188,163.7899932861328,62848.0,59121.0
2024-09-20 14:38:00+00:00,189.19000244140625,163.9199981689453,189.19000244140625,163.9199981689453,189.2696990966797,163.9219970703125,189.1699981689453,163.82000732421875,189.2523956298828,163.8800048828125,41346.0,21127.0
2024-09-20 14:39:00+00:00,189.2100067138672,164.00999450683594,189.2100067138672,164.00999450683594,189.3000030517578,164.02999877929688,189.17999267578125,163.91000366210938,189.1999969482422,163.91000366210938,42277.0,25102.0
2024-09-20 14:40:00+00:00,189.0749969482422,163.91000366210938,189.0749969482422,163.91000366210938,189.19000244140625,164.0,189.07000732421875,163.86000061035156,189.17999267578125,164.0,61072.0,27775.0
2024-09-20 14:41:00+00:00,188.93499755859375,163.8300018310547,188.93499755859375,163.8300018310547,189.11000061035156,163.9302978515625,188.92999267578125,163.82000732421875,189.07000732421875,163.91000366210938,67198.0,25686.0
2024-09-20 14:42:00+00:00,188.89999389648438,163.89999389648438,188.89999389648438,163.89999389648438,188.9600067138672,163.9196014404297,188.80999755859375,163.77000427246094,188.9398956298828,163.83999633789062,74091.0,31739.0
2024-09-20 14:43:00+00:00,188.77999877929688,163.83999633789062,188.77999877929688,163.83999633789062,188.91000366210938,163.9499969482422,188.76199340820312,163.81500244140625,188.89999389648438,163.90989685058594,93884.0,25667.0
2024-09-20 14:44:00+00:00,188.8179931640625,163.8000030517578,188.8179931640625,163.8000030517578,188.8300018310547,163.82000732421875,188.6300048828125,163.75,188.76040649414062,163.82000732421875,92372.0,23967.0
2024-09-20 14:45:00+00:00,188.7949981689453,163.77000427246094,188.7949981689453,163.77000427246094,188.8800048828125,163.8000030517578,188.7899932861328,163.7292938232422,188.81500244140625,163.8000030517578,45513.0,10788.0
2024-09-20 14:46:00+00:00,188.77000427246094,163.67999267578125,188.77000427246094,163.67999267578125,188.82000732421875,163.7899932861328,188.6699981689453,163.61000061035156,188.8000030517578,163.77000427246094,46865.0,58099.0
2024-09-20 14:47:00+00:00,188.77000427246094,163.66000366210938,188.77000427246094,163.66000366210938,188.86000061035156,163.72500610351562,188.73500061035156,163.65499877929688,188.77000427246094,163.66000366210938,43627.0,19387.0
2024-09-20 14:48:00+00:00,188.77000427246094,163.6999969482422,188.77000427246094,163.6999969482422,188.80999755859375,163.71499633789062,188.58999633789062,163.5800018310547,188.7449951171875,163.66000366210938,49848.0,24792.0
2024-09-20 14:49:00+00:00,188.76499938964844,163.64999389648438,188.76499938964844,163.64999389648438,188.85000610351562,163.7050018310547,188.64500427246094,163.63999938964844,188.75999450683594,163.7050018310547,40285.0,19405.0
2024-09-20 14:50:00+00:00,188.80589294433594,163.60000610351562,188.80589294433594,163.60000610351562,188.89349365234375,163.72000122070312,188.72000122070312,163.60000610351562,188.74789428710938,163.6750030517578,55874.0,42752.0
2024-09-20 14:51:00+00:00,188.86000061035156,163.6699981689453,188.86000061035156,163.6699981689453,188.86000061035156,163.67999267578125,188.72000122070312,163.58999633789062,188.80499267578125,163.61729431152344,28466.0,24889.0
2024-09-20 14:52:00+00:00,188.6649932861328,163.5449981689453,188.6649932861328,163.5449981689453,188.8625030517578,163.66000366210938,188.52999877929688,163.44000244140625,188.8625030517578,163.66000366210938,70243.0,57223.0
2024-09-20 14:53:00+00:00,188.55499267578125,163.49000549316406,188.55499267578125,163.49000549316406,188.67469787597656,163.5800018310547,188.5399932861328,163.4499969482422,188.64999389648438,163.5399932861328,39897.0,34765.0
2024-09-20 14:54:00+00:00,188.5395050048828,163.3892059326172,188.5395050048828,163.3892059326172,188.59500122070312,163.48399353027344,188.5,163.3800048828125,188.57989501953125,163.47999572753906,51582.0,29177.0
2024-09-20 14:55:00+00:00,188.33999633789062,163.33999633789062,188.33999633789062,163.33999633789062,188.5500030517578,163.3800048828125,188.33999633789062,163.32000732421875,188.5399932861328,163.3800048828125,63347.0,16433.0
2024-09-20 14:56:00+00:00,188.36329650878906,163.4499969482422,188.36329650878906,163.4499969482422,188.47000122070312,163.4499969482422,188.32000732421875,163.32000732421875,188.34339904785156,163.35499572753906,58586.0,38919.0
2024-09-20 14:57:00+00:00,188.40989685058594,163.4499969482422,188.40989685058594,163.4499969482422,188.4499969482422,163.47000122070312,188.31500244140625,163.39999389648438,188.36500549316406,163.42999267578125,42190.0,18243.0
2024-09-20 14:58:00+00:00,188.289794921875,163.4600067138672,188.289794921875,163.4600067138672,188.39999389648438,163.46009826660156,188.25999450683594,163.3699951171875,188.39999389648438,163.42999267578125,67616.0,32522.0
2024-09-20 14:59:00+00:00,188.2550048828125,163.35000610351562,188.2550048828125,163.35000610351562,188.2899932861328,163.468994140625,188.13999938964844,163.3300018310547,188.2899932861328,163.45799255371094,69156.0,21828.0
2024-09-20 15:00:00+00:00,188.1199951171875,163.32000732421875,188.1199951171875,163.32000732421875,188.25,163.3699951171875,188.10000610351562,163.25999450683594,188.25,163.35000610351562,69107.0,18152.0
2024-09-20 15:01:00+00:00,188.16000366210938,163.36000061035156,188.16000366210938,163.36000061035156,188.19000244140625,163.36000061035156,188.02999877929688,163.29249572753906,188.11000061035156,163.3000030517578,46721.0,16620.0
2024-09-20 15:02:00+00:00,188.1826934814453,163.3000030517578,188.1826934814453,163.3000030517578,188.22000122070312,163.3800048828125,188.07000732421875,163.2899932861328,188.14999389648438,163.3695068359375,70968.0,29629.0
2024-09-20 15:03:00+00:00,188.16000366210938,163.375,188.16000366210938,163.375,188.2899932861328,163.4199981689453,188.1199951171875,163.30599975585938,188.1999053955078,163.30599975585938,44323.0,14869.0
2024-09-20 15:04:00+00:00,188.0800018310547,163.4149932861328,188.0800018310547,163.4149932861328,188.1699981689453,163.4199981689453,188.0500030517578,163.36000061035156,188.1699981689453,163.3699951171875,43990.0,15225.0
2024-09-20 15:05:00+00:00,188.08999633789062,163.42999267578125,188.08999633789062,163.42999267578125,188.13999938964844,163.42999267578125,188.02999877929688,163.3699951171875,188.0782928466797,163.4199981689453,60037.0,226730.0
2024-09-20 15:06:00+00:00,188.10000610351562,163.4600067138672,188.10000610351562,163.4600067138672,188.1199951171875,163.52000427246094,188.02999877929688,163.4499969482422,188.1197967529297,163.52000427246094,67173.0,28298.0
2024-09-20 15:07:00+00:00,188.11810302734375,163.5,188.11810302734375,163.5,188.1699981689453,163.5,188.0699005126953,163.40499877929688,188.125,163.4600067138672,94946.0,222327.0
2024-09-20 15:08:00+00:00,187.91000366210938,163.55999755859375,187.91000366210938,163.55999755859375,188.13999938964844,163.60000610351562,187.84500122070312,163.47999572753906,188.1300048828125,163.50999450683594,153985.0,34929.0
2024-09-20 15:09:00+00:00,187.81500244140625,163.58999633789062,187.81500244140625,163.58999633789062,187.94000244140625,163.60000610351562,187.8000946044922,163.5500030517578,187.9149932861328,163.5500030517578,72419.0,13185.0
2024-09-20 15:10:00+00:00,187.889892578125,163.67059326171875,187.889892578125,163.67059326171875,187.92999267578125,163.6759033203125,187.8000030517578,163.58999633789062,187.80999755859375,163.60499572753906,96578.0,16599.0
2024-09-20 15:11:00+00:00,187.8699951171875,163.52000427246094,187.8699951171875,163.52000427246094,187.94500732421875,163.67999267578125,187.8350067138672,163.49000549316406,187.8800048828125,163.6699981689453,44005.0,36469.0
2024-09-20 15:13:00+00:00,187.7239990234375,163.38999938964844,187.7239990234375,163.38999938964844,187.7239990234375,163.38999938964844,187.7100067138672,163.38999938964844,187.72000122070312,163.38999938964844,126763.0,37115.0
2024-09-20 15:14:00+00:00,187.72500610351562,163.3300018310547,187.72500610351562,163.3300018310547,187.77999877929688,163.3800048828125,187.64999389648438,163.3300018310547,187.7100067138672,163.3800048828125,46583.0,23198.0
2024-09-20 15:15:00+00:00,187.51499938964844,163.2100067138672,187.51499938964844,163.2100067138672,187.75,163.38999938964844,187.50999450683594,163.19500732421875,187.72500610351562,163.3800048828125,152597.0,24695.0
2024-09-20 15:16:00+00:00,187.49000549316406,163.2100067138672,187.49000549316406,163.2100067138672,187.57000732421875,163.25999450683594,187.42999267578125,163.18460083007812,187.50999450683594,163.19000244140625,136260.0,21297.0
2024-09-20 15:17:00+00:00,187.4499969482422,163.31199645996094,187.4499969482422,163.31199645996094,187.60000610351562,163.33999633789062,187.41000366210938,163.1999969482422,187.47999572753906,163.20899963378906,94018.0,20970.0
2024-09-20 15:18:00+00:00,187.67999267578125,163.3090057373047,187.67999267578125,163.3090057373047,187.77000427246094,163.36500549316406,187.45799255371094,163.25,187.4600067138672,163.32009887695312,102876.0,35212.0
2024-09-20 15:19:00+00:00,187.89999389648438,163.36000061035156,187.89999389648438,163.36000061035156,187.91000366210938,163.36000061035156,187.58999633789062,163.27000427246094,187.64019775390625,163.32000732421875,86012.0,17740.0
2024-09-20 15:20:00+00:00,188.0428009033203,163.4499969482422,188.0428009033203,163.4499969482422,188.11000061035156,163.4600067138672,187.83009338378906,163.33999633789062,187.87010192871094,163.3800048828125,75820.0,30147.0
2024-09-20 15:21:00+00:00,187.9499969482422,163.3699951171875,187.9499969482422,163.3699951171875,188.05999755859375,163.47000122070312,187.90240478515625,163.3699951171875,188.05999755859375,163.44000244140625,61502.0,18757.0
2024-09-20 15:22:00+00:00,187.83999633789062,163.4199981689453,187.83999633789062,163.4199981689453,187.9600067138672,163.44000244140625,187.80050659179688,163.35000610351562,187.94500732421875,163.3560028076172,55147.0,17615.0
2024-09-20 15:23:00+00:00,187.89999389648438,163.47999572753906,187.89999389648438,163.47999572753906,188.0,163.52000427246094,187.83999633789062,163.42999267578125,187.83999633789062,163.42999267578125,83307.0,19641.0
2024-09-20 15:24:00+00:00,187.8699951171875,163.44000244140625,187.8699951171875,163.44000244140625,187.9272003173828,163.50750732421875,187.8300018310547,163.4250030517578,187.90499877929688,163.49000549316406,35449.0,11242.0
2024-09-20 15:25:00+00:00,187.91000366210938,163.4499969482422,187.91000366210938,163.4499969482422,187.97000122070312,163.53990173339844,187.8699951171875,163.44000244140625,187.8699951171875,163.4499969482422,36034.0,18401.0
2024-09-20 15:26:00+00:00,188.02000427246094,163.40499877929688,188.02000427246094,163.40499877929688,188.1199951171875,163.52999877929688,187.9149932861328,163.39999389648438,187.9149932861328,163.4600067138672,73675.0,24623.0
2024-09-20 15:27:00+00:00,188.05999755859375,163.41000366210938,188.05999755859375,163.41000366210938,188.0800018310547,163.47999572753906,188.00799560546875,163.3800048828125,188.02000427246094,163.4149932861328,37438.0,15822.0
2024-09-20 15:28:00+00:00,188.14999389648438,163.4600067138672,188.14999389648438,163.4600067138672,188.24000549316406,163.47500610351562,187.97000122070312,163.38999938964844,188.0500030517578,163.4199981689453,78834.0,16893.0
2024-09-20 15:29:00+00:00,188.11000061035156,163.3800048828125,188.11000061035156,163.3800048828125,188.24070739746094,163.47999572753906,188.11000061035156,163.3800048828125,188.13999938964844,163.47000122070312,42327.0,16817.0
2024-09-20 15:30:00+00:00,188.14999389648438,163.42999267578125,188.14999389648438,163.42999267578125,188.2050018310547,163.44500732421875,188.08999633789062,163.35000610351562,188.1199951171875,163.3699951171875,39784.0,18452.0
2024-09-20 15:31:00+00:00,188.14999389648438,163.47000122070312,188.14999389648438,163.47000122070312,188.19000244140625,163.50999450683594,188.1300048828125,163.4199981689453,188.14999389648438,163.42999267578125,41196.0,20233.0
2024-09-20 15:32:00+00:00,188.2301025390625,163.61000061035156,188.2301025390625,163.61000061035156,188.25,163.6199951171875,188.1300048828125,163.52000427246094,188.14999389648438,163.52000427246094,72792.0,16318.0
2024-09-20 15:33:00+00:00,188.24000549316406,163.66000366210938,188.24000549316406,163.66000366210938,188.25,163.66000366210938,188.14999389648438,163.60000610351562,188.2200927734375,163.60000610351562,46975.0,12248.0
2024-09-20 15:34:00+00:00,188.3699951171875,163.77000427246094,188.3699951171875,163.77000427246094,188.4499969482422,163.8000030517578,188.22999572753906,163.6699981689453,188.22999572753906,163.6699981689453,86209.0,22330.0
2024-09-20 15:35:00+00:00,188.42999267578125,163.75,188.42999267578125,163.75,188.52000427246094,163.85000610351562,188.375,163.75,188.38499450683594,163.8350067138672,1550774.0,16063.0
2024-09-20 15:36:00+00:00,188.50999450683594,163.77459716796875,188.50999450683594,163.77459716796875,188.5699005126953,163.8000030517578,188.27999877929688,163.64999389648438,188.42999267578125,163.75,89399.0,21731.0
2024-09-20 15:37:00+00:00,188.52999877929688,163.76499938964844,188.52999877929688,163.76499938964844,188.5800018310547,163.7899932861328,188.44000244140625,163.7490997314453,188.5,163.7550048828125,55037.0,11505.0
2024-09-20 15:38:00+00:00,188.52000427246094,163.8300018310547,188.52000427246094,163.8300018310547,188.5800018310547,163.8350067138672,188.4600067138672,163.73500061035156,188.5,163.75999450683594,50363.0,17713.0
2024-09-20 15:39:00+00:00,188.6999969482422,163.85360717773438,188.6999969482422,163.85360717773438,188.6999969482422,163.8699951171875,188.49000549316406,163.8000030517578,188.52000427246094,163.8000030517578,52824.0,15300.0
2024-09-20 15:40:00+00:00,188.5850067138672,163.7899932861328,188.5850067138672,163.7899932861328,188.69000244140625,163.86000061035156,188.5247039794922,163.74000549316406,188.69000244140625,163.86000061035156,37205.0,20515.0
2024-09-20 15:41:00+00:00,188.81500244140625,163.83999633789062,188.81500244140625,163.83999633789062,188.82879638671875,163.8699951171875,188.5850067138672,163.7899932861328,188.5850067138672,163.7899932861328,80770.0,27327.0
2024-09-20 15:42:00+00:00,188.85000610351562,163.86000061035156,188.85000610351562,163.86000061035156,188.92999267578125,163.94000244140625,188.8000030517578,163.83999633789062,188.81500244140625,163.86000061035156,96483.0,36081.0
2024-09-20 15:43:00+00:00,188.97000122070312,163.91000366210938,188.97000122070312,163.91000366210938,188.9949951171875,163.92999267578125,188.82000732421875,163.83999633789062,188.8634033203125,163.8800048828125,53720.0,25940.0
2024-09-20 15:44:00+00:00,188.8571014404297,163.8699951171875,188.8571014404297,163.8699951171875,188.97000122070312,163.90499877929688,188.8571014404297,163.85000610351562,188.95010375976562,163.88999938964844,1527343.0,12680.0
2024-09-20 15:45:00+00:00,188.7899932861328,163.80999755859375,188.7899932861328,163.80999755859375,188.88999938964844,163.8699951171875,188.75999450683594,163.77000427246094,188.8699951171875,163.8699951171875,38964.0,23835.0
2024-09-20 15:46:00+00:00,188.94500732421875,163.85000610351562,188.94500732421875,163.85000610351562,188.97999572753906,163.875,188.79550170898438,163.77000427246094,188.79550170898438,163.82000732421875,31241.0,12683.0
2024-09-20 15:47:00+00:00,188.96499633789062,163.82000732421875,188.96499633789062,163.82000732421875,188.99000549316406,163.8699951171875,188.92999267578125,163.8000030517578,188.9600067138672,163.86000061035156,34707.0,11065.0
2024-09-20 15:48:00+00:00,189.1179962158203,163.72000122070312,189.1179962158203,163.72000122070312,189.14999389648438,163.85000610351562,188.9499969482422,163.72000122070312,188.9600067138672,163.8300018310547,82939.0,15042.0
2024-09-20 15:49:00+00:00,189.1199951171875,163.68499755859375,189.1199951171875,163.68499755859375,189.16000366210938,163.72000122070312,189.0500030517578,163.6699981689453,189.11000061035156,163.72000122070312,58386.0,13495.0
2024-09-20 15:50:00+00:00,189.05340576171875,163.63999938964844,189.05340576171875,163.63999938964844,189.17999267578125,163.72000122070312,189.0399932861328,163.63999938964844,189.1199951171875,163.6999969482422,64739.0,15922.0
2024-09-20 15:51:00+00:00,189.1199951171875,163.6562042236328,189.1199951171875,163.6562042236328,189.14999389648438,163.69000244140625,189.05999755859375,163.61000061035156,189.05999755859375,163.66000366210938,33427.0,14842.0
2024-09-20 15:52:00+00:00,188.90859985351562,163.58999633789062,188.90859985351562,163.58999633789062,189.1199951171875,163.66000366210938,188.83999633789062,163.55999755859375,189.1199951171875,163.66000366210938,56528.0,15622.0
2024-09-20 15:53:00+00:00,188.9550018310547,163.6199951171875,188.9550018310547,163.6199951171875,188.97999572753906,163.64999389648438,188.81329345703125,163.55999755859375,188.88999938964844,163.57000732421875,42976.0,12169.0
2024-09-20 15:54:00+00:00,189.05999755859375,163.62010192871094,189.05999755859375,163.62010192871094,189.11000061035156,163.6750030517578,188.9600067138672,163.61500549316406,188.9600067138672,163.61770629882812,42173.0,10702.0
2024-09-20 15:55:00+00:00,189.3300018310547,163.75999450683594,189.3300018310547,163.75999450683594,189.33470153808594,163.7799072265625,189.08999633789062,163.6199951171875,189.10000610351562,163.6199951171875,65908.0,16207.0
2024-09-20 15:56:00+00:00,189.36000061035156,163.7899932861328,189.36000061035156,163.7899932861328,189.36000061035156,163.8000030517578,189.2230987548828,163.72999572753906,189.2899932861328,163.75999450683594,68171.0,10122.0
2024-09-20 15:57:00+00:00,189.2523956298828,163.75,189.2523956298828,163.75,189.3780059814453,163.8000030517578,189.2274932861328,163.75,189.36000061035156,163.7899932861328,43725.0,18164.0
2024-09-20 15:58:00+00:00,189.35000610351562,163.8000030517578,189.35000610351562,163.8000030517578,189.3699951171875,163.84500122070312,189.27000427246094,163.76499938964844,189.27000427246094,163.77000427246094,31026.0,8328.0
2024-09-20 15:59:00+00:00,189.36000061035156,163.76499938964844,189.36000061035156,163.76499938964844,189.3800048828125,163.8300018310547,189.27000427246094,163.74000549316406,189.35000610351562,163.8000030517578,57223.0,26212.0
2024-09-20 16:00:00+00:00,189.33999633789062,163.77000427246094,189.33999633789062,163.77000427246094,189.38999938964844,163.80999755859375,189.31930541992188,163.75,189.35499572753906,163.77000427246094,42823.0,15471.0
2024-09-20 16:01:00+00:00,189.4600067138672,163.83999633789062,189.4600067138672,163.83999633789062,189.49000549316406,163.85000610351562,189.32000732421875,163.75999450683594,189.3699951171875,163.7899932861328,42922.0,10217.0
2024-09-20 16:02:00+00:00,189.47000122070312,163.8699951171875,189.47000122070312,163.8699951171875,189.5,163.8800048828125,189.36000061035156,163.82000732421875,189.4499969482422,163.83999633789062,80774.0,11560.0
2024-09-20 16:03:00+00:00,189.50999450683594,163.86000061035156,189.50999450683594,163.86000061035156,189.52960205078125,163.889892578125,189.42999267578125,163.85000610351562,189.47000122070312,163.8800048828125,60061.0,15284.0
2024-09-20 16:04:00+00:00,189.46499633789062,163.80999755859375,189.46499633789062,163.80999755859375,189.52999877929688,163.86000061035156,189.4499053955078,163.80499267578125,189.50999450683594,163.83999633789062,55133.0,14331.0
2024-09-20 16:05:00+00:00,189.39999389648438,163.7100067138672,189.39999389648438,163.7100067138672,189.5,163.82000732421875,189.3800048828125,163.7100067138672,189.47000122070312,163.80999755859375,38625.0,15464.0
2024-09-20 16:06:00+00:00,189.38499450683594,163.67999267578125,189.38499450683594,163.67999267578125,189.42999267578125,163.7100067138672,189.33999633789062,163.65789794921875,189.397705078125,163.6999969482422,36220.0,11503.0
2024-09-20 16:07:00+00:00,189.38929748535156,163.66000366210938,189.38929748535156,163.66000366210938,189.39999389648438,163.67550659179688,189.3079071044922,163.6300048828125,189.3800048828125,163.67550659179688,25667.0,12921.0
2024-09-20 16:08:00+00:00,189.49000549316406,163.6699981689453,189.49000549316406,163.6699981689453,189.49000549316406,163.6699981689453,189.3800048828125,163.625,189.41000366210938,163.6300048828125,31031.0,18176.0
2024-09-20 16:09:00+00:00,189.4600067138672,163.6999969482422,189.4600067138672,163.6999969482422,189.55999755859375,163.75999450683594,189.4600067138672,163.67999267578125,189.4801025390625,163.6999969482422,46171.0,12218.0
2024-09-20 16:10:00+00:00,189.52000427246094,163.71499633789062,189.52000427246094,163.71499633789062,189.56500244140625,163.75599670410156,189.4499969482422,163.6999969482422,189.47999572753906,163.7050018310547,29683.0,23440.0
2024-09-20 16:11:00+00:00,189.4600067138672,163.67010498046875,189.4600067138672,163.67010498046875,189.52000427246094,163.71499633789062,189.41000366210938,163.6649932861328,189.51499938964844,163.71499633789062,59628.0,31250.0
2024-09-20 16:12:00+00:00,189.4499969482422,163.6999969482422,189.4499969482422,163.6999969482422,189.52499389648438,163.7100067138672,189.4405975341797,163.66000366210938,189.47250366210938,163.6699981689453,44206.0,14217.0
2024-09-20 16:13:00+00:00,189.52000427246094,163.79989624023438,189.52000427246094,163.79989624023438,189.5399932861328,163.82000732421875,189.4600067138672,163.7100067138672,189.4600067138672,163.7100067138672,33034.0,12931.0
2024-09-20 16:14:00+00:00,189.52999877929688,163.7899932861328,189.52999877929688,163.7899932861328,189.56500244140625,163.80349731445312,189.44500732421875,163.75,189.5,163.77000427246094,52088.0,15568.0
2024-09-20 16:15:00+00:00,189.75,163.8699951171875,189.75,163.8699951171875,189.7550048828125,163.8699951171875,189.49000549316406,163.7449951171875,189.5449981689453,163.7899932861328,54681.0,9824.0
2024-09-20 16:16:00+00:00,189.66409301757812,163.82000732421875,189.66409301757812,163.82000732421875,189.75999450683594,163.8699951171875,189.62010192871094,163.82000732421875,189.75,163.8699951171875,56313.0,18634.0
2024-09-20 16:17:00+00:00,189.67999267578125,163.8000030517578,189.67999267578125,163.8000030517578,189.7100067138672,163.85000610351562,189.64999389648438,163.8000030517578,189.6634979248047,163.8300018310547,35926.0,11672.0
2024-09-20 16:18:00+00:00,189.75,163.8000030517578,189.75,163.8000030517578,189.75999450683594,163.8300018310547,189.63999938964844,163.77000427246094,189.69000244140625,163.7899932861328,43557.0,12424.0
2024-09-20 16:19:00+00:00,189.82009887695312,163.8249969482422,189.82009887695312,163.8249969482422,189.9199981689453,163.86810302734375,189.72999572753906,163.82000732421875,189.72999572753906,163.82000732421875,86581.0,10229.0
2024-09-20 16:20:00+00:00,189.7899932861328,163.75430297851562,189.7899932861328,163.75430297851562,189.88999938964844,163.8300018310547,189.75999450683594,163.72999572753906,189.82310485839844,163.8300018310547,56407.0,14045.0
2024-09-20 16:21:00+00:00,189.82000732421875,163.7100067138672,189.82000732421875,163.7100067138672,189.82000732421875,163.75999450683594,189.75999450683594,163.6999969482422,189.8000030517578,163.75999450683594,41594.0,13567.0
2024-09-20 16:22:00+00:00,189.91000366210938,163.8000030517578,189.91000366210938,163.8000030517578,189.93370056152344,163.8000030517578,189.75,163.67999267578125,189.8000030517578,163.6999969482422,62532.0,15510.0
2024-09-20 16:23:00+00:00,189.97000122070312,163.85000610351562,189.97000122070312,163.85000610351562,189.99000549316406,163.86000061035156,189.89230346679688,163.77999877929688,189.9010009765625,163.8135986328125,81163.0,19840.0
2024-09-20 16:24:00+00:00,190.00999450683594,163.9597930908203,190.00999450683594,163.9597930908203,190.02999877929688,163.9600067138672,189.8800048828125,163.83999633789062,189.97000122070312,163.86000061035156,150985.0,23406.0
2024-09-20 16:25:00+00:00,190.02499389648438,163.99000549316406,190.02499389648438,163.99000549316406,190.0998992919922,164.02999877929688,189.9600067138672,163.9600067138672,190.00999450683594,163.97000122070312,82801.0,45469.0
2024-09-20 16:26:00+00:00,190.10499572753906,164.06500244140625,190.10499572753906,164.06500244140625,190.13999938964844,164.0850067138672,190.00999450683594,163.98500061035156,190.02999877929688,163.99000549316406,68617.0,16187.0
2024-09-20 16:27:00+00:00,190.0800018310547,164.0500030517578,190.0800018310547,164.0500030517578,190.13999938964844,164.08999633789062,190.02000427246094,164.01499938964844,190.11000061035156,164.0760040283203,53662.0,19233.0
2024-09-20 16:28:00+00:00,190.05999755859375,164.0749969482422,190.05999755859375,164.0749969482422,190.10000610351562,164.0800018310547,190.02000427246094,164.02000427246094,190.0749969482422,164.0500030517578,54674.0,16295.0
2024-09-20 16:29:00+00:00,190.11000061035156,164.10000610351562,190.11000061035156,164.10000610351562,190.1199951171875,164.11900329589844,190.0500030517578,164.07989501953125,190.0500030517578,164.07989501953125,52500.0,18221.0
2024-09-20 16:30:00+00:00,190.10000610351562,164.1199951171875,190.10000610351562,164.1199951171875,190.14999389648438,164.13999938964844,190.08949279785156,164.08999633789062,190.10000610351562,164.08999633789062,59914.0,17377.0
2024-09-20 16:31:00+00:00,190.139892578125,164.0399932861328,190.139892578125,164.0399932861328,190.1699981689453,164.13499450683594,190.02999877929688,164.0399932861328,190.09010314941406,164.1300048828125,112145.0,16481.0
2024-09-20 16:32:00+00:00,190.13999938964844,164.0050048828125,190.13999938964844,164.0050048828125,190.17999267578125,164.03500366210938,190.07000732421875,164.0,190.11000061035156,164.02000427246094,50877.0,11260.0
2024-09-20 16:33:00+00:00,190.0800018310547,163.97999572753906,190.0800018310547,163.97999572753906,190.15960693359375,164.0198974609375,190.05999755859375,163.96499633789062,190.13189697265625,164.00379943847656,65788.0,15506.0
2024-09-20 16:34:00+00:00,190.02000427246094,164.00559997558594,190.02000427246094,164.00559997558594,190.08999633789062,164.02499389648438,190.0,163.97000122070312,190.07009887695312,163.97000122070312,73076.0,14816.0
2024-09-20 16:35:00+00:00,190.0303955078125,164.0399932861328,190.0303955078125,164.0399932861328,190.1199951171875,164.07000732421875,190.02999877929688,164.00999450683594,190.0399932861328,164.00999450683594,41509.0,8767.0
2024-09-20 16:36:00+00:00,189.97000122070312,164.02000427246094,189.97000122070312,164.02000427246094,190.0200958251953,164.0500030517578,189.8800048828125,164.0,190.02000427246094,164.0500030517578,91411.0,29412.0
2024-09-20 16:37:00+00:00,190.0500030517578,164.02000427246094,190.0500030517578,164.02000427246094,190.06539916992188,164.0850067138672,189.9499969482422,164.00999450683594,189.97000122070312,164.02000427246094,52886.0,13797.0
2024-09-20 16:38:00+00:00,190.05140686035156,164.05999755859375,190.05140686035156,164.05999755859375,190.106201171875,164.06500244140625,189.99000549316406,164.0200958251953,190.0500030517578,164.0500030517578,38901.0,12971.0
2024-09-20 16:39:00+00:00,190.0800018310547,164.05999755859375,190.0800018310547,164.05999755859375,190.10000610351562,164.07000732421875,190.0500030517578,164.0399932861328,190.076904296875,164.05999755859375,24883.0,9275.0
2024-09-20 16:40:00+00:00,190.1300048828125,164.0800018310547,190.1300048828125,164.0800018310547,190.1300048828125,164.10000610351562,190.02000427246094,164.02000427246094,190.05999755859375,164.05999755859375,34033.0,21684.0
2024-09-20 16:41:00+00:00,190.10000610351562,164.14999389648438,190.10000610351562,164.14999389648438,190.17999267578125,164.14999389648438,190.09500122070312,164.07000732421875,190.14999389648438,164.08999633789062,60081.0,14901.0
2024-09-20 16:42:00+00:00,190.16000366210938,164.13999938964844,190.16000366210938,164.13999938964844,190.16000366210938,164.14999389648438,190.08999633789062,164.1199951171875,190.08999633789062,164.14999389648438,34828.0,12099.0
2024-09-20 16:43:00+00:00,190.08200073242188,164.13499450683594,190.08200073242188,164.13499450683594,190.1699981689453,164.13999938964844,190.0800018310547,164.10000610351562,190.1699981689453,164.13999938964844,36913.0,10702.0
2024-09-20 16:44:00+00:00,190.10000610351562,164.1540985107422,190.10000610351562,164.1540985107422,190.1199951171875,164.1540985107422,190.06500244140625,164.1300048828125,190.08999633789062,164.13009643554688,30302.0,9344.0
2024-09-20 16:45:00+00:00,190.2050018310547,164.17999267578125,190.2050018310547,164.17999267578125,190.24000549316406,164.1999969482422,190.08999633789062,164.1439971923828,190.09500122070312,164.14999389648438,61343.0,16690.0
2024-09-20 16:46:00+00:00,190.22999572753906,164.17889404296875,190.22999572753906,164.17889404296875,190.26930236816406,164.2050018310547,190.17999267578125,164.14999389648438,190.1999969482422,164.1699981689453,73333.0,14760.0
2024-09-20 16:47:00+00:00,190.22329711914062,164.2100067138672,190.22329711914062,164.2100067138672,190.25999450683594,164.22500610351562,190.2030029296875,164.1649932861328,190.24000549316406,164.1699981689453,42711.0,16091.0
2024-09-20 16:48:00+00:00,190.3498992919922,164.1999969482422,190.3498992919922,164.1999969482422,190.35989379882812,164.22000122070312,190.22999572753906,164.15499877929688,190.22999572753906,164.2100067138672,1557006.0,32988.0
2024-09-20 16:49:00+00:00,190.39999389648438,164.23500061035156,190.39999389648438,164.23500061035156,190.39999389648438,164.25,190.32000732421875,164.1999969482422,190.3300018310547,164.1999969482422,71791.0,16352.0
2024-09-20 16:50:00+00:00,190.42599487304688,164.26499938964844,190.42599487304688,164.26499938964844,190.4499969482422,164.26499938964844,190.3800048828125,164.22000122070312,190.41000366210938,164.24000549316406,43099.0,14043.0
2024-09-20 16:51:00+00:00,190.42999267578125,164.2550048828125,190.42999267578125,164.2550048828125,190.5,164.2899932861328,190.41000366210938,164.25,190.4250030517578,164.25999450683594,71238.0,16918.0
2024-09-20 16:52:00+00:00,190.5,164.28500366210938,190.5,164.28500366210938,190.53179931640625,164.28500366210938,190.42999267578125,164.24000549316406,190.43499755859375,164.25,56078.0,17015.0
2024-09-20 16:53:00+00:00,190.47500610351562,164.25,190.47500610351562,164.25,190.52999877929688,164.3000030517578,190.47000122070312,164.25,190.49000549316406,164.28500366210938,50378.0,15467.0
2024-09-20 16:54:00+00:00,190.38999938964844,164.2100067138672,190.38999938964844,164.2100067138672,190.47000122070312,164.2550048828125,190.38499450683594,164.2050018310547,190.47000122070312,164.25,47260.0,18185.0
2024-09-20 16:55:00+00:00,190.36729431152344,164.1999969482422,190.36729431152344,164.1999969482422,190.41000366210938,164.24000549316406,190.30999755859375,164.19000244140625,190.3800048828125,164.1999969482422,47279.0,15798.0
2024-09-20 16:56:00+00:00,190.32620239257812,164.20620727539062,190.32620239257812,164.20620727539062,190.3699951171875,164.22999572753906,190.27239990234375,164.19000244140625,190.3699951171875,164.2050018310547,45856.0,16408.0
2024-09-20 16:57:00+00:00,190.41000366210938,164.22999572753906,190.41000366210938,164.22999572753906,190.44149780273438,164.23500061035156,190.30999755859375,164.1999969482422,190.3300018310547,164.1999969482422,34402.0,11245.0
2024-09-20 16:58:00+00:00,190.4127960205078,164.2469940185547,190.4127960205078,164.2469940185547,190.4499969482422,164.24989318847656,190.39999389648438,164.22000122070312,190.40499877929688,164.22999572753906,37501.0,13383.0
2024-09-20 16:59:00+00:00,190.3699951171875,164.22999572753906,190.3699951171875,164.22999572753906,190.41000366210938,164.24000549316406,190.33999633789062,164.2100067138672,190.41000366210938,164.24000549316406,51525.0,28293.0
2024-09-20 17:00:00+00:00,190.44000244140625,164.30499267578125,190.44000244140625,164.30499267578125,190.4600067138672,164.3300018310547,190.35000610351562,164.24000549316406,190.35000610351562,164.24000549316406,50767.0,30016.0
2024-09-20 17:01:00+00:00,190.55999755859375,164.30999755859375,190.55999755859375,164.30999755859375,190.5675048828125,164.3350067138672,190.43499755859375,164.26499938964844,190.4499969482422,164.3000030517578,48597.0,20623.0
2024-09-20 17:02:00+00:00,190.4550018310547,164.2100067138672,190.4550018310547,164.2100067138672,190.58999633789062,164.3350067138672,190.44000244140625,164.20089721679688,190.55999755859375,164.31500244140625,51291.0,17435.0
2024-09-20 17:03:00+00:00,190.5399932861328,164.24000549316406,190.5399932861328,164.24000549316406,190.55499267578125,164.24000549316406,190.46009826660156,164.1999969482422,190.47000122070312,164.21249389648438,37843.0,14516.0
2024-09-20 17:04:00+00:00,190.52999877929688,164.19500732421875,190.52999877929688,164.19500732421875,190.56500244140625,164.24000549316406,190.4199981689453,164.1699981689453,190.5399932861328,164.24000549316406,1449484.0,13556.0
2024-09-20 17:05:00+00:00,190.60409545898438,164.2100067138672,190.60409545898438,164.2100067138672,190.6199951171875,164.24000549316406,190.47999572753906,164.17999267578125,190.5399932861328,164.18499755859375,65159.0,13174.0
2024-09-20 17:06:00+00:00,190.70010375976562,164.2899932861328,190.70010375976562,164.2899932861328,190.71499633789062,164.2899932861328,190.5399932861328,164.1999969482422,190.60000610351562,164.2100067138672,67937.0,12792.0
2024-09-20 17:07:00+00:00,190.69000244140625,164.3300018310547,190.69000244140625,164.3300018310547,190.74000549316406,164.36000061035156,190.63999938964844,164.2899932861328,190.71499633789062,164.2949981689453,44228.0,13746.0
2024-09-20 17:08:00+00:00,190.5800018310547,164.24000549316406,190.5800018310547,164.24000549316406,190.7100067138672,164.32000732421875,190.56500244140625,164.22999572753906,190.6898956298828,164.32000732421875,57426.0,7058.0
2024-09-20 17:09:00+00:00,190.5800018310547,164.19000244140625,190.5800018310547,164.19000244140625,190.62399291992188,164.22000122070312,190.552001953125,164.17999267578125,190.60000610351562,164.22000122070312,39166.0,9783.0
2024-09-20 17:10:00+00:00,190.61000061035156,164.17999267578125,190.61000061035156,164.17999267578125,190.6273956298828,164.19500732421875,190.56500244140625,164.1699981689453,190.57000732421875,164.19000244140625,35850.0,19119.0
2024-09-20 17:11:00+00:00,190.50390625,164.13999938964844,190.50390625,164.13999938964844,190.58999633789062,164.19000244140625,190.50010681152344,164.1300048828125,190.57009887695312,164.1699981689453,27949.0,10411.0
2024-09-20 17:12:00+00:00,190.5800018310547,164.0800018310547,190.5800018310547,164.0800018310547,190.60000610351562,164.1699981689453,190.48109436035156,164.0800018310547,190.5,164.14999389648438,39083.0,14406.0
2024-09-20 17:13:00+00:00,190.58999633789062,164.02999877929688,190.58999633789062,164.02999877929688,190.60890197753906,164.08999633789062,190.52000427246094,163.6699981689453,190.58749389648438,164.08050537109375,27922.0,145150.0
2024-09-20 17:14:00+00:00,190.61000061035156,164.13009643554688,190.61000061035156,164.13009643554688,190.65989685058594,164.14999389648438,190.55999755859375,164.0399932861328,190.5800018310547,164.05999755859375,41728.0,13271.0
2024-09-20 17:15:00+00:00,190.64999389648438,164.22500610351562,190.64999389648438,164.22500610351562,190.6699981689453,164.22999572753906,190.58999633789062,164.10000610351562,190.60000610351562,164.11000061035156,34114.0,25936.0
2024-09-20 17:16:00+00:00,190.57000732421875,164.0675048828125,190.57000732421875,164.0675048828125,190.67999267578125,164.23989868164062,190.5605010986328,164.0399932861328,190.67990112304688,164.22000122070312,25574.0,18932.0
2024-09-20 17:17:00+00:00,190.58999633789062,164.1291961669922,190.58999633789062,164.1291961669922,190.6300048828125,164.1320037841797,190.55999755859375,164.0500030517578,190.5800018310547,164.0800018310547,32259.0,13889.0
2024-09-20 17:18:00+00:00,190.63009643554688,164.10000610351562,190.63009643554688,164.10000610351562,190.64999389648438,164.1199951171875,190.57000732421875,164.05999755859375,190.60000610351562,164.1199951171875,20412.0,13866.0
2024-09-20 17:19:00+00:00,190.5399932861328,164.10000610351562,190.5399932861328,164.10000610351562,190.63999938964844,164.11000061035156,190.46099853515625,164.0399932861328,190.63499450683594,164.11000061035156,47159.0,13925.0
2024-09-20 17:20:00+00:00,190.57989501953125,164.08999633789062,190.57989501953125,164.08999633789062,190.5800018310547,164.14979553222656,190.44000244140625,164.05999755859375,190.54989624023438,164.11000061035156,84545.0,14959.0
2024-09-20 17:21:00+00:00,190.5399932861328,164.07000732421875,190.5399932861328,164.07000732421875,190.58999633789062,164.1300048828125,190.5399932861328,164.07000732421875,190.55999755859375,164.0800018310547,26564.0,12066.0
2024-09-20 17:22:00+00:00,190.42990112304688,164.05499267578125,190.42990112304688,164.05499267578125,190.52999877929688,164.0800018310547,190.38099670410156,164.0301971435547,190.52999877929688,164.07000732421875,61819.0,9638.0
2024-09-20 17:23:00+00:00,190.3800048828125,163.97999572753906,190.3800048828125,163.97999572753906,190.45399475097656,164.0321044921875,190.3699951171875,163.97000122070312,190.42999267578125,164.02999877929688,40686.0,11108.0
2024-09-20 17:24:00+00:00,190.3000030517578,163.97000122070312,190.3000030517578,163.97000122070312,190.40679931640625,163.99000549316406,190.27000427246094,163.92739868164062,190.38499450683594,163.97999572753906,52843.0,13072.0
2024-09-20 17:25:00+00:00,190.44000244140625,164.08999633789062,190.44000244140625,164.08999633789062,190.4600067138672,164.09500122070312,190.2899932861328,163.99000549316406,190.3000030517578,163.99000549316406,1156107.0,9032.0
2024-09-20 17:26:00+00:00,190.28199768066406,164.07000732421875,190.28199768066406,164.07000732421875,190.4698944091797,164.1199951171875,190.27999877929688,164.05999755859375,190.4698944091797,164.09500122070312,47280.0,16988.0
2024-09-20 17:27:00+00:00,190.1999969482422,164.0500030517578,190.1999969482422,164.0500030517578,190.27999877929688,164.10000610351562,190.19000244140625,164.02000427246094,190.27999877929688,164.08970642089844,41437.0,12269.0
2024-09-20 17:28:00+00:00,190.30999755859375,164.11000061035156,190.30999755859375,164.11000061035156,190.32000732421875,164.12930297851562,190.1999969482422,164.06329345703125,190.2100067138672,164.0800018310547,26799.0,15384.0
2024-09-20 17:29:00+00:00,190.32000732421875,164.13009643554688,190.32000732421875,164.13009643554688,190.36000061035156,164.16000366210938,190.27000427246094,164.08999633789062,190.30999755859375,164.10000610351562,35178.0,13300.0
2024-09-20 17:30:00+00:00,190.38499450683594,164.2001953125,190.38499450683594,164.2001953125,190.38499450683594,164.22999572753906,190.3000030517578,164.14500427246094,190.30999755859375,164.14500427246094,55400.0,25276.0
2024-09-20 17:31:00+00:00,190.36000061035156,164.25999450683594,190.36000061035156,164.25999450683594,190.4468994140625,164.27999877929688,190.3426055908203,164.21499633789062,190.39999389648438,164.21499633789062,33691.0,17708.0
2024-09-20 17:32:00+00:00,190.50999450683594,164.25999450683594,190.50999450683594,164.25999450683594,190.5500030517578,164.30499267578125,190.35000610351562,164.24000549316406,190.35000610351562,164.27000427246094,41857.0,18423.0
2024-09-20 17:33:00+00:00,190.44000244140625,164.2899932861328,190.44000244140625,164.2899932861328,190.54989624023438,164.3000030517578,190.42999267578125,164.1999969482422,190.52000427246094,164.24000549316406,37716.0,18844.0
2024-09-20 17:34:00+00:00,190.35499572753906,164.25999450683594,190.35499572753906,164.25999450683594,190.42999267578125,164.2946014404297,190.34500122070312,164.25,190.4217987060547,164.27999877929688,44944.0,16386.0
2024-09-20 17:35:00+00:00,190.32000732421875,164.24000549316406,190.32000732421875,164.24000549316406,190.36000061035156,164.27499389648438,190.3000030517578,164.24000549316406,190.34500122070312,164.26010131835938,47664.0,15613.0
2024-09-20 17:36:00+00:00,190.46499633789062,164.2949981689453,190.46499633789062,164.2949981689453,190.48989868164062,164.30999755859375,190.32000732421875,164.25,190.32000732421875,164.25,1178780.0,14034.0
2024-09-20 17:37:00+00:00,190.4228057861328,164.18499755859375,190.4228057861328,164.18499755859375,190.5,164.2949981689453,190.4149932861328,164.17999267578125,190.47000122070312,164.2949981689453,30919.0,13967.0
2024-09-20 17:38:00+00:00,190.2801055908203,164.125,190.2801055908203,164.125,190.4199981689453,164.21499633789062,190.2427978515625,164.10499572753906,190.38999938964844,164.19500732421875,30686.0,15822.0
2024-09-20 17:39:00+00:00,190.2700958251953,164.14500427246094,190.2700958251953,164.14500427246094,190.35000610351562,164.14990234375,190.25,164.1199951171875,190.31500244140625,164.1199951171875,27169.0,13381.0
2024-09-20 17:40:00+00:00,190.18179321289062,164.10009765625,190.18179321289062,164.10009765625,190.27000427246094,164.15499877929688,190.1300048828125,164.093505859375,190.25999450683594,164.14999389648438,51338.0,21605.0
2024-09-20 17:41:00+00:00,190.1699981689453,164.08999633789062,190.1699981689453,164.08999633789062,190.22999572753906,164.13999938964844,190.15890502929688,164.0749969482422,190.19000244140625,164.11000061035156,37042.0,13381.0
2024-09-20 17:42:00+00:00,190.13619995117188,164.07000732421875,190.13619995117188,164.07000732421875,190.18499755859375,164.09019470214844,190.11070251464844,164.0500030517578,190.17999267578125,164.09019470214844,24816.0,9907.0
2024-09-20 17:43:00+00:00,190.11000061035156,164.03500366210938,190.11000061035156,164.03500366210938,190.1699981689453,164.0760040283203,190.0762939453125,164.02999877929688,190.13670349121094,164.07000732421875,30320.0,9567.0
2024-09-20 17:44:00+00:00,189.92239379882812,163.9600067138672,189.92239379882812,163.9600067138672,190.10000610351562,164.04600524902344,189.8800048828125,163.9459991455078,190.10000610351562,164.03500366210938,58983.0,17709.0
2024-09-20 17:45:00+00:00,189.9499969482422,163.9949951171875,189.9499969482422,163.9949951171875,190.0095977783203,164.0,189.9250030517578,163.9199981689453,189.94000244140625,163.96499633789062,24964.0,15901.0
2024-09-20 17:46:00+00:00,189.97210693359375,163.99000549316406,189.97210693359375,163.99000549316406,189.97999572753906,164.0,189.90499877929688,163.94000244140625,189.9499969482422,163.99000549316406,36731.0,26983.0
2024-09-20 17:47:00+00:00,189.9499969482422,163.9801025390625,189.9499969482422,163.9801025390625,190.0,164.0399932861328,189.93499755859375,163.97000122070312,189.96400451660156,163.99000549316406,21415.0,15085.0
2024-09-20 17:48:00+00:00,189.86500549316406,163.99000549316406,189.86500549316406,163.99000549316406,189.9499969482422,163.99000549316406,189.8300018310547,163.9199981689453,189.9499969482422,163.9700927734375,42254.0,18753.0
2024-09-20 17:49:00+00:00,189.88999938964844,163.97500610351562,189.88999938964844,163.97500610351562,189.9199981689453,164.00750732421875,189.85000610351562,163.97000122070312,189.85499572753906,163.98500061035156,24642.0,12084.0
2024-09-20 17:50:00+00:00,189.9199981689453,163.88999938964844,189.9199981689453,163.88999938964844,189.94000244140625,163.98500061035156,189.8699951171875,163.88999938964844,189.8699951171875,163.97500610351562,28300.0,23746.0
2024-09-20 17:51:00+00:00,189.8632049560547,163.875,189.8632049560547,163.875,189.92990112304688,163.91000366210938,189.85000610351562,163.8699951171875,189.9199981689453,163.89999389648438,25962.0,17289.0
2024-09-20 17:52:00+00:00,189.91990661621094,163.86349487304688,189.91990661621094,163.86349487304688,189.91990661621094,163.90199279785156,189.83999633789062,163.86000061035156,189.84359741210938,163.8800048828125,44090.0,15765.0
2024-09-20 17:53:00+00:00,189.8800048828125,163.84469604492188,189.8800048828125,163.84469604492188,189.89999389648438,163.8699951171875,189.85000610351562,163.80499267578125,189.89999389648438,163.8699951171875,28226.0,17106.0
2024-09-20 17:54:00+00:00,189.79600524902344,163.88999938964844,189.79600524902344,163.88999938964844,189.89500427246094,163.89500427246094,189.75010681152344,163.83999633789062,189.8800048828125,163.85000610351562,39394.0,15788.0
2024-09-20 17:55:00+00:00,189.82000732421875,163.82000732421875,189.82000732421875,163.82000732421875,189.84500122070312,163.8800048828125,189.77999877929688,163.82000732421875,189.7899932861328,163.8800048828125,33514.0,15595.0
2024-09-20 17:56:00+00:00,189.8000030517578,163.78500366210938,189.8000030517578,163.78500366210938,189.8699951171875,163.85000610351562,189.77999877929688,163.7572021484375,189.81500244140625,163.83999633789062,39516.0,39590.0
2024-09-20 17:57:00+00:00,189.77499389648438,163.8350067138672,189.77499389648438,163.8350067138672,189.7899932861328,163.8350067138672,189.6999969482422,163.75,189.7899932861328,163.77499389648438,28836.0,13434.0
2024-09-20 17:58:00+00:00,189.72000122070312,163.86000061035156,189.72000122070312,163.86000061035156,189.80999755859375,163.8699951171875,189.72000122070312,163.82000732421875,189.77999877929688,163.8300018310547,44379.0,14910.0
2024-09-20 17:59:00+00:00,189.66400146484375,163.90499877929688,189.66400146484375,163.90499877929688,189.75,163.91310119628906,189.66000366210938,163.86000061035156,189.72000122070312,163.86500549316406,38051.0,14989.0
2024-09-20 18:00:00+00:00,189.75999450683594,163.9324951171875,189.75999450683594,163.9324951171875,189.78990173339844,163.9324951171875,189.66009521484375,163.8699951171875,189.6699981689453,163.90499877929688,30823.0,21257.0
2024-09-20 18:01:00+00:00,189.5800018310547,163.85499572753906,189.5800018310547,163.85499572753906,189.7550048828125,163.92999267578125,189.57000732421875,163.83999633789062,189.75030517578125,163.9199981689453,63923.0,23653.0
2024-09-20 18:02:00+00:00,189.59100341796875,163.86000061035156,189.59100341796875,163.86000061035156,189.6699981689453,163.89500427246094,189.55999755859375,163.8000030517578,189.5749969482422,163.85499572753906,41197.0,26376.0
2024-09-20 18:03:00+00:00,189.3000030517578,163.66000366210938,189.3000030517578,163.66000366210938,189.63999938964844,163.88999938964844,189.2873992919922,163.61599731445312,189.61000061035156,163.86000061035156,83086.0,25574.0
2024-09-20 18:04:00+00:00,189.33990478515625,163.70199584960938,189.33990478515625,163.70199584960938,189.41000366210938,163.71499633789062,189.29409790039062,163.64999389648438,189.30999755859375,163.6649932861328,82860.0,20006.0
2024-09-20 18:05:00+00:00,189.38499450683594,163.6699981689453,189.38499450683594,163.6699981689453,189.38499450683594,163.72999572753906,189.25999450683594,163.6300048828125,189.32989501953125,163.71499633789062,47995.0,21978.0
2024-09-20 18:06:00+00:00,189.3000030517578,163.6699981689453,189.3000030517578,163.6699981689453,189.38999938964844,163.67999267578125,189.25999450683594,163.63999938964844,189.3699951171875,163.6699981689453,44608.0,11378.0
2024-09-20 18:07:00+00:00,189.34890747070312,163.6800994873047,189.34890747070312,163.6800994873047,189.38499450683594,163.72999572753906,189.2899932861328,163.6649932861328,189.2899932861328,163.6699981689453,48632.0,13498.0
2024-09-20 18:08:00+00:00,189.3000030517578,163.6999969482422,189.3000030517578,163.6999969482422,189.3433074951172,163.72999572753906,189.25,163.64999389648438,189.3325958251953,163.67999267578125,73143.0,26657.0
2024-09-20 18:09:00+00:00,189.3800048828125,163.71499633789062,189.3800048828125,163.71499633789062,189.40460205078125,163.72000122070312,189.27999877929688,163.64500427246094,189.3000030517578,163.7100067138672,69579.0,15847.0
2024-09-20 18:10:00+00:00,189.30999755859375,163.58999633789062,189.30999755859375,163.58999633789062,189.36000061035156,163.7100067138672,189.25,163.5800018310547,189.36000061035156,163.7100067138672,46601.0,35027.0
2024-09-20 18:11:00+00:00,189.34010314941406,163.54879760742188,189.34010314941406,163.54879760742188,189.38999938964844,163.60000610351562,189.25,163.53500366210938,189.30999755859375,163.58999633789062,76957.0,16621.0
2024-09-20 18:12:00+00:00,189.61000061035156,163.77999877929688,189.61000061035156,163.77999877929688,189.6699981689453,163.77999877929688,189.36000061035156,163.5399932861328,189.36000061035156,163.5500030517578,64655.0,23409.0
2024-09-20 18:13:00+00:00,189.58999633789062,163.7550048828125,189.58999633789062,163.7550048828125,189.72000122070312,163.82000732421875,189.55999755859375,163.74000549316406,189.6300048828125,163.7899932861328,41890.0,21419.0
2024-09-20 18:14:00+00:00,189.49349975585938,163.6699981689453,189.49349975585938,163.6699981689453,189.61000061035156,163.75,189.47000122070312,163.66000366210938,189.5800018310547,163.75,44366.0,16144.0
2024-09-20 18:15:00+00:00,189.55999755859375,163.7100067138672,189.55999755859375,163.7100067138672,189.60000610351562,163.72999572753906,189.49819946289062,163.6699981689453,189.5,163.67999267578125,25569.0,10599.0
2024-09-20 18:16:00+00:00,189.6999969482422,163.7050018310547,189.6999969482422,163.7050018310547,189.72000122070312,163.74000549316406,189.57000732421875,163.69500732421875,189.5800018310547,163.72000122070312,36342.0,35512.0
2024-09-20 18:17:00+00:00,189.64999389648438,163.6999969482422,189.64999389648438,163.6999969482422,189.75540161132812,163.74000549316406,189.63999938964844,163.69000244140625,189.7100067138672,163.7050018310547,34399.0,12670.0
2024-09-20 18:18:00+00:00,189.6898956298828,163.72000122070312,189.6898956298828,163.72000122070312,189.71800231933594,163.75999450683594,189.63999938964844,163.69000244140625,189.64999389648438,163.69000244140625,30853.0,17535.0
2024-09-20 18:19:00+00:00,189.71359252929688,163.6999969482422,189.71359252929688,163.6999969482422,189.74000549316406,163.73500061035156,189.67999267578125,163.6999969482422,189.67999267578125,163.72129821777344,26010.0,23297.0
2024-09-20 18:20:00+00:00,189.88999938964844,163.64500427246094,189.88999938964844,163.64500427246094,189.88999938964844,163.6999969482422,189.67999267578125,163.60000610351562,189.72999572753906,163.69439697265625,42449.0,30046.0
2024-09-20 18:21:00+00:00,189.90989685058594,163.66000366210938,189.90989685058594,163.66000366210938,189.92990112304688,163.66000366210938,189.80999755859375,163.61500549316406,189.88479614257812,163.64500427246094,51268.0,9742.0
2024-09-20 18:22:00+00:00,189.8300018310547,163.6300048828125,189.8300018310547,163.6300048828125,189.9199981689453,163.65499877929688,189.8000030517578,163.62159729003906,189.88999938964844,163.65499877929688,28958.0,14934.0
2024-09-20 18:23:00+00:00,189.75999450683594,163.60499572753906,189.75999450683594,163.60499572753906,189.85000610351562,163.6300048828125,189.74000549316406,163.60000610351562,189.82330322265625,163.6199951171875,43399.0,17854.0
2024-09-20 18:24:00+00:00,189.73500061035156,163.60000610351562,189.73500061035156,163.60000610351562,189.77999877929688,163.60499572753906,189.6999969482422,163.5637969970703,189.77499389648438,163.60499572753906,27264.0,15538.0
2024-09-20 18:25:00+00:00,189.6300048828125,163.6156005859375,189.6300048828125,163.6156005859375,189.73500061035156,163.63999938964844,189.60000610351562,163.55999755859375,189.73170471191406,163.59140014648438,53193.0,14900.0
2024-09-20 18:26:00+00:00,189.56500244140625,163.6199951171875,189.56500244140625,163.6199951171875,189.67999267578125,163.63999938964844,189.5500030517578,163.61500549316406,189.63999938964844,163.6199951171875,52279.0,10568.0
2024-09-20 18:27:00+00:00,189.52999877929688,163.6199951171875,189.52999877929688,163.6199951171875,189.55999755859375,163.63499450683594,189.50999450683594,163.61000061035156,189.5500030517578,163.6199951171875,31774.0,12389.0
2024-09-20 18:28:00+00:00,189.47500610351562,163.66000366210938,189.47500610351562,163.66000366210938,189.5399932861328,163.67999267578125,189.4499969482422,163.58999633789062,189.5299072265625,163.61500549316406,54960.0,18886.0
2024-09-20 18:29:00+00:00,189.47000122070312,163.64999389648438,189.47000122070312,163.64999389648438,189.52000427246094,163.65499877929688,189.41000366210938,163.6199951171875,189.47999572753906,163.64999389648438,50505.0,17992.0
2024-09-20 18:30:00+00:00,189.38499450683594,163.5399932861328,189.38499450683594,163.5399932861328,189.49000549316406,163.63999938964844,189.35000610351562,163.5399932861328,189.49000549316406,163.63999938964844,48254.0,23382.0
2024-09-20 18:31:00+00:00,189.42430114746094,163.6199951171875,189.42430114746094,163.6199951171875,189.47999572753906,163.63999938964844,189.38999938964844,163.5399932861328,189.38999938964844,163.5500030517578,38880.0,25184.0
2024-09-20 18:32:00+00:00,189.4499969482422,163.66000366210938,189.4499969482422,163.66000366210938,189.4600067138672,163.67999267578125,189.33009338378906,163.58009338378906,189.39999389648438,163.6199951171875,42396.0,26291.0
2024-09-20 18:33:00+00:00,189.5019989013672,163.6999969482422,189.5019989013672,163.6999969482422,189.52130126953125,163.6999969482422,189.35499572753906,163.62010192871094,189.4600067138672,163.6649932861328,73934.0,23037.0
2024-09-20 18:34:00+00:00,189.27000427246094,163.66000366210938,189.27000427246094,163.66000366210938,189.51559448242188,163.7100067138672,189.25,163.64999389648438,189.5,163.6999969482422,43708.0,28169.0
2024-09-20 18:35:00+00:00,189.30999755859375,163.72999572753906,189.30999755859375,163.72999572753906,189.3524932861328,163.73989868164062,189.25999450683594,163.66000366210938,189.25999450683594,163.66000366210938,45015.0,20209.0
2024-09-20 18:36:00+00:00,189.3300018310547,163.7100067138672,189.3300018310547,163.7100067138672,189.3800048828125,163.74000549316406,189.3000030517578,163.7050018310547,189.32000732421875,163.74000549316406,33557.0,15432.0
2024-09-20 18:37:00+00:00,189.2899932861328,163.6999969482422,189.2899932861328,163.6999969482422,189.38999938964844,163.71859741210938,189.26980590820312,163.69000244140625,189.32000732421875,163.6999969482422,109965.0,20589.0
2024-09-20 18:38:00+00:00,189.2758026123047,163.76499938964844,189.2758026123047,163.76499938964844,189.36000061035156,163.76499938964844,189.16000366210938,163.6999969482422,189.3000030517578,163.72000122070312,83243.0,17735.0
2024-09-20 18:39:00+00:00,189.25,163.72000122070312,189.25,163.72000122070312,189.35400390625,163.77999877929688,189.25,163.72000122070312,189.27000427246094,163.75999450683594,63333.0,26382.0
2024-09-20 18:40:00+00:00,189.22500610351562,163.6750030517578,189.22500610351562,163.6750030517578,189.2899932861328,163.72000122070312,189.1999969482422,163.66000366210938,189.25,163.72000122070312,38744.0,23232.0
2024-09-20 18:41:00+00:00,189.17999267578125,163.60009765625,189.17999267578125,163.60009765625,189.24000549316406,163.67999267578125,189.17999267578125,163.60000610351562,189.22000122070312,163.6750030517578,27265.0,26049.0
2024-09-20 18:42:00+00:00,189.2550048828125,163.6300048828125,189.2550048828125,163.6300048828125,189.2899932861328,163.66000366210938,189.14999389648438,163.5800018310547,189.19000244140625,163.58999633789062,37267.0,31046.0
2024-09-20 18:43:00+00:00,189.3000030517578,163.69000244140625,189.3000030517578,163.69000244140625,189.33999633789062,163.69000244140625,189.25,163.6300048828125,189.25,163.63499450683594,39138.0,15911.0
2024-09-20 18:44:00+00:00,189.239501953125,163.6365966796875,189.239501953125,163.6365966796875,189.35000610351562,163.72999572753906,189.1999969482422,163.61000061035156,189.32000732421875,163.68499755859375,45290.0,32021.0
2024-09-20 18:45:00+00:00,189.22999572753906,163.64999389648438,189.22999572753906,163.64999389648438,189.27000427246094,163.6699981689453,189.19000244140625,163.60499572753906,189.24240112304688,163.6300048828125,30405.0,24400.0
2024-09-20 18:46:00+00:00,189.3094940185547,163.66000366210938,189.3094940185547,163.66000366210938,189.3094940185547,163.67880249023438,189.19000244140625,163.6201934814453,189.22000122070312,163.6501007080078,33030.0,19827.0
2024-09-20 18:47:00+00:00,189.3249969482422,163.69000244140625,189.3249969482422,163.69000244140625,189.38999938964844,163.72999572753906,189.3000030517578,163.6699981689453,189.3000030517578,163.6699981689453,54948.0,20013.0
2024-09-20 18:48:00+00:00,189.32400512695312,163.64999389648438,189.32400512695312,163.64999389648438,189.35499572753906,163.6999969482422,189.2899932861328,163.6300048828125,189.3249969482422,163.69000244140625,33446.0,28065.0
2024-09-20 18:49:00+00:00,189.35000610351562,163.67999267578125,189.35000610351562,163.67999267578125,189.36500549316406,163.7100067138672,189.30999755859375,163.63009643554688,189.30999755859375,163.66000366210938,30128.0,24457.0
2024-09-20 18:50:00+00:00,189.3300018310547,163.66000366210938,189.3300018310547,163.66000366210938,189.39999389648438,163.6999969482422,189.2899932861328,163.66000366210938,189.3502960205078,163.67999267578125,38607.0,20858.0
2024-09-20 18:51:00+00:00,189.52999877929688,163.72999572753906,189.52999877929688,163.72999572753906,189.52999877929688,163.75,189.33999633789062,163.66000366210938,189.33999633789062,163.67999267578125,53422.0,19338.0
2024-09-20 18:52:00+00:00,189.5749969482422,163.74000549316406,189.5749969482422,163.74000549316406,189.63999938964844,163.75999450683594,189.50999450683594,163.72000122070312,189.5200958251953,163.72999572753906,78162.0,19476.0
2024-09-20 18:53:00+00:00,189.5800018310547,163.82000732421875,189.5800018310547,163.82000732421875,189.63999938964844,163.85000610351562,189.5323944091797,163.74000549316406,189.5800018310547,163.74000549316406,75837.0,32559.0
2024-09-20 18:54:00+00:00,189.7100067138672,163.83999633789062,189.7100067138672,163.83999633789062,189.7100067138672,163.8699951171875,189.5500030517578,163.8300018310547,189.5800018310547,163.8300018310547,62101.0,18811.0
2024-09-20 18:55:00+00:00,189.77000427246094,163.8800048828125,189.77000427246094,163.8800048828125,189.85000610351562,163.8800048828125,189.7100067138672,163.8300018310547,189.7100067138672,163.85000610351562,82189.0,32807.0
2024-09-20 18:56:00+00:00,189.92999267578125,163.89999389648438,189.92999267578125,163.89999389648438,189.98379516601562,163.9499969482422,189.75999450683594,163.86000061035156,189.8000030517578,163.875,74514.0,37105.0
2024-09-20 18:57:00+00:00,189.9199981689453,163.89999389648438,189.9199981689453,163.89999389648438,189.9698944091797,163.9199981689453,189.87989807128906,163.8699951171875,189.91000366210938,163.8800048828125,51426.0,15512.0
2024-09-20 18:58:00+00:00,190.00999450683594,163.89999389648438,190.00999450683594,163.89999389648438,190.02000427246094,163.9250030517578,189.92190551757812,163.860107421875,189.92190551757812,163.91000366210938,81328.0,24499.0
2024-09-20 18:59:00+00:00,190.01300048828125,163.8300018310547,190.01300048828125,163.8300018310547,190.0800018310547,163.9199981689453,189.99119567871094,163.8300018310547,190.02999877929688,163.9149932861328,54612.0,16421.0
2024-09-20 19:00:00+00:00,189.83999633789062,163.83340454101562,189.83999633789062,163.83340454101562,190.0113067626953,163.83340454101562,189.75999450683594,163.77499389648438,190.0113067626953,163.8300018310547,46433.0,32110.0
2024-09-20 19:01:00+00:00,189.7624969482422,163.875,189.7624969482422,163.875,189.86990356445312,163.89999389648438,189.75,163.8350067138672,189.8300018310547,163.8350067138672,43047.0,15654.0
2024-09-20 19:02:00+00:00,189.8560028076172,163.88999938964844,189.8560028076172,163.88999938964844,189.86599731445312,163.90499877929688,189.72000122070312,163.8699951171875,189.7698974609375,163.8800048828125,42023.0,15168.0
2024-09-20 19:03:00+00:00,189.85000610351562,163.88999938964844,189.85000610351562,163.88999938964844,189.89999389648438,163.89999389648438,189.8300018310547,163.86300659179688,189.8800048828125,163.88999938964844,62520.0,19669.0
2024-09-20 19:04:00+00:00,189.85000610351562,163.86000061035156,189.85000610351562,163.86000061035156,189.86000061035156,163.9149932861328,189.8101043701172,163.86000061035156,189.83999633789062,163.88999938964844,38924.0,18802.0
2024-09-20 19:05:00+00:00,189.8000030517578,163.82000732421875,189.8000030517578,163.82000732421875,189.86000061035156,163.86000061035156,189.7949981689453,163.78500366210938,189.86000061035156,163.86000061035156,35826.0,28074.0
2024-09-20 19:06:00+00:00,189.8300018310547,163.79600524902344,189.8300018310547,163.79600524902344,189.86000061035156,163.83999633789062,189.8000030517578,163.77000427246094,189.80499267578125,163.8300018310547,26715.0,1016125.0
2024-09-20 19:07:00+00:00,189.72999572753906,163.73500061035156,189.72999572753906,163.73500061035156,189.8350067138672,163.8000030517578,189.72000122070312,163.73500061035156,189.8249969482422,163.8000030517578,45710.0,19380.0
2024-09-20 19:08:00+00:00,189.72500610351562,163.75,189.72500610351562,163.75,189.7458038330078,163.75999450683594,189.6324005126953,163.6750030517578,189.6699981689453,163.72000122070312,44491.0,36131.0
2024-09-20 19:09:00+00:00,189.82009887695312,163.80999755859375,189.82009887695312,163.80999755859375,189.8300018310547,163.82000732421875,189.7050018310547,163.75,189.72000122070312,163.75,47408.0,19604.0
2024-09-20 19:10:00+00:00,189.89999389648438,163.8350067138672,189.89999389648438,163.8350067138672,189.9199981689453,163.83999633789062,189.7899932861328,163.8000030517578,189.8300018310547,163.80999755859375,67797.0,23313.0
2024-09-20 19:11:00+00:00,189.843994140625,163.8350067138672,189.843994140625,163.8350067138672,189.9550018310547,163.875,189.82000732421875,163.8249969482422,189.89239501953125,163.8300018310547,80476.0,31289.0
2024-09-20 19:12:00+00:00,189.75,163.8000030517578,189.75,163.8000030517578,189.83999633789062,163.84500122070312,189.72000122070312,163.7949981689453,189.83999633789062,163.8350067138672,48026.0,21309.0
2024-09-20 19:13:00+00:00,189.61500549316406,163.72000122070312,189.61500549316406,163.72000122070312,189.75,163.8000030517578,189.57000732421875,163.72000122070312,189.75,163.7949981689453,51141.0,20249.0
2024-09-20 19:14:00+00:00,189.72000122070312,163.77999877929688,189.72000122070312,163.77999877929688,189.75999450683594,163.7899932861328,189.63999938964844,163.72500610351562,189.63999938964844,163.72500610351562,65209.0,23317.0
2024-09-20 19:15:00+00:00,189.73989868164062,163.82000732421875,189.73989868164062,163.82000732421875,189.75999450683594,163.8249969482422,189.69000244140625,163.77000427246094,189.7100067138672,163.77000427246094,43189.0,19058.0
2024-09-20 19:16:00+00:00,189.72000122070312,163.82000732421875,189.72000122070312,163.82000732421875,189.75999450683594,163.85000610351562,189.69500732421875,163.80999755859375,189.74000549316406,163.8249969482422,38614.0,20003.0
2024-09-20 19:17:00+00:00,189.6540069580078,163.8249969482422,189.6540069580078,163.8249969482422,189.75999450683594,163.85009765625,189.63009643554688,163.82269287109375,189.74000549316406,163.8300018310547,61935.0,517961.0
2024-09-20 19:18:00+00:00,189.8300018310547,163.9149932861328,189.8300018310547,163.9149932861328,189.8800048828125,163.9250030517578,189.6300048828125,163.82000732421875,189.66000366210938,163.8249969482422,71236.0,27861.0
2024-09-20 19:19:00+00:00,189.7949981689453,163.89999389648438,189.7949981689453,163.89999389648438,189.8249969482422,163.9199981689453,189.69500732421875,163.8800048828125,189.8249969482422,163.9149932861328,49848.0,20066.0
2024-09-20 19:20:00+00:00,189.89999389648438,163.9199981689453,189.89999389648438,163.9199981689453,189.91000366210938,163.92999267578125,189.77999877929688,163.88499450683594,189.7949981689453,163.89999389648438,56603.0,127421.0
2024-09-20 19:21:00+00:00,189.86000061035156,163.94000244140625,189.86000061035156,163.94000244140625,190.09500122070312,164.08599853515625,189.82589721679688,163.9199981689453,189.89999389648438,163.9250030517578,116996.0,79228.0
2024-09-20 19:22:00+00:00,189.60000610351562,163.80999755859375,189.60000610351562,163.80999755859375,189.8800048828125,163.94000244140625,189.58999633789062,163.7949981689453,189.8699951171875,163.94000244140625,57926.0,38175.0
2024-09-20 19:23:00+00:00,189.57000732421875,163.8000030517578,189.57000732421875,163.8000030517578,189.65660095214844,163.83999633789062,189.53640747070312,163.77000427246094,189.58999633789062,163.8000030517578,65785.0,21774.0
2024-09-20 19:24:00+00:00,189.59800720214844,163.7899932861328,189.59800720214844,163.7899932861328,189.6300048828125,163.80999755859375,189.4600067138672,163.72000122070312,189.57000732421875,163.80999755859375,60007.0,19802.0
2024-09-20 19:25:00+00:00,189.6728973388672,163.7821044921875,189.6728973388672,163.7821044921875,189.67990112304688,163.8300018310547,189.58999633789062,163.75,189.60000610351562,163.7949981689453,89885.0,29476.0
2024-09-20 19:26:00+00:00,189.81700134277344,163.80499267578125,189.81700134277344,163.80499267578125,189.81700134277344,163.80999755859375,189.64999389648438,163.75999450683594,189.6699981689453,163.77999877929688,57833.0,18583.0
2024-09-20 19:27:00+00:00,189.8249969482422,163.82000732421875,189.8249969482422,163.82000732421875,189.8699951171875,163.835693359375,189.74200439453125,163.7899932861328,189.80999755859375,163.81500244140625,51695.0,18838.0
2024-09-20 19:28:00+00:00,189.9199981689453,163.85499572753906,189.9199981689453,163.85499572753906,189.9499969482422,163.86500549316406,189.77000427246094,163.82000732421875,189.82000732421875,163.82000732421875,60643.0,26849.0
2024-09-20 19:29:00+00:00,190.0113983154297,163.91000366210938,190.0113983154297,163.91000366210938,190.05999755859375,163.93499755859375,189.94000244140625,163.85000610351562,189.94000244140625,163.85000610351562,88666.0,28317.0
2024-09-20 19:30:00+00:00,190.0399932861328,163.91000366210938,190.0399932861328,163.91000366210938,190.0800018310547,163.94000244140625,190.01499938964844,163.8800048828125,190.02000427246094,163.91000366210938,61381.0,36030.0
2024-09-20 19:31:00+00:00,190.05999755859375,163.88999938964844,190.05999755859375,163.88999938964844,190.0800018310547,163.9199981689453,189.92999267578125,163.8800048828125,190.03829956054688,163.91000366210938,81444.0,20822.0
2024-09-20 19:32:00+00:00,190.07000732421875,163.8800048828125,190.07000732421875,163.8800048828125,190.14999389648438,163.9199981689453,190.00999450683594,163.8699951171875,190.05499267578125,163.88999938964844,70954.0,27159.0
2024-09-20 19:33:00+00:00,190.08999633789062,163.87759399414062,190.08999633789062,163.87759399414062,190.13999938964844,163.88999938964844,190.06500244140625,163.83999633789062,190.07000732421875,163.8800048828125,58280.0,26001.0
2024-09-20 19:34:00+00:00,190.0998992919922,163.9199981689453,190.0998992919922,163.9199981689453,190.1300048828125,163.92909240722656,190.05160522460938,163.8699951171875,190.0850067138672,163.875,52899.0,24624.0
2024-09-20 19:35:00+00:00,190.19000244140625,163.96620178222656,190.19000244140625,163.96620178222656,190.2415008544922,163.97999572753906,190.08999633789062,163.89999389648438,190.10000610351562,163.91000366210938,135175.0,31544.0
2024-09-20 19:36:00+00:00,190.16009521484375,163.92999267578125,190.16009521484375,163.92999267578125,190.27000427246094,163.99000549316406,190.16000366210938,163.9199981689453,190.18499755859375,163.9600067138672,67450.0,33808.0
2024-09-20 19:37:00+00:00,190.2113037109375,163.88999938964844,190.2113037109375,163.88999938964844,190.23190307617188,163.92999267578125,190.14999389648438,163.88999938964844,190.16000366210938,163.92999267578125,62162.0,35576.0
2024-09-20 19:38:00+00:00,190.44000244140625,164.1699981689453,190.44000244140625,164.1699981689453,190.47000122070312,164.1999969482422,190.19129943847656,163.88999938964844,190.2100067138672,163.89999389648438,122545.0,66230.0
2024-09-20 19:39:00+00:00,190.37109375,164.11000061035156,190.37109375,164.11000061035156,190.47999572753906,164.22000122070312,190.32009887695312,164.0800018310547,190.42999267578125,164.2100067138672,95337.0,38398.0
2024-09-20 19:40:00+00:00,190.24000549316406,164.0500030517578,190.24000549316406,164.0500030517578,190.3800048828125,164.10000610351562,190.22999572753906,164.02999877929688,190.3699951171875,164.10000610351562,97493.0,39503.0
2024-09-20 19:41:00+00:00,190.24009704589844,164.0749969482422,190.24009704589844,164.0749969482422,190.33990478515625,164.10000610351562,190.24000549316406,164.0399932861328,190.25,164.0500030517578,74801.0,41148.0
2024-09-20 19:42:00+00:00,190.21499633789062,164.08999633789062,190.21499633789062,164.08999633789062,190.3000030517578,164.1479949951172,190.2050018310547,164.07000732421875,190.25,164.07000732421875,85875.0,40559.0
2024-09-20 19:43:00+00:00,190.14999389648438,164.1199951171875,190.14999389648438,164.1199951171875,190.23899841308594,164.13499450683594,190.110107421875,164.0800018310547,190.2100067138672,164.09500122070312,79626.0,29868.0
2024-09-20 19:44:00+00:00,190.11990356445312,164.02499389648438,190.11990356445312,164.02499389648438,190.14999389648438,164.1300048828125,190.05999755859375,164.0,190.14500427246094,164.1300048828125,78094.0,55161.0
2024-09-20 19:45:00+00:00,190.19000244140625,164.13999938964844,190.19000244140625,164.13999938964844,190.2301025390625,164.1649932861328,190.07000732421875,163.97999572753906,190.11000061035156,164.02000427246094,87787.0,74379.0
2024-09-20 19:46:00+00:00,190.13999938964844,164.16000366210938,190.13999938964844,164.16000366210938,190.1999053955078,164.17999267578125,190.10000610351562,164.13999938964844,190.17999267578125,164.13999938964844,89177.0,42840.0
2024-09-20 19:47:00+00:00,189.99000549316406,164.07009887695312,189.99000549316406,164.07009887695312,190.14999389648438,164.17999267578125,189.92999267578125,164.0500030517578,190.14999389648438,164.1761932373047,85031.0,50794.0
2024-09-20 19:48:00+00:00,190.07000732421875,164.07000732421875,190.07000732421875,164.07000732421875,190.14999389648438,164.13999938964844,189.9700927734375,164.0399932861328,189.9700927734375,164.08999633789062,99742.0,62691.0
2024-09-20 19:49:00+00:00,189.95350646972656,164.11500549316406,189.95350646972656,164.11500549316406,190.07000732421875,164.1300048828125,189.91000366210938,164.0800018310547,190.0601043701172,164.08360290527344,89068.0,47502.0
2024-09-20 19:50:00+00:00,190.6699981689453,164.13999938964844,190.6699981689453,164.13999938964844,191.19000244140625,164.35000610351562,189.9499969482422,164.0800018310547,189.97000122070312,164.1199951171875,1043837.0,224820.0
2024-09-20 19:51:00+00:00,190.72999572753906,163.9720001220703,190.72999572753906,163.9720001220703,190.97999572753906,164.19000244140625,190.58999633789062,163.9600067138672,190.7100067138672,164.14999389648438,275782.0,122035.0
2024-09-20 19:52:00+00:00,190.96499633789062,163.97999572753906,190.96499633789062,163.97999572753906,191.0399932861328,164.0800018310547,190.73899841308594,163.9600067138672,190.75,163.9949951171875,333223.0,114687.0
2024-09-20 19:53:00+00:00,191.2100067138672,163.81500244140625,191.2100067138672,163.81500244140625,191.25,164.0050048828125,190.97000122070312,163.7949981689453,190.97000122070312,163.99000549316406,454741.0,102780.0
2024-09-20 19:54:00+00:00,191.125,164.16000366210938,191.125,164.16000366210938,191.52000427246094,164.2100067138672,191.08999633789062,163.80999755859375,191.2100067138672,163.80999755859375,519914.0,260459.0
2024-09-20 19:55:00+00:00,191.08999633789062,164.5,191.08999633789062,164.5,191.38999938964844,164.57000732421875,190.77999877929688,164.1300048828125,191.1199951171875,164.14999389648438,474932.0,267477.0
2024-09-20 19:56:00+00:00,190.9949951171875,164.50999450683594,190.9949951171875,164.50999450683594,191.19000244140625,164.57000732421875,190.94000244140625,164.47500610351562,191.08009338378906,164.52000427246094,399183.0,83325.0
2024-09-20 19:57:00+00:00,191.39999389648438,164.65499877929688,191.39999389648438,164.65499877929688,191.49000549316406,164.69000244140625,191.0,164.52000427246094,191.0,164.52000427246094,528593.0,153970.0
2024-09-20 19:58:00+00:00,191.5218048095703,164.69000244140625,191.5218048095703,164.69000244140625,191.61000061035156,164.72999572753906,191.3699951171875,164.63999938964844,191.38499450683594,164.65499877929688,575057.0,205217.0
2024-09-20 19:59:00+00:00,191.60000610351562,164.64999389648438,191.60000610351562,164.64999389648438,191.83999633789062,164.75,191.5200958251953,164.61000061035156,191.52999877929688,164.6999969482422,1121700.0,482258.0
2024-09-23 13:30:00+00:00,191.88499450683594,166.4499969482422,191.88499450683594,166.4499969482422,191.9499969482422,166.60499572753906,191.25,165.24000549316406,191.50999450683594,165.25,1145679.0,735103.0
2024-09-23 13:31:00+00:00,191.5449981689453,166.38999938964844,191.5449981689453,166.38999938964844,191.88999938964844,166.49000549316406,191.52000427246094,166.1699981689453,191.88999938964844,166.49000549316406,111178.0,88121.0
2024-09-23 13:32:00+00:00,191.0449981689453,165.39999389648438,191.0449981689453,165.39999389648438,191.5399932861328,166.3699951171875,191.01499938964844,165.3751983642578,191.52000427246094,166.36000061035156,171164.0,65240.0
2024-09-23 13:33:00+00:00,191.22000122070312,165.06419372558594,191.22000122070312,165.06419372558594,191.2899932861328,165.3800048828125,190.57000732421875,165.0,191.02999877929688,165.3699951171875,224493.0,51474.0
2024-09-23 13:34:00+00:00,191.27000427246094,165.16000366210938,191.27000427246094,165.16000366210938,191.3699951171875,165.32000732421875,190.9600067138672,164.97999572753906,191.20989990234375,165.08999633789062,221647.0,53575.0
2024-09-23 13:35:00+00:00,191.1999969482422,165.0998992919922,191.1999969482422,165.0998992919922,191.30499267578125,165.2449951171875,191.03599548339844,165.02000427246094,191.27000427246094,165.13999938964844,106805.0,50436.0
2024-09-23 13:36:00+00:00,191.4499969482422,165.18499755859375,191.4499969482422,165.18499755859375,191.4499969482422,165.4600067138672,191.19009399414062,165.02999877929688,191.1999969482422,165.05999755859375,158114.0,47583.0
2024-09-23 13:37:00+00:00,191.83999633789062,165.11000061035156,191.83999633789062,165.11000061035156,191.9499969482422,165.3699951171875,191.41000366210938,165.0800018310547,191.4600067138672,165.14999389648438,115375.0,31122.0
2024-09-23 13:38:00+00:00,192.0749969482422,165.08999633789062,192.0749969482422,165.08999633789062,192.2899932861328,165.2449951171875,191.82000732421875,165.0800018310547,191.88999938964844,165.10499572753906,288507.0,39682.0
2024-09-23 13:39:00+00:00,192.01499938964844,165.1750030517578,192.01499938964844,165.1750030517578,192.23199462890625,165.1750030517578,191.8800048828125,165.0800018310547,192.0897979736328,165.10000610351562,132993.0,43736.0
2024-09-23 13:40:00+00:00,191.83200073242188,165.02000427246094,191.83200073242188,165.02000427246094,192.1699981689453,165.25,191.8000030517578,165.00999450683594,192.01499938964844,165.1999969482422,126822.0,46793.0
2024-09-23 13:41:00+00:00,191.72000122070312,165.0,191.72000122070312,165.0,191.86000061035156,165.02349853515625,191.52499389648438,164.81500244140625,191.86000061035156,165.02349853515625,97165.0,65650.0
2024-09-23 13:42:00+00:00,191.57000732421875,164.97999572753906,191.57000732421875,164.97999572753906,191.72000122070312,165.1199951171875,191.4499969482422,164.85000610351562,191.72000122070312,164.9781036376953,65253.0,89264.0
2024-09-23 13:43:00+00:00,191.375,164.97000122070312,191.375,164.97000122070312,191.56399536132812,165.05999755859375,191.30999755859375,164.9499969482422,191.56399536132812,164.97500610351562,68473.0,24127.0
2024-09-23 13:44:00+00:00,191.47999572753906,165.10000610351562,191.47999572753906,165.10000610351562,191.50999450683594,165.14999389648438,191.34500122070312,164.89999389648438,191.3656005859375,164.94000244140625,57217.0,23410.0
2024-09-23 13:45:00+00:00,191.58999633789062,165.14999389648438,191.58999633789062,165.14999389648438,191.6300048828125,165.19000244140625,191.30999755859375,164.77999877929688,191.47000122070312,165.1300048828125,102471.0,68939.0
2024-09-23 13:46:00+00:00,191.35499572753906,165.1999969482422,191.35499572753906,165.1999969482422,191.72000122070312,165.2677001953125,191.30999755859375,165.1300048828125,191.5948028564453,165.13999938964844,102633.0,42554.0
2024-09-23 13:47:00+00:00,191.4499969482422,165.2949981689453,191.4499969482422,165.2949981689453,191.52000427246094,165.36000061035156,191.30999755859375,165.1199951171875,191.3699951171875,165.19549560546875,99070.0,52489.0
2024-09-23 13:48:00+00:00,191.8699951171875,165.52000427246094,191.8699951171875,165.52000427246094,191.8699951171875,165.52999877929688,191.42999267578125,165.3000030517578,191.42999267578125,165.3524932861328,86440.0,59720.0
2024-09-23 13:49:00+00:00,192.3300018310547,165.77980041503906,192.3300018310547,165.77980041503906,192.3300018310547,165.77999877929688,191.85000610351562,165.50050354003906,191.85499572753906,165.53500366210938,85023.0,72600.0
2024-09-23 13:50:00+00:00,192.25689697265625,165.56790161132812,192.25689697265625,165.56790161132812,192.39999389648438,165.76499938964844,192.13999938964844,165.5500030517578,192.3300018310547,165.76499938964844,110320.0,34331.0
2024-09-23 13:51:00+00:00,192.0800018310547,165.3079071044922,192.0800018310547,165.3079071044922,192.3699951171875,165.58999633789062,192.05999755859375,165.24000549316406,192.27000427246094,165.55999755859375,105662.0,29475.0
2024-09-23 13:52:00+00:00,192.2899932861328,165.3800048828125,192.2899932861328,165.3800048828125,192.36619567871094,165.46279907226562,191.97999572753906,165.2220001220703,192.07009887695312,165.2801055908203,110447.0,20580.0
2024-09-23 13:53:00+00:00,192.1999969482422,165.39999389648438,192.1999969482422,165.39999389648438,192.38999938964844,165.4199981689453,192.1199951171875,165.32000732421875,192.27999877929688,165.38999938964844,106073.0,26156.0
2024-09-23 13:54:00+00:00,192.10000610351562,165.38999938964844,192.10000610351562,165.38999938964844,192.17999267578125,165.41700744628906,191.96009826660156,165.30999755859375,192.1699981689453,165.3300018310547,60575.0,26284.0
2024-09-23 13:55:00+00:00,192.01499938964844,165.5050048828125,192.01499938964844,165.5050048828125,192.25999450683594,165.50999450683594,191.9949951171875,165.36000061035156,192.1051025390625,165.3800048828125,52528.0,55154.0
2024-09-23 13:56:00+00:00,192.12010192871094,165.5402069091797,192.12010192871094,165.5402069091797,192.2100067138672,165.6199951171875,191.80999755859375,165.47500610351562,192.01499938964844,165.47999572753906,92274.0,42256.0
2024-09-23 13:57:00+00:00,192.33999633789062,165.5850067138672,192.33999633789062,165.5850067138672,192.39990234375,165.5850067138672,192.05999755859375,165.49000549316406,192.1300048828125,165.52999877929688,63073.0,19754.0
2024-09-23 13:58:00+00:00,192.1199951171875,165.47000122070312,192.1199951171875,165.47000122070312,192.3800048828125,165.60000610351562,192.10000610351562,165.47000122070312,192.3459930419922,165.5850067138672,56183.0,37589.0
2024-09-23 13:59:00+00:00,191.83999633789062,165.3699951171875,191.83999633789062,165.3699951171875,191.91940307617188,165.38999938964844,191.75,165.32000732421875,191.8000030517578,165.35499572753906,111594.0,42977.0
2024-09-23 14:00:00+00:00,191.99000549316406,165.38999938964844,191.99000549316406,165.38999938964844,191.99000549316406,165.4499969482422,191.6800994873047,165.27000427246094,191.84500122070312,165.35499572753906,60784.0,46163.0
2024-09-23 14:01:00+00:00,192.09010314941406,165.44000244140625,192.09010314941406,165.44000244140625,192.21499633789062,165.5,191.9550018310547,165.39999389648438,191.96319580078125,165.4250030517578,75713.0,30025.0
2024-09-23 14:02:00+00:00,192.19000244140625,165.49000549316406,192.19000244140625,165.49000549316406,192.25999450683594,165.49000549316406,192.0718994140625,165.39999389648438,192.10499572753906,165.4499969482422,59858.0,27086.0
2024-09-23 14:03:00+00:00,191.92999267578125,165.47999572753906,191.92999267578125,165.47999572753906,192.23989868164062,165.59970092773438,191.92999267578125,165.4600067138672,192.1750030517578,165.47000122070312,75572.0,44824.0
2024-09-23 14:04:00+00:00,192.0,165.49000549316406,192.0,165.49000549316406,192.0,165.5399932861328,191.8560028076172,165.44000244140625,191.9550018310547,165.47999572753906,60430.0,26058.0
2024-09-23 14:05:00+00:00,191.88499450683594,165.5,191.88499450683594,165.5,192.0500030517578,165.55999755859375,191.82000732421875,165.4600067138672,192.03500366210938,165.5050048828125,41965.0,30463.0
2024-09-23 14:06:00+00:00,191.8679962158203,165.58999633789062,191.8679962158203,165.58999633789062,191.97000122070312,165.64999389648438,191.75999450683594,165.50999450683594,191.9199981689453,165.50999450683594,53728.0,26930.0
2024-09-23 14:07:00+00:00,191.8249969482422,165.5800018310547,191.8249969482422,165.5800018310547,191.91000366210938,165.66000366210938,191.75,165.47999572753906,191.8800048828125,165.5850067138672,88346.0,26556.0
2024-09-23 14:08:00+00:00,191.87649536132812,165.60000610351562,191.87649536132812,165.60000610351562,191.91000366210938,165.6199951171875,191.7899932861328,165.49000549316406,191.8300018310547,165.57000732421875,65202.0,14605.0
2024-09-23 14:09:00+00:00,191.69000244140625,165.47500610351562,191.69000244140625,165.47500610351562,191.9550018310547,165.6300048828125,191.65199279785156,165.46800231933594,191.86000061035156,165.59500122070312,58784.0,17457.0
2024-09-23 14:10:00+00:00,191.60000610351562,165.36500549316406,191.60000610351562,165.36500549316406,191.75999450683594,165.47999572753906,191.50999450683594,165.32000732421875,191.7100067138672,165.47999572753906,45091.0,18385.0
2024-09-23 14:11:00+00:00,191.7698974609375,165.44000244140625,191.7698974609375,165.44000244140625,191.78990173339844,165.47999572753906,191.5395050048828,165.33999633789062,191.60499572753906,165.3800048828125,40690.0,23817.0
2024-09-23 14:12:00+00:00,191.7729949951172,165.41000366210938,191.7729949951172,165.41000366210938,191.8800048828125,165.49000549316406,191.72999572753906,165.41000366210938,191.77420043945312,165.44000244140625,55157.0,21024.0
2024-09-23 14:13:00+00:00,191.6999969482422,165.3800048828125,191.6999969482422,165.3800048828125,191.9499053955078,165.5,191.63999938964844,165.3498992919922,191.77999877929688,165.4199981689453,53601.0,25779.0
2024-09-23 14:14:00+00:00,191.53500366210938,165.34500122070312,191.53500366210938,165.34500122070312,191.76499938964844,165.40989685058594,191.4600067138672,165.33999633789062,191.72999572753906,165.375,40536.0,23816.0
2024-09-23 14:15:00+00:00,191.5800018310547,165.32000732421875,191.5800018310547,165.32000732421875,191.61000061035156,165.4199981689453,191.43499755859375,165.26499938964844,191.5500030517578,165.33999633789062,44666.0,30202.0
2024-09-23 14:16:00+00:00,191.6728973388672,165.25,191.6728973388672,165.25,191.6999969482422,165.36500549316406,191.49000549316406,165.1999969482422,191.5800018310547,165.3249969482422,36033.0,92763.0
2024-09-23 14:17:00+00:00,191.66000366210938,165.19000244140625,191.66000366210938,165.19000244140625,191.72000122070312,165.24000549316406,191.5500030517578,165.13999938964844,191.6649932861328,165.24000549316406,30091.0,32947.0
2024-09-23 14:18:00+00:00,191.7624969482422,165.18499755859375,191.7624969482422,165.18499755859375,191.8096923828125,165.2050018310547,191.66009521484375,165.1699981689453,191.66140747070312,165.1699981689453,32190.0,22609.0
2024-09-23 14:19:00+00:00,191.7779998779297,165.17999267578125,191.7779998779297,165.17999267578125,191.87989807128906,165.22000122070312,191.76010131835938,165.16000366210938,191.83999633789062,165.2050018310547,48729.0,20102.0
2024-09-23 14:20:00+00:00,191.75999450683594,165.12600708007812,191.75999450683594,165.12600708007812,191.97579956054688,165.30499267578125,191.72000122070312,165.11000061035156,191.77999877929688,165.19000244140625,57658.0,30947.0
2024-09-23 14:21:00+00:00,191.81080627441406,165.13999938964844,191.81080627441406,165.13999938964844,191.85440063476562,165.1999969482422,191.75999450683594,165.13999938964844,191.77999877929688,165.13999938964844,30584.0,16011.0
2024-09-23 14:22:00+00:00,191.89999389648438,165.17999267578125,191.89999389648438,165.17999267578125,191.9600067138672,165.2100067138672,191.8000030517578,165.1300048828125,191.82000732421875,165.13999938964844,44910.0,20581.0
2024-09-23 14:23:00+00:00,191.9700927734375,165.13999938964844,191.9700927734375,165.13999938964844,192.10000610351562,165.27000427246094,191.85499572753906,165.1199951171875,191.9149932861328,165.1699981689453,61900.0,33032.0
2024-09-23 14:24:00+00:00,191.94000244140625,165.15020751953125,191.94000244140625,165.15020751953125,191.97900390625,165.16000366210938,191.91000366210938,165.15020751953125,191.94000244140625,165.1580047607422,45927.0,8614.0
2024-09-23 14:25:00+00:00,191.88999938964844,165.0500030517578,191.88999938964844,165.0500030517578,191.9951934814453,165.2097930908203,191.86000061035156,165.0500030517578,191.97999572753906,165.17999267578125,36619.0,25406.0
2024-09-23 14:26:00+00:00,191.8699951171875,164.9600067138672,191.8699951171875,164.9600067138672,191.97999572753906,165.04010009765625,191.77999877929688,164.88999938964844,191.90069580078125,165.0399932861328,38061.0,36969.0
2024-09-23 14:27:00+00:00,191.88999938964844,164.91000366210938,191.88999938964844,164.91000366210938,191.94500732421875,164.97000122070312,191.85000610351562,164.91000366210938,191.88999938964844,164.9499969482422,37314.0,11811.0
2024-09-23 14:28:00+00:00,191.8614044189453,165.02999877929688,191.8614044189453,165.02999877929688,191.88999938964844,165.02999877929688,191.7899932861328,164.88999938964844,191.8800048828125,164.91000366210938,24964.0,23756.0
2024-09-23 14:29:00+00:00,191.84500122070312,164.99000549316406,191.84500122070312,164.99000549316406,191.89999389648438,165.02999877929688,191.77999877929688,164.9199981689453,191.87989807128906,165.02000427246094,34351.0,25526.0
2024-09-23 14:30:00+00:00,191.76499938964844,164.95989990234375,191.76499938964844,164.95989990234375,191.8699951171875,165.04339599609375,191.75,164.92999267578125,191.86000061035156,165.00999450683594,39984.0,12976.0
2024-09-23 14:31:00+00:00,191.7001953125,164.8699951171875,191.7001953125,164.8699951171875,191.77000427246094,164.97000122070312,191.6300048828125,164.86500549316406,191.77000427246094,164.97000122070312,50207.0,19306.0
2024-09-23 14:32:00+00:00,191.77999877929688,164.8300018310547,191.77999877929688,164.8300018310547,191.7899932861328,164.9199981689453,191.6999969482422,164.8249969482422,191.72000122070312,164.8800048828125,34898.0,18257.0
2024-09-23 14:33:00+00:00,191.5924072265625,164.78500366210938,191.5924072265625,164.78500366210938,191.77999877929688,164.85989379882812,191.5850067138672,164.77999877929688,191.77369689941406,164.8300018310547,38682.0,19104.0
2024-09-23 14:34:00+00:00,191.5800018310547,164.75999450683594,191.5800018310547,164.75999450683594,191.63999938964844,164.7799072265625,191.5,164.6699981689453,191.5800018310547,164.77499389648438,70281.0,40820.0
2024-09-23 14:35:00+00:00,191.41000366210938,164.64999389648438,191.41000366210938,164.64999389648438,191.6199951171875,164.75,191.39999389648438,164.60000610351562,191.58999633789062,164.75,60588.0,37332.0
2024-09-23 14:36:00+00:00,191.50990295410156,164.86000061035156,191.50990295410156,164.86000061035156,191.51499938964844,164.87869262695312,191.3699951171875,164.625,191.4199981689453,164.625,39533.0,46491.0
2024-09-23 14:37:00+00:00,191.5399932861328,164.94000244140625,191.5399932861328,164.94000244140625,191.64999389648438,165.0,191.51499938964844,164.85000610351562,191.52000427246094,164.875,33719.0,41857.0
2024-09-23 14:38:00+00:00,191.43310546875,164.97000122070312,191.43310546875,164.97000122070312,191.56849670410156,165.03990173339844,191.41000366210938,164.91000366210938,191.50999450683594,164.92999267578125,35370.0,28295.0
2024-09-23 14:39:00+00:00,191.3300018310547,164.92730712890625,191.3300018310547,164.92730712890625,191.46229553222656,165.0500030517578,191.22019958496094,164.88299560546875,191.44000244140625,165.0,65283.0,33270.0
2024-09-23 14:40:00+00:00,191.4600067138672,164.9980010986328,191.4600067138672,164.9980010986328,191.4600067138672,165.02000427246094,191.28500366210938,164.9199981689453,191.3363037109375,164.94000244140625,47115.0,34758.0
2024-09-23 14:41:00+00:00,191.6300048828125,165.08999633789062,191.6300048828125,165.08999633789062,191.6750030517578,165.11000061035156,191.4600067138672,165.02499389648438,191.4600067138672,165.02499389648438,39922.0,30418.0
2024-09-23 14:42:00+00:00,191.69000244140625,165.2050018310547,191.69000244140625,165.2050018310547,191.6999969482422,165.22000122070312,191.53199768066406,165.08999633789062,191.64500427246094,165.11000061035156,37805.0,35065.0
2024-09-23 14:43:00+00:00,191.72000122070312,165.22000122070312,191.72000122070312,165.22000122070312,191.8000030517578,165.24000549316406,191.6739959716797,165.1699981689453,191.6999969482422,165.22000122070312,68905.0,30411.0
2024-09-23 14:44:00+00:00,191.875,165.25,191.875,165.25,191.91000366210938,165.26199340820312,191.72000122070312,165.19000244140625,191.72000122070312,165.22999572753906,53612.0,60917.0
2024-09-23 14:45:00+00:00,191.9010009765625,165.16900634765625,191.9010009765625,165.16900634765625,191.9499969482422,165.25,191.83360290527344,165.16000366210938,191.8699951171875,165.24000549316406,49825.0,24971.0
2024-09-23 14:46:00+00:00,191.91000366210938,165.2100067138672,191.91000366210938,165.2100067138672,191.98480224609375,165.26499938964844,191.89999389648438,165.1699981689453,191.89999389648438,165.1699981689453,33855.0,26321.0
2024-09-23 14:47:00+00:00,192.05999755859375,165.2899932861328,192.05999755859375,165.2899932861328,192.0800018310547,165.3000030517578,191.91009521484375,165.1699981689453,191.9199981689453,165.22000122070312,73025.0,23289.0
2024-09-23 14:48:00+00:00,192.0399932861328,165.34500122070312,192.0399932861328,165.34500122070312,192.1300048828125,165.3760986328125,192.01150512695312,165.27000427246094,192.0500030517578,165.3000030517578,47177.0,40373.0
2024-09-23 14:49:00+00:00,192.0500030517578,165.2449951171875,192.0500030517578,165.2449951171875,192.11050415039062,165.3300018310547,192.0,165.24000549316406,192.05999755859375,165.3300018310547,32486.0,30740.0
2024-09-23 14:50:00+00:00,191.95620727539062,165.1699981689453,191.95620727539062,165.1699981689453,192.05999755859375,165.25,191.91000366210938,165.14999389648438,192.05979919433594,165.23500061035156,41158.0,36636.0
2024-09-23 14:51:00+00:00,191.9990997314453,165.17999267578125,191.9990997314453,165.17999267578125,192.02000427246094,165.2100067138672,191.92999267578125,165.08999633789062,191.97999572753906,165.1699981689453,28681.0,26251.0
2024-09-23 14:52:00+00:00,191.9499969482422,165.1999969482422,191.9499969482422,165.1999969482422,192.00999450683594,165.2100067138672,191.88999938964844,165.1199951171875,191.97999572753906,165.1699981689453,26857.0,23869.0
2024-09-23 14:53:00+00:00,192.22000122070312,165.30999755859375,192.22000122070312,165.30999755859375,192.22000122070312,165.30999755859375,191.91000366210938,165.1999969482422,191.94500732421875,165.1999969482422,90368.0,23317.0
2024-09-23 14:54:00+00:00,192.1199951171875,165.25999450683594,192.1199951171875,165.25999450683594,192.25,165.3437042236328,192.0399932861328,165.22999572753906,192.1999969482422,165.30999755859375,30244.0,70082.0
2024-09-23 14:55:00+00:00,191.94000244140625,165.3699951171875,191.94000244140625,165.3699951171875,192.14999389648438,165.41990661621094,191.94000244140625,165.25999450683594,192.1199951171875,165.27000427246094,32984.0,45227.0
2024-09-23 14:56:00+00:00,191.7301025390625,165.30999755859375,191.7301025390625,165.30999755859375,191.9600067138672,165.3800048828125,191.7301025390625,165.30999755859375,191.92999267578125,165.3800048828125,32041.0,43407.0
2024-09-23 14:57:00+00:00,191.80499267578125,165.33999633789062,191.80499267578125,165.33999633789062,191.85989379882812,165.3699951171875,191.7100067138672,165.30999755859375,191.72500610351562,165.30999755859375,41809.0,17044.0
2024-09-23 14:58:00+00:00,191.82989501953125,165.4250030517578,191.82989501953125,165.4250030517578,191.93499755859375,165.47000122070312,191.78500366210938,165.35000610351562,191.79800415039062,165.35000610351562,26398.0,32791.0
2024-09-23 14:59:00+00:00,191.71090698242188,165.44000244140625,191.71090698242188,165.44000244140625,191.86500549316406,165.44000244140625,191.6999969482422,165.3800048828125,191.80999755859375,165.4199981689453,30445.0,31468.0
2024-09-23 15:00:00+00:00,191.6300048828125,165.47000122070312,191.6300048828125,165.47000122070312,191.72999572753906,165.47999572753906,191.61000061035156,165.41000366210938,191.72999572753906,165.43499755859375,38195.0,20894.0
2024-09-23 15:01:00+00:00,191.50709533691406,165.4499969482422,191.50709533691406,165.4499969482422,191.6699981689453,165.47999572753906,191.44000244140625,165.38999938964844,191.64999389648438,165.47500610351562,52683.0,37252.0
2024-09-23 15:02:00+00:00,191.4398956298828,165.39500427246094,191.4398956298828,165.39500427246094,191.52999877929688,165.44000244140625,191.3800048828125,165.32000732421875,191.52999877929688,165.44000244140625,57555.0,24165.0
2024-09-23 15:03:00+00:00,191.40220642089844,165.44000244140625,191.40220642089844,165.44000244140625,191.40220642089844,165.4499969482422,191.27999877929688,165.36000061035156,191.38999938964844,165.38999938964844,45269.0,28109.0
2024-09-23 15:04:00+00:00,191.35000610351562,165.38999938964844,191.35000610351562,165.38999938964844,191.44000244140625,165.4499969482422,191.33999633789062,165.38009643554688,191.3903045654297,165.44000244140625,31732.0,21165.0
2024-09-23 15:05:00+00:00,191.22000122070312,165.33999633789062,191.22000122070312,165.33999633789062,191.36000061035156,165.41000366210938,191.1699981689453,165.2949981689453,191.35499572753906,165.38499450683594,39945.0,32301.0
2024-09-23 15:06:00+00:00,191.1699981689453,165.25999450683594,191.1699981689453,165.25999450683594,191.22000122070312,165.3249969482422,191.0800018310547,165.24000549316406,191.22000122070312,165.3249969482422,60106.0,53364.0
2024-09-23 15:07:00+00:00,191.18600463867188,165.32899475097656,191.18600463867188,165.32899475097656,191.25999450683594,165.36000061035156,191.10000610351562,165.25999450683594,191.19000244140625,165.25999450683594,47755.0,55178.0
2024-09-23 15:10:00+00:00,191.4320068359375,165.25,191.4320068359375,165.25,191.4600067138672,165.32000732421875,191.36000061035156,165.23500061035156,191.36000061035156,165.27499389648438,120567.0,65464.0
2024-09-23 15:11:00+00:00,191.4199981689453,165.24000549316406,191.4199981689453,165.24000549316406,191.44500732421875,165.24000549316406,191.36000061035156,165.1699981689453,191.41000366210938,165.24000549316406,23783.0,14745.0
2024-09-23 15:12:00+00:00,191.5449981689453,165.27000427246094,191.5449981689453,165.27000427246094,191.5780029296875,165.27499389648438,191.39999389648438,165.2100067138672,191.4300994873047,165.22999572753906,57769.0,12975.0
2024-09-23 15:13:00+00:00,191.57000732421875,165.23500061035156,191.57000732421875,165.23500061035156,191.60499572753906,165.27000427246094,191.47999572753906,165.2100067138672,191.5399932861328,165.2449951171875,56988.0,11874.0
2024-09-23 15:14:00+00:00,191.52330017089844,165.27000427246094,191.52330017089844,165.27000427246094,191.58999633789062,165.30499267578125,191.50999450683594,165.22500610351562,191.55259704589844,165.22500610351562,16385.0,22545.0
2024-09-23 15:15:00+00:00,191.44000244140625,165.19000244140625,191.44000244140625,165.19000244140625,191.4949951171875,165.2779998779297,191.3350067138672,165.19000244140625,191.4600067138672,165.2779998779297,29235.0,17798.0
2024-09-23 15:16:00+00:00,191.2050018310547,165.1199951171875,191.2050018310547,165.1199951171875,191.44000244140625,165.2100067138672,191.20050048828125,165.11500549316406,191.41000366210938,165.17999267578125,46533.0,21275.0
2024-09-23 15:17:00+00:00,191.26690673828125,165.14390563964844,191.26690673828125,165.14390563964844,191.30999755859375,165.14390563964844,191.1999969482422,165.0800018310547,191.22000122070312,165.11000061035156,34386.0,13440.0
2024-09-23 15:18:00+00:00,191.27999877929688,165.22500610351562,191.27999877929688,165.22500610351562,191.33999633789062,165.23500061035156,191.2100067138672,165.13499450683594,191.24000549316406,165.13999938964844,37837.0,22991.0
2024-09-23 15:19:00+00:00,191.27000427246094,165.16000366210938,191.27000427246094,165.16000366210938,191.33999633789062,165.27000427246094,191.22000122070312,165.13999938964844,191.3000030517578,165.25,31491.0,22511.0
2024-09-23 15:20:00+00:00,191.36500549316406,165.1750030517578,191.36500549316406,165.1750030517578,191.3800048828125,165.19000244140625,191.27000427246094,165.13999938964844,191.27000427246094,165.16000366210938,26581.0,16982.0
2024-09-23 15:21:00+00:00,191.3800048828125,165.25,191.3800048828125,165.25,191.468994140625,165.27000427246094,191.3300018310547,165.1750030517578,191.36500549316406,165.19000244140625,130804.0,12514.0
2024-09-23 15:22:00+00:00,191.3675994873047,165.27999877929688,191.3675994873047,165.27999877929688,191.4499969482422,165.2998046875,191.35499572753906,165.23500061035156,191.39999389648438,165.24000549316406,28005.0,11859.0
2024-09-23 15:23:00+00:00,191.36669921875,165.29629516601562,191.36669921875,165.29629516601562,191.3800048828125,165.29629516601562,191.30999755859375,165.23599243164062,191.36000061035156,165.27000427246094,26870.0,13760.0
2024-09-23 15:24:00+00:00,191.4550018310547,165.36000061035156,191.4550018310547,165.36000061035156,191.4600067138672,165.3800048828125,191.36000061035156,165.3000946044922,191.360595703125,165.30999755859375,29455.0,16108.0
2024-09-23 15:25:00+00:00,191.5,165.36599731445312,191.5,165.36599731445312,191.52999877929688,165.42999267578125,191.38999938964844,165.33999633789062,191.46580505371094,165.36000061035156,38756.0,18357.0
2024-09-23 15:26:00+00:00,191.4600067138672,165.3350067138672,191.4600067138672,165.3350067138672,191.49000549316406,165.36990356445312,191.42999267578125,165.30999755859375,191.49000549316406,165.35000610351562,38177.0,9433.0
2024-09-23 15:27:00+00:00,191.4600067138672,165.34840393066406,191.4600067138672,165.34840393066406,191.5,165.34840393066406,191.39999389648438,165.27000427246094,191.4499969482422,165.3300018310547,52237.0,15186.0
2024-09-23 15:28:00+00:00,191.65249633789062,165.45989990234375,191.65249633789062,165.45989990234375,191.66000366210938,165.4600067138672,191.4199981689453,165.32000732421875,191.4600067138672,165.33999633789062,59239.0,22338.0
2024-09-23 15:29:00+00:00,191.6199951171875,165.44000244140625,191.6199951171875,165.44000244140625,191.69000244140625,165.44500732421875,191.57000732421875,165.39999389648438,191.64999389648438,165.44500732421875,47972.0,9490.0
2024-09-23 15:30:00+00:00,191.72140502929688,165.4499969482422,191.72140502929688,165.4499969482422,191.75999450683594,165.49000549316406,191.60000610351562,165.43060302734375,191.6300048828125,165.44000244140625,66922.0,12780.0
2024-09-23 15:31:00+00:00,191.77310180664062,165.47999572753906,191.77310180664062,165.47999572753906,191.8000030517578,165.47999572753906,191.63999938964844,165.41000366210938,191.72999572753906,165.4720001220703,25231.0,13471.0
2024-09-23 15:32:00+00:00,191.72000122070312,165.4801025390625,191.72000122070312,165.4801025390625,191.85000610351562,165.53399658203125,191.7100067138672,165.47000122070312,191.8000030517578,165.4949951171875,34571.0,16079.0
2024-09-23 15:33:00+00:00,191.73240661621094,165.47999572753906,191.73240661621094,165.47999572753906,191.7899932861328,165.51980590820312,191.6999969482422,165.4600067138672,191.75999450683594,165.48829650878906,20884.0,17738.0
2024-09-23 15:34:00+00:00,191.69000244140625,165.41000366210938,191.69000244140625,165.41000366210938,191.75,165.5,191.68099975585938,165.3699951171875,191.73989868164062,165.49000549316406,22854.0,18129.0
2024-09-23 15:35:00+00:00,191.74020385742188,165.44000244140625,191.74020385742188,165.44000244140625,191.74020385742188,165.44000244140625,191.64999389648438,165.3699951171875,191.72000122070312,165.4199981689453,29192.0,16263.0
2024-09-23 15:36:00+00:00,191.6342010498047,165.43499755859375,191.6342010498047,165.43499755859375,191.74000549316406,165.4600067138672,191.6199951171875,165.38999938964844,191.74000549316406,165.42999267578125,20686.0,14517.0
2024-09-23 15:37:00+00:00,191.5399932861328,165.4149932861328,191.5399932861328,165.4149932861328,191.69000244140625,165.4550018310547,191.52000427246094,165.39999389648438,191.63999938964844,165.4550018310547,32279.0,9767.0
2024-09-23 15:38:00+00:00,191.61000061035156,165.44000244140625,191.61000061035156,165.44000244140625,191.63999938964844,165.47000122070312,191.51499938964844,165.39999389648438,191.52999877929688,165.4199981689453,28272.0,8664.0
2024-09-23 15:39:00+00:00,191.6999969482422,165.41000366210938,191.6999969482422,165.41000366210938,191.6999969482422,165.45599365234375,191.60989379882812,165.38780212402344,191.61000061035156,165.4499969482422,18804.0,11893.0
2024-09-23 15:40:00+00:00,191.52999877929688,165.2738037109375,191.52999877929688,165.2738037109375,191.6999969482422,165.41000366210938,191.50999450683594,165.25010681152344,191.6999969482422,165.41000366210938,40322.0,10452.0
2024-09-23 15:41:00+00:00,191.67999267578125,165.3000030517578,191.67999267578125,165.3000030517578,191.67999267578125,165.31500244140625,191.5,165.25,191.5399932861328,165.27000427246094,44793.0,12819.0
2024-09-23 15:42:00+00:00,191.71009826660156,165.25999450683594,191.71009826660156,165.25999450683594,191.75,165.30999755859375,191.62669372558594,165.25999450683594,191.67999267578125,165.30999755859375,23758.0,10425.0
2024-09-23 15:43:00+00:00,191.6999969482422,165.27000427246094,191.6999969482422,165.27000427246094,191.72000122070312,165.3000030517578,191.6699981689453,165.26499938964844,191.71499633789062,165.26499938964844,21311.0,9437.0
2024-09-23 15:44:00+00:00,191.52000427246094,165.22000122070312,191.52000427246094,165.22000122070312,191.67999267578125,165.26499938964844,191.52000427246094,165.17999267578125,191.67999267578125,165.26499938964844,24444.0,31545.0
2024-09-23 15:45:00+00:00,191.57000732421875,165.15499877929688,191.57000732421875,165.15499877929688,191.6300048828125,165.25999450683594,191.52200317382812,165.15269470214844,191.52999877929688,165.25999450683594,21133.0,18706.0
2024-09-23 15:46:00+00:00,191.5399932861328,165.1300048828125,191.5399932861328,165.1300048828125,191.5800018310547,165.15499877929688,191.53990173339844,165.1199951171875,191.57000732421875,165.15499877929688,33925.0,14916.0
2024-09-23 15:47:00+00:00,191.52000427246094,165.11000061035156,191.52000427246094,165.11000061035156,191.5800018310547,165.13499450683594,191.50999450683594,165.07000732421875,191.5399932861328,165.1199951171875,31489.0,15457.0
2024-09-23 15:48:00+00:00,191.5399932861328,165.14500427246094,191.5399932861328,165.14500427246094,191.5596923828125,165.1699981689453,191.5,165.08999633789062,191.51499938964844,165.1199951171875,18828.0,17401.0
2024-09-23 15:49:00+00:00,191.45989990234375,165.05999755859375,191.45989990234375,165.05999755859375,191.56500244140625,165.1699981689453,191.4499969482422,165.0500030517578,191.55499267578125,165.14999389648438,33537.0,15210.0
2024-09-23 15:50:00+00:00,191.50999450683594,165.09249877929688,191.50999450683594,165.09249877929688,191.5399932861328,165.1199951171875,191.44000244140625,165.06500244140625,191.44000244140625,165.06500244140625,25992.0,12901.0
2024-09-23 15:51:00+00:00,191.6300048828125,165.0749969482422,191.6300048828125,165.0749969482422,191.6300048828125,165.1300048828125,191.5,165.07000732421875,191.5,165.0998992919922,36300.0,26261.0
2024-09-23 15:52:00+00:00,191.64999389648438,165.00999450683594,191.64999389648438,165.00999450683594,191.70989990234375,165.10000610351562,191.63999938964844,165.00999450683594,191.66000366210938,165.0800018310547,32844.0,21670.0
2024-09-23 15:53:00+00:00,191.72999572753906,165.08999633789062,191.72999572753906,165.08999633789062,191.75999450683594,165.08999633789062,191.64999389648438,165.02000427246094,191.64999389648438,165.02000427246094,29317.0,20707.0
2024-09-23 15:54:00+00:00,191.81149291992188,165.16000366210938,191.81149291992188,165.16000366210938,191.82000732421875,165.1699981689453,191.6999969482422,165.08999633789062,191.72000122070312,165.08999633789062,40819.0,20664.0
2024-09-23 15:55:00+00:00,191.85000610351562,165.0399932861328,191.85000610351562,165.0399932861328,191.8800048828125,165.16700744628906,191.79190063476562,165.0399932861328,191.80999755859375,165.16700744628906,40617.0,15935.0
2024-09-23 15:56:00+00:00,191.77999877929688,165.03500366210938,191.77999877929688,165.03500366210938,191.89999389648438,165.07000732421875,191.75,165.00999450683594,191.89999389648438,165.0500030517578,44520.0,12793.0
2024-09-23 15:57:00+00:00,191.75999450683594,165.0399932861328,191.75999450683594,165.0399932861328,191.8699951171875,165.1999969482422,191.75999450683594,165.02999877929688,191.79010009765625,165.03990173339844,29915.0,93465.0
2024-09-23 15:58:00+00:00,191.72000122070312,165.00999450683594,191.72000122070312,165.00999450683594,191.75999450683594,165.0850067138672,191.63169860839844,165.00999450683594,191.75999450683594,165.05499267578125,54653.0,22774.0
2024-09-23 15:59:00+00:00,191.72999572753906,164.97000122070312,191.72999572753906,164.97000122070312,191.73049926757812,165.00999450683594,191.57000732421875,164.94000244140625,191.6999969482422,165.00999450683594,31560.0,42399.0
2024-09-23 16:00:00+00:00,191.6999969482422,164.88999938964844,191.6999969482422,164.88999938964844,191.73500061035156,164.9600067138672,191.6300048828125,164.83999633789062,191.72999572753906,164.9600067138672,29323.0,33537.0
2024-09-23 16:01:00+00:00,191.8249969482422,164.86000061035156,191.8249969482422,164.86000061035156,191.8699951171875,164.88999938964844,191.67999267578125,164.8300018310547,191.7100067138672,164.88999938964844,31713.0,31623.0
2024-09-23 16:02:00+00:00,191.94000244140625,164.84500122070312,191.94000244140625,164.84500122070312,191.94000244140625,164.8800048828125,191.81610107421875,164.83999633789062,191.8249969482422,164.8699951171875,25286.0,19320.0
2024-09-23 16:03:00+00:00,191.97500610351562,164.83009338378906,191.97500610351562,164.83009338378906,192.0,164.8800048828125,191.94760131835938,164.8300018310547,191.9499969482422,164.85000610351562,54959.0,16868.0
2024-09-23 16:04:00+00:00,192.11000061035156,164.82000732421875,192.11000061035156,164.82000732421875,192.13999938964844,164.8498992919922,191.94500732421875,164.77999877929688,191.98500061035156,164.83999633789062,84163.0,36517.0
2024-09-23 16:05:00+00:00,192.13150024414062,164.72999572753906,192.13150024414062,164.72999572753906,192.1699981689453,164.8300018310547,192.0399932861328,164.72999572753906,192.08140563964844,164.8300018310547,65719.0,24007.0
2024-09-23 16:06:00+00:00,192.14129638671875,164.67999267578125,192.14129638671875,164.67999267578125,192.22000122070312,164.75,192.1300048828125,164.66000366210938,192.13999938964844,164.74000549316406,75728.0,34164.0
2024-09-23 16:07:00+00:00,192.1999969482422,164.69000244140625,192.1999969482422,164.69000244140625,192.22999572753906,164.72999572753906,192.08999633789062,164.6699981689453,192.14999389648438,164.67999267578125,40260.0,22435.0
2024-09-23 16:08:00+00:00,192.16000366210938,164.58999633789062,192.16000366210938,164.58999633789062,192.25999450683594,164.69000244140625,192.14999389648438,164.57000732421875,192.19000244140625,164.67999267578125,50625.0,20622.0
2024-09-23 16:09:00+00:00,192.05050659179688,164.52000427246094,192.05050659179688,164.52000427246094,192.2100067138672,164.58999633789062,192.05050659179688,164.5,192.1300048828125,164.58999633789062,40203.0,25464.0
2024-09-23 16:10:00+00:00,191.99000549316406,164.42999267578125,191.99000549316406,164.42999267578125,192.07000732421875,164.52499389648438,191.9409942626953,164.39999389648438,192.0500030517578,164.50999450683594,59082.0,38089.0
2024-09-23 16:11:00+00:00,192.0749969482422,164.38900756835938,192.0749969482422,164.38900756835938,192.1199951171875,164.44000244140625,191.97999572753906,164.33999633789062,192.0050048828125,164.42999267578125,66289.0,18983.0
2024-09-23 16:12:00+00:00,191.90499877929688,164.27999877929688,191.90499877929688,164.27999877929688,192.11000061035156,164.47000122070312,191.89999389648438,164.27999877929688,192.07200622558594,164.38999938964844,80159.0,35960.0
2024-09-23 16:13:00+00:00,192.01719665527344,164.2899932861328,192.01719665527344,164.2899932861328,192.11000061035156,164.30999755859375,191.77000427246094,164.1699981689453,191.91879272460938,164.25999450683594,93419.0,31908.0
2024-09-23 16:14:00+00:00,192.0500030517578,164.2449951171875,192.0500030517578,164.2449951171875,192.0800018310547,164.27999877929688,191.99710083007812,164.22999572753906,192.01699829101562,164.2799072265625,60964.0,14137.0
2024-09-23 16:15:00+00:00,191.91009521484375,164.11500549316406,191.91009521484375,164.11500549316406,192.0800018310547,164.23989868164062,191.83999633789062,164.0800018310547,192.05499267578125,164.22000122070312,68252.0,55446.0
2024-09-23 16:16:00+00:00,192.02999877929688,164.2899932861328,192.02999877929688,164.2899932861328,192.09500122070312,164.30999755859375,191.9499969482422,164.11000061035156,191.9499969482422,164.11000061035156,44531.0,32607.0
2024-09-23 16:17:00+00:00,192.24989318847656,164.39999389648438,192.24989318847656,164.39999389648438,192.25999450683594,164.4199981689453,192.02999877929688,164.25,192.05999755859375,164.28500366210938,63555.0,26580.0
2024-09-23 16:18:00+00:00,192.11000061035156,164.35000610351562,192.11000061035156,164.35000610351562,192.25999450683594,164.4199981689453,192.05999755859375,164.33999633789062,192.24000549316406,164.38999938964844,75623.0,20329.0
2024-09-23 16:19:00+00:00,192.1300048828125,164.27000427246094,192.1300048828125,164.27000427246094,192.1300048828125,164.3498992919922,191.97000122070312,164.2550048828125,192.0800018310547,164.3498992919922,43556.0,17306.0
2024-09-23 16:20:00+00:00,192.09500122070312,164.30819702148438,192.09500122070312,164.30819702148438,192.1199951171875,164.30819702148438,192.02000427246094,164.25,192.11000061035156,164.27000427246094,35774.0,23015.0
2024-09-23 16:21:00+00:00,192.1649932861328,164.2899932861328,192.1649932861328,164.2899932861328,192.21429443359375,164.34750366210938,192.08999633789062,164.27999877929688,192.11000061035156,164.30999755859375,66657.0,15545.0
2024-09-23 16:22:00+00:00,192.27999877929688,164.3699951171875,192.27999877929688,164.3699951171875,192.2899932861328,164.3699951171875,192.13999938964844,164.2899932861328,192.17999267578125,164.3000030517578,48523.0,12502.0
2024-09-23 16:23:00+00:00,192.36380004882812,164.38499450683594,192.36380004882812,164.38499450683594,192.38999938964844,164.38999938964844,192.2404022216797,164.36000061035156,192.27000427246094,164.36500549316406,78519.0,8755.0
2024-09-23 16:24:00+00:00,192.4375,164.39999389648438,192.4375,164.39999389648438,192.4499969482422,164.4199981689453,192.32000732421875,164.38290405273438,192.37989807128906,164.3831024169922,78381.0,10568.0
2024-09-23 16:25:00+00:00,192.5800018310547,164.38229370117188,192.5800018310547,164.38229370117188,192.5800018310547,164.4084930419922,192.3800048828125,164.3699951171875,192.4499969482422,164.4084930419922,278665.0,8069.0
2024-09-23 16:26:00+00:00,192.72000122070312,164.39599609375,192.72000122070312,164.39599609375,192.77000427246094,164.4499969482422,192.55999755859375,164.38499450683594,192.5601043701172,164.38800048828125,158754.0,19594.0
2024-09-23 16:27:00+00:00,192.68499755859375,164.3800048828125,192.68499755859375,164.3800048828125,192.75250244140625,164.39999389648438,192.6614990234375,164.3699951171875,192.72000122070312,164.38999938964844,97994.0,23460.0
2024-09-23 16:28:00+00:00,192.7100067138672,164.30999755859375,192.7100067138672,164.30999755859375,192.75,164.3800048828125,192.6300048828125,164.3000030517578,192.68299865722656,164.3699951171875,105831.0,29543.0
2024-09-23 16:29:00+00:00,192.80999755859375,164.25,192.80999755859375,164.25,192.8699951171875,164.29859924316406,192.67999267578125,164.22999572753906,192.7299041748047,164.2899932861328,78949.0,26030.0
2024-09-23 16:30:00+00:00,192.9199981689453,164.30999755859375,192.9199981689453,164.30999755859375,192.99000549316406,164.35000610351562,192.8000030517578,164.2700958251953,192.80999755859375,164.2700958251953,115295.0,16196.0
2024-09-23 16:31:00+00:00,192.97999572753906,164.32000732421875,192.97999572753906,164.32000732421875,192.99000549316406,164.33999633789062,192.86000061035156,164.30999755859375,192.90350341796875,164.30999755859375,73467.0,8771.0
2024-09-23 16:32:00+00:00,192.97000122070312,164.24000549316406,192.97000122070312,164.24000549316406,193.0800018310547,164.33999633789062,192.94000244140625,164.24000549316406,192.98989868164062,164.3350067138672,302534.0,9283.0
2024-09-23 16:33:00+00:00,193.0399932861328,164.25999450683594,193.0399932861328,164.25999450683594,193.05999755859375,164.27830505371094,192.89999389648438,164.22000122070312,193.0,164.25,136698.0,12700.0
2024-09-23 16:34:00+00:00,193.2198944091797,164.30999755859375,193.2198944091797,164.30999755859375,193.2299041748047,164.3300018310547,193.00999450683594,164.25,193.03250122070312,164.25,162981.0,7730.0
2024-09-23 16:35:00+00:00,192.9550018310547,164.1999969482422,192.9550018310547,164.1999969482422,193.24989318847656,164.32000732421875,192.91009521484375,164.1999969482422,193.22540283203125,164.31500244140625,169579.0,18018.0
2024-09-23 16:36:00+00:00,192.94000244140625,164.25,192.94000244140625,164.25,193.11000061035156,164.30999755859375,192.94000244140625,164.17999267578125,192.9600067138672,164.1999969482422,59857.0,34923.0
2024-09-23 16:37:00+00:00,192.83009338378906,164.19000244140625,192.83009338378906,164.19000244140625,192.97000122070312,164.22999572753906,192.8000030517578,164.14999389648438,192.91000366210938,164.2100067138672,66246.0,28599.0
2024-09-23 16:38:00+00:00,192.97999572753906,164.1699981689453,192.97999572753906,164.1699981689453,192.97999572753906,164.17999267578125,192.72900390625,164.10000610351562,192.8249969482422,164.17999267578125,102966.0,37368.0
2024-09-23 16:39:00+00:00,192.92010498046875,164.17999267578125,192.92010498046875,164.17999267578125,193.00950622558594,164.22000122070312,192.9199981689453,164.14999389648438,192.99000549316406,164.1898956298828,29864.0,15915.0
2024-09-23 16:40:00+00:00,192.98500061035156,164.27999877929688,192.98500061035156,164.27999877929688,192.99000549316406,164.27999877929688,192.8800048828125,164.19000244140625,192.9199981689453,164.19000244140625,49034.0,16619.0
2024-09-23 16:41:00+00:00,193.0399932861328,164.3300018310547,193.0399932861328,164.3300018310547,193.05999755859375,164.33999633789062,192.89999389648438,164.25,192.97999572753906,164.2899932861328,46204.0,15619.0
2024-09-23 16:42:00+00:00,193.02999877929688,164.3699951171875,193.02999877929688,164.3699951171875,193.06500244140625,164.3699951171875,192.99000549316406,164.3300018310547,193.02000427246094,164.34500122070312,33512.0,11647.0
2024-09-23 16:43:00+00:00,192.9949951171875,164.3300018310547,192.9949951171875,164.3300018310547,193.0800018310547,164.3874969482422,192.9600067138672,164.30499267578125,193.0500030517578,164.3800048828125,29519.0,14935.0
2024-09-23 16:44:00+00:00,192.9199981689453,164.24459838867188,192.9199981689453,164.24459838867188,193.0399932861328,164.3249969482422,192.9080047607422,164.22999572753906,192.99000549316406,164.3249969482422,28066.0,13787.0
2024-09-23 16:45:00+00:00,192.88999938964844,164.2100067138672,192.88999938964844,164.2100067138672,192.9199981689453,164.26499938964844,192.6999969482422,164.12010192871094,192.91000366210938,164.25,98521.0,40831.0
2024-09-23 16:46:00+00:00,192.86000061035156,164.13999938964844,192.86000061035156,164.13999938964844,192.92999267578125,164.22000122070312,192.8000030517578,164.125,192.91000366210938,164.2100067138672,46552.0,36909.0
2024-09-23 16:47:00+00:00,192.82000732421875,164.1300048828125,192.82000732421875,164.1300048828125,192.86000061035156,164.14999389648438,192.78489685058594,164.11500549316406,192.86000061035156,164.13999938964844,57920.0,12706.0
2024-09-23 16:48:00+00:00,192.98500061035156,164.17999267578125,192.98500061035156,164.17999267578125,193.0,164.17999267578125,192.8300018310547,164.1199951171875,192.8300018310547,164.1199951171875,34614.0,16278.0
2024-09-23 16:49:00+00:00,193.02000427246094,164.22000122070312,193.02000427246094,164.22000122070312,193.06939697265625,164.25999450683594,192.9600067138672,164.17999267578125,192.99000549316406,164.17999267578125,74911.0,24934.0
2024-09-23 16:50:00+00:00,192.9600067138672,164.1999969482422,192.9600067138672,164.1999969482422,193.0897979736328,164.25999450683594,192.9499969482422,164.1999969482422,193.01499938964844,164.23500061035156,49296.0,17283.0
2024-09-23 16:51:00+00:00,192.94760131835938,164.18499755859375,192.94760131835938,164.18499755859375,192.99000549316406,164.1999969482422,192.89500427246094,164.14999389648438,192.94000244140625,164.17999267578125,28478.0,8999.0
2024-09-23 16:52:00+00:00,192.91000366210938,164.10000610351562,192.91000366210938,164.10000610351562,192.99440002441406,164.2041015625,192.86000061035156,164.08999633789062,192.97000122070312,164.19000244140625,34565.0,14090.0
2024-09-23 16:53:00+00:00,192.97000122070312,164.12950134277344,192.97000122070312,164.12950134277344,193.02000427246094,164.15499877929688,192.90719604492188,164.093994140625,192.90719604492188,164.11000061035156,36705.0,15319.0
2024-09-23 16:54:00+00:00,193.13999938964844,164.15029907226562,193.13999938964844,164.15029907226562,193.1649932861328,164.1623992919922,192.9600067138672,164.11000061035156,192.97999572753906,164.11090087890625,54100.0,7061.0
2024-09-23 16:55:00+00:00,192.99459838867188,164.06149291992188,192.99459838867188,164.06149291992188,193.14720153808594,164.14999389648438,192.97000122070312,164.02499389648438,193.14010620117188,164.14999389648438,34218.0,18255.0
2024-09-23 16:56:00+00:00,193.03500366210938,164.0399932861328,193.03500366210938,164.0399932861328,193.0500030517578,164.0800018310547,192.97999572753906,164.02000427246094,193.00999450683594,164.06919860839844,38679.0,21159.0
2024-09-23 16:57:00+00:00,193.16000366210938,164.02999877929688,193.16000366210938,164.02999877929688,193.16000366210938,164.0449981689453,193.03500366210938,164.01499938964844,193.03500366210938,164.03500366210938,40385.0,7842.0
2024-09-23 16:58:00+00:00,193.2519989013672,164.10000610351562,193.2519989013672,164.10000610351562,193.2689971923828,164.10000610351562,193.1199951171875,164.0126953125,193.14999389648438,164.02000427246094,41486.0,12608.0
2024-09-23 16:59:00+00:00,193.25100708007812,164.02999877929688,193.25100708007812,164.02999877929688,193.3199005126953,164.1199951171875,193.1999969482422,164.02999877929688,193.25,164.11000061035156,111628.0,11467.0
2024-09-23 17:00:00+00:00,192.99000549316406,163.88999938964844,192.99000549316406,163.88999938964844,193.25010681152344,164.02999877929688,192.97999572753906,163.88999938964844,193.25010681152344,164.02999877929688,52613.0,26367.0
2024-09-23 17:01:00+00:00,192.96009826660156,163.85000610351562,192.96009826660156,163.85000610351562,193.02850341796875,163.91000366210938,192.85000610351562,163.7899932861328,193.00999450683594,163.89999389648438,64732.0,29043.0
2024-09-23 17:02:00+00:00,193.0,163.8300018310547,193.0,163.8300018310547,193.05999755859375,163.86000061035156,192.97000122070312,163.82000732421875,192.9949951171875,163.84010314941406,33712.0,14103.0
2024-09-23 17:03:00+00:00,193.07000732421875,163.88999938964844,193.07000732421875,163.88999938964844,193.10989379882812,163.93800354003906,192.99000549316406,163.8249969482422,192.9906005859375,163.8249969482422,26439.0,16306.0
2024-09-23 17:04:00+00:00,193.08999633789062,163.8699951171875,193.08999633789062,163.8699951171875,193.14999389648438,163.9550018310547,193.07000732421875,163.85009765625,193.0800018310547,163.91000366210938,21551.0,15589.0
2024-09-23 17:05:00+00:00,193.1199951171875,163.85000610351562,193.1199951171875,163.85000610351562,193.1300048828125,163.86000061035156,193.07000732421875,163.8249969482422,193.07000732421875,163.86000061035156,31260.0,14531.0
2024-09-23 17:06:00+00:00,193.00999450683594,163.7899932861328,193.00999450683594,163.7899932861328,193.14990234375,163.8699951171875,193.0,163.7899932861328,193.13999938964844,163.8300018310547,33237.0,15941.0
2024-09-23 17:07:00+00:00,193.04989624023438,163.89999389648438,193.04989624023438,163.89999389648438,193.05990600585938,163.91000366210938,192.97999572753906,163.78500366210938,193.0,163.7989959716797,31932.0,16198.0
2024-09-23 17:08:00+00:00,192.97000122070312,163.86000061035156,192.97000122070312,163.86000061035156,193.05999755859375,163.88999938964844,192.9600067138672,163.83999633789062,193.0399932861328,163.88999938964844,23911.0,13339.0
2024-09-23 17:09:00+00:00,192.97500610351562,163.86000061035156,192.97500610351562,163.86000061035156,192.97500610351562,163.8800048828125,192.89999389648438,163.8300018310547,192.9550018310547,163.86500549316406,32466.0,9598.0
2024-09-23 17:10:00+00:00,192.99000549316406,163.8800048828125,192.99000549316406,163.8800048828125,193.02000427246094,163.90499877929688,192.89999389648438,163.8350067138672,193.0,163.8699951171875,35504.0,19618.0
2024-09-23 17:11:00+00:00,193.0,163.83999633789062,193.0,163.83999633789062,193.0050048828125,163.89149475097656,192.90379333496094,163.80999755859375,192.99000549316406,163.8874969482422,25718.0,10931.0
2024-09-23 17:12:00+00:00,193.0399932861328,163.7899932861328,193.0399932861328,163.7899932861328,193.0500946044922,163.8699951171875,193.0,163.7899932861328,193.00999450683594,163.86000061035156,32041.0,17159.0
2024-09-23 17:13:00+00:00,192.9949951171875,163.6999969482422,192.9949951171875,163.6999969482422,193.1199951171875,163.85000610351562,192.99000549316406,163.6999969482422,193.05149841308594,163.8000030517578,35729.0,26402.0
2024-09-23 17:14:00+00:00,192.9499969482422,163.6898956298828,192.9499969482422,163.6898956298828,193.02999877929688,163.72999572753906,192.9499969482422,163.63999938964844,192.99000549316406,163.7050018310547,28764.0,18449.0
2024-09-23 17:15:00+00:00,192.92999267578125,163.75999450683594,192.92999267578125,163.75999450683594,192.9600067138672,163.75999450683594,192.8699951171875,163.6199951171875,192.94000244140625,163.66270446777344,26599.0,26561.0
2024-09-23 17:16:00+00:00,192.9199981689453,163.6999969482422,192.9199981689453,163.6999969482422,192.97000122070312,163.78500366210938,192.84530639648438,163.67999267578125,192.9250030517578,163.75,26736.0,15906.0
2024-09-23 17:17:00+00:00,193.1649932861328,163.7899932861328,193.1649932861328,163.7899932861328,193.19000244140625,163.80999755859375,192.92999267578125,163.7100067138672,192.92999267578125,163.72000122070312,62880.0,10262.0
2024-09-23 17:18:00+00:00,193.0850067138672,163.77999877929688,193.0850067138672,163.77999877929688,193.17990112304688,163.8000030517578,193.05999755859375,163.72000122070312,193.1649932861328,163.8000030517578,33129.0,14685.0
2024-09-23 17:19:00+00:00,193.1649932861328,163.75999450683594,193.1649932861328,163.75999450683594,193.17999267578125,163.77999877929688,193.0399932861328,163.7100067138672,193.07000732421875,163.75999450683594,29077.0,18827.0
2024-09-23 17:20:00+00:00,193.2899932861328,163.77020263671875,193.2899932861328,163.77020263671875,193.29989624023438,163.7947998046875,193.16000366210938,163.75,193.1649932861328,163.75999450683594,61120.0,17388.0
2024-09-23 17:21:00+00:00,193.23500061035156,163.7899932861328,193.23500061035156,163.7899932861328,193.31619262695312,163.84800720214844,193.17990112304688,163.75,193.28500366210938,163.77000427246094,32702.0,15584.0
2024-09-23 17:22:00+00:00,193.22000122070312,163.84750366210938,193.22000122070312,163.84750366210938,193.25,163.8699951171875,193.1699981689453,163.80499267578125,193.22000122070312,163.80999755859375,42062.0,17449.0
2024-09-23 17:23:00+00:00,193.07000732421875,163.72000122070312,193.07000732421875,163.72000122070312,193.2281951904297,163.83999633789062,193.0500030517578,163.68499755859375,193.21800231933594,163.83999633789062,33390.0,18417.0
2024-09-23 17:24:00+00:00,193.0496063232422,163.6999969482422,193.0496063232422,163.6999969482422,193.11500549316406,163.74000549316406,193.02000427246094,163.6999969482422,193.07000732421875,163.71499633789062,23528.0,16033.0
2024-09-23 17:25:00+00:00,192.99000549316406,163.64999389648438,192.99000549316406,163.64999389648438,193.0500030517578,163.72000122070312,192.9499969482422,163.63999938964844,193.0323944091797,163.69000244140625,31874.0,22152.0
2024-09-23 17:26:00+00:00,192.9199981689453,163.66000366210938,192.9199981689453,163.66000366210938,192.97000122070312,163.66000366210938,192.86000061035156,163.57000732421875,192.97000122070312,163.66000366210938,28393.0,21473.0
2024-09-23 17:27:00+00:00,192.85000610351562,163.6649932861328,192.85000610351562,163.6649932861328,192.93499755859375,163.67990112304688,192.85000610351562,163.6199951171875,192.90499877929688,163.64869689941406,36324.0,10287.0
2024-09-23 17:28:00+00:00,192.83999633789062,163.6300048828125,192.83999633789062,163.6300048828125,192.89999389648438,163.66400146484375,192.77000427246094,163.6199951171875,192.85000610351562,163.66400146484375,29047.0,13537.0
2024-09-23 17:29:00+00:00,192.83999633789062,163.6699981689453,192.83999633789062,163.6699981689453,192.8699951171875,163.69000244140625,192.81500244140625,163.6199951171875,192.82879638671875,163.6199951171875,33749.0,12263.0
2024-09-23 17:30:00+00:00,192.85000610351562,163.6999969482422,192.85000610351562,163.6999969482422,192.8800048828125,163.74000549316406,192.80999755859375,163.67999267578125,192.8300018310547,163.67999267578125,37329.0,14226.0
2024-09-23 17:31:00+00:00,192.80999755859375,163.7198944091797,192.80999755859375,163.7198944091797,192.843505859375,163.73989868164062,192.75010681152344,163.6750030517578,192.843505859375,163.67999267578125,31837.0,6238.0
2024-09-23 17:32:00+00:00,192.8699951171875,163.77020263671875,192.8699951171875,163.77020263671875,192.88999938964844,163.77999877929688,192.79010009765625,163.7100067138672,192.79010009765625,163.71499633789062,24913.0,10437.0
2024-09-23 17:33:00+00:00,192.9199981689453,163.91000366210938,192.9199981689453,163.91000366210938,192.92999267578125,163.91000366210938,192.8699951171875,163.7899932861328,192.8699951171875,163.7899932861328,20238.0,10194.0
2024-09-23 17:34:00+00:00,192.9600067138672,163.9149932861328,192.9600067138672,163.9149932861328,192.968994140625,163.97999572753906,192.91000366210938,163.889892578125,192.91009521484375,163.90460205078125,23685.0,25696.0
2024-09-23 17:35:00+00:00,192.85000610351562,163.86000061035156,192.85000610351562,163.86000061035156,193.0198974609375,163.92999267578125,192.85000610351562,163.86000061035156,192.9600067138672,163.92999267578125,95065.0,17470.0
2024-09-23 17:36:00+00:00,192.74000549316406,163.77000427246094,192.74000549316406,163.77000427246094,192.9199981689453,163.8699951171875,192.72000122070312,163.77000427246094,192.8800048828125,163.86500549316406,45291.0,16110.0
2024-09-23 17:37:00+00:00,192.7899932861328,163.88999938964844,192.7899932861328,163.88999938964844,192.80999755859375,163.9123992919922,192.6020050048828,163.72000122070312,192.72500610351562,163.72999572753906,50595.0,10906.0
2024-09-23 17:39:00+00:00,192.77000427246094,163.86000061035156,192.77000427246094,163.86000061035156,192.77000427246094,163.9199981689453,192.72999572753906,163.83999633789062,192.72999572753906,163.9199981689453,49173.0,24879.0
2024-09-23 17:40:00+00:00,192.9149932861328,163.88499450683594,192.9149932861328,163.88499450683594,192.9250030517578,163.92999267578125,192.77499389648438,163.8350067138672,192.77999877929688,163.83999633789062,36345.0,12042.0
2024-09-23 17:41:00+00:00,192.82000732421875,163.91000366210938,192.82000732421875,163.91000366210938,192.9600067138672,163.94000244140625,192.80999755859375,163.89999389648438,192.9199981689453,163.89999389648438,26252.0,13089.0
2024-09-23 17:42:00+00:00,192.81500244140625,163.91000366210938,192.81500244140625,163.91000366210938,192.84500122070312,163.92999267578125,192.7899932861328,163.89999389648438,192.82000732421875,163.9199981689453,17294.0,7877.0
2024-09-23 17:43:00+00:00,192.77000427246094,163.92999267578125,192.77000427246094,163.92999267578125,192.8300018310547,163.92999267578125,192.75999450683594,163.89999389648438,192.81199645996094,163.91000366210938,23459.0,24276.0
2024-09-23 17:44:00+00:00,192.7100067138672,163.89999389648438,192.7100067138672,163.89999389648438,192.7899932861328,163.94000244140625,192.6959991455078,163.88999938964844,192.77000427246094,163.9199981689453,16270.0,18201.0
2024-09-23 17:45:00+00:00,192.74000549316406,163.91000366210938,192.74000549316406,163.91000366210938,192.75,163.94000244140625,192.69500732421875,163.90899658203125,192.7050018310547,163.91000366210938,19876.0,11668.0
2024-09-23 17:46:00+00:00,192.8000030517578,163.97500610351562,192.8000030517578,163.97500610351562,192.8000030517578,163.97500610351562,192.714599609375,163.89999389648438,192.74000549316406,163.91000366210938,26631.0,9810.0
2024-09-23 17:47:00+00:00,192.8300018310547,163.99000549316406,192.8300018310547,163.99000549316406,192.8699951171875,164.02999877929688,192.8000030517578,163.97999572753906,192.8000030517578,163.97999572753906,17569.0,25149.0
2024-09-23 17:48:00+00:00,192.87989807128906,164.01499938964844,192.87989807128906,164.01499938964844,192.9149932861328,164.05499267578125,192.79029846191406,163.9875946044922,192.82000732421875,163.9875946044922,27422.0,12777.0
2024-09-23 17:49:00+00:00,192.8300018310547,163.99000549316406,192.8300018310547,163.99000549316406,192.8800048828125,164.00999450683594,192.82000732421875,163.96499633789062,192.85499572753906,164.00999450683594,21193.0,11247.0
2024-09-23 17:50:00+00:00,192.97999572753906,164.05999755859375,192.97999572753906,164.05999755859375,192.99000549316406,164.07000732421875,192.8300018310547,163.99009704589844,192.8300018310547,164.00999450683594,24940.0,15198.0
2024-09-23 17:51:00+00:00,192.9058074951172,164.05999755859375,192.9058074951172,164.05999755859375,192.97999572753906,164.1199951171875,192.89500427246094,164.0500946044922,192.9698944091797,164.05690002441406,22998.0,12871.0
2024-09-23 17:52:00+00:00,192.8699951171875,164.16000366210938,192.8699951171875,164.16000366210938,192.97000122070312,164.16000366210938,192.83999633789062,164.07000732421875,192.89010620117188,164.07000732421875,22714.0,14062.0
2024-09-23 17:53:00+00:00,192.9199981689453,164.16000366210938,192.9199981689453,164.16000366210938,192.9199981689453,164.1699981689453,192.86000061035156,164.1300048828125,192.8699951171875,164.16000366210938,19105.0,10077.0
2024-09-23 17:54:00+00:00,193.02000427246094,164.24000549316406,193.02000427246094,164.24000549316406,193.02000427246094,164.24000549316406,192.92599487304688,164.1300048828125,192.92599487304688,164.1699981689453,41787.0,78781.0
2024-09-23 17:55:00+00:00,193.07000732421875,164.2899932861328,193.07000732421875,164.2899932861328,193.0800018310547,164.2949981689453,193.0,164.2100067138672,193.0050048828125,164.24000549316406,36173.0,45995.0
2024-09-23 17:56:00+00:00,193.0800018310547,164.16000366210938,193.0800018310547,164.16000366210938,193.16000366210938,164.30999755859375,193.06500244140625,164.16000366210938,193.08990478515625,164.27999877929688,31078.0,22215.0
2024-09-23 17:57:00+00:00,193.1300048828125,164.17999267578125,193.1300048828125,164.17999267578125,193.19000244140625,164.2100067138672,193.0800018310547,164.1699981689453,193.0998992919922,164.1699981689453,26116.0,11628.0
2024-09-23 17:58:00+00:00,193.0,164.18499755859375,193.0,164.18499755859375,193.16000366210938,164.22000122070312,193.0,164.18499755859375,193.13999938964844,164.1999969482422,39176.0,7243.0
2024-09-23 17:59:00+00:00,192.94000244140625,164.19000244140625,192.94000244140625,164.19000244140625,193.02999877929688,164.22000122070312,192.9199981689453,164.17999267578125,193.0,164.17999267578125,23701.0,15374.0
2024-09-23 18:00:00+00:00,192.960205078125,164.2490997314453,192.960205078125,164.2490997314453,193.07940673828125,164.26499938964844,192.92999267578125,164.18499755859375,192.92999267578125,164.18499755859375,29214.0,15332.0
2024-09-23 18:01:00+00:00,192.97000122070312,164.2899932861328,192.97000122070312,164.2899932861328,193.02000427246094,164.2949981689453,192.9499969482422,164.2100067138672,192.97999572753906,164.22999572753906,18777.0,42554.0
2024-09-23 18:02:00+00:00,193.0399932861328,164.1999969482422,193.0399932861328,164.1999969482422,193.05999755859375,164.3000030517578,192.9600067138672,164.1970977783203,192.99000549316406,164.3000030517578,37412.0,11737.0
2024-09-23 18:03:00+00:00,193.02000427246094,164.22000122070312,193.02000427246094,164.22000122070312,193.0998992919922,164.24000549316406,193.00999450683594,164.19000244140625,193.0500030517578,164.2100067138672,26673.0,67647.0
2024-09-23 18:04:00+00:00,193.01280212402344,164.2100067138672,193.01280212402344,164.2100067138672,193.0399932861328,164.22999572753906,192.97999572753906,164.2100067138672,193.01499938964844,164.22430419921875,31450.0,9185.0
2024-09-23 18:05:00+00:00,193.0,164.22999572753906,193.0,164.22999572753906,193.02000427246094,164.22999572753906,192.92999267578125,164.1699981689453,193.00999450683594,164.2100067138672,38350.0,23691.0
2024-09-23 18:06:00+00:00,193.07150268554688,164.27499389648438,193.07150268554688,164.27499389648438,193.09730529785156,164.27499389648438,192.97999572753906,164.1999969482422,193.00999450683594,164.22999572753906,48169.0,14247.0
2024-09-23 18:07:00+00:00,193.17010498046875,164.27499389648438,193.17010498046875,164.27499389648438,193.17999267578125,164.2949981689453,193.07000732421875,164.24000549316406,193.07000732421875,164.2799072265625,39828.0,20957.0
2024-09-23 18:08:00+00:00,193.1999969482422,164.23500061035156,193.1999969482422,164.23500061035156,193.27000427246094,164.28500366210938,193.17999267578125,164.23500061035156,193.17999267578125,164.27999877929688,68691.0,11256.0
2024-09-23 18:09:00+00:00,193.27999877929688,164.2100067138672,193.27999877929688,164.2100067138672,193.30499267578125,164.25,193.22999572753906,164.19000244140625,193.24000549316406,164.24000549316406,40908.0,14235.0
2024-09-23 18:10:00+00:00,193.3699951171875,164.1699981689453,193.3699951171875,164.1699981689453,193.3800048828125,164.22500610351562,193.27499389648438,164.16000366210938,193.3000030517578,164.2100067138672,67686.0,8992.0
2024-09-23 18:11:00+00:00,193.41000366210938,164.1199951171875,193.41000366210938,164.1199951171875,193.47000122070312,164.19110107421875,193.360107421875,164.1199951171875,193.377197265625,164.1750030517578,139172.0,14172.0
2024-09-23 18:12:00+00:00,193.4248046875,164.1125946044922,193.4248046875,164.1125946044922,193.45989990234375,164.1300048828125,193.39999389648438,164.10499572753906,193.39999389648438,164.10499572753906,35116.0,10846.0
2024-09-23 18:13:00+00:00,193.4199981689453,164.0399932861328,193.4199981689453,164.0399932861328,193.49000549316406,164.11880493164062,193.36729431152344,164.0399932861328,193.4499969482422,164.11500549316406,61870.0,16749.0
2024-09-23 18:14:00+00:00,193.46800231933594,164.0500030517578,193.46800231933594,164.0500030517578,193.47999572753906,164.0699005126953,193.42010498046875,164.03500366210938,193.42999267578125,164.04139709472656,36031.0,21418.0
2024-09-23 18:15:00+00:00,193.4365997314453,164.03500366210938,193.4365997314453,164.03500366210938,193.49000549316406,164.05990600585938,193.39999389648438,164.02999877929688,193.46499633789062,164.03269958496094,60801.0,9797.0
2024-09-23 18:16:00+00:00,193.3699951171875,164.02000427246094,193.3699951171875,164.02000427246094,193.49000549316406,164.07000732421875,193.3300018310547,164.02000427246094,193.4499969482422,164.02999877929688,42379.0,10907.0
2024-09-23 18:17:00+00:00,193.39999389648438,163.99000549316406,193.39999389648438,163.99000549316406,193.47000122070312,164.02999877929688,193.35000610351562,163.99000549316406,193.3699951171875,164.02000427246094,95230.0,12141.0
2024-09-23 18:18:00+00:00,193.5399932861328,163.97500610351562,193.5399932861328,163.97500610351562,193.5399932861328,164.0,193.3699951171875,163.94500732421875,193.3800048828125,163.97000122070312,87180.0,7271.0
2024-09-23 18:19:00+00:00,193.5399932861328,163.92999267578125,193.5399932861328,163.92999267578125,193.58999633789062,163.98500061035156,193.4906005859375,163.9199981689453,193.5399932861328,163.98500061035156,53702.0,12151.0
2024-09-23 18:20:00+00:00,193.5572052001953,163.91000366210938,193.5572052001953,163.91000366210938,193.58560180664062,163.9600067138672,193.52000427246094,163.91000366210938,193.57000732421875,163.92999267578125,38726.0,8532.0
2024-09-23 18:21:00+00:00,193.52499389648438,163.9600067138672,193.52499389648438,163.9600067138672,193.55999755859375,163.97000122070312,193.4949951171875,163.88999938964844,193.55999755859375,163.91000366210938,27358.0,291736.0
2024-09-23 18:22:00+00:00,193.5800018310547,164.05999755859375,193.5800018310547,164.05999755859375,193.60000610351562,164.05999755859375,193.52499389648438,163.97000122070312,193.52499389648438,163.9799041748047,46925.0,18584.0
2024-09-23 18:23:00+00:00,193.53250122070312,164.06500244140625,193.53250122070312,164.06500244140625,193.60000610351562,164.10000610351562,193.52999877929688,164.05499267578125,193.57220458984375,164.05499267578125,36934.0,10553.0
2024-09-23 18:24:00+00:00,193.5,164.02200317382812,193.5,164.02200317382812,193.5998992919922,164.06329345703125,193.5,164.00999450683594,193.53399658203125,164.05999755859375,26755.0,19122.0
2024-09-23 18:25:00+00:00,193.47999572753906,163.96200561523438,193.47999572753906,163.96200561523438,193.55999755859375,164.03089904785156,193.47000122070312,163.9613037109375,193.50999450683594,164.02499389648438,26360.0,11760.0
2024-09-23 18:26:00+00:00,193.37930297851562,163.9199981689453,193.37930297851562,163.9199981689453,193.48629760742188,163.9499969482422,193.25999450683594,163.85000610351562,193.47999572753906,163.9499969482422,54137.0,14912.0
2024-09-23 18:27:00+00:00,193.3800048828125,163.9499969482422,193.3800048828125,163.9499969482422,193.41000366210938,163.95570373535156,193.3220977783203,163.9290008544922,193.3800048828125,163.9290008544922,30861.0,9655.0
2024-09-23 18:28:00+00:00,193.34759521484375,163.94000244140625,193.34759521484375,163.94000244140625,193.39999389648438,163.97610473632812,193.33999633789062,163.93499755859375,193.3800048828125,163.9499969482422,31449.0,6884.0
2024-09-23 18:29:00+00:00,193.27999877929688,163.91000366210938,193.27999877929688,163.91000366210938,193.3800048828125,163.9687957763672,193.27499389648438,163.91000366210938,193.36000061035156,163.95010375976562,48954.0,16604.0
2024-09-23 18:30:00+00:00,193.35000610351562,163.9499969482422,193.35000610351562,163.9499969482422,193.35000610351562,163.9600067138672,193.24000549316406,163.91000366210938,193.2899932861328,163.91000366210938,38697.0,11773.0
2024-09-23 18:31:00+00:00,193.19430541992188,163.90170288085938,193.19430541992188,163.90170288085938,193.33990478515625,163.93499755859375,193.17999267578125,163.88999938964844,193.3300018310547,163.92999267578125,42818.0,7064.0
2024-09-23 18:32:00+00:00,193.21499633789062,163.8699951171875,193.21499633789062,163.8699951171875,193.22999572753906,163.94000244140625,193.10000610351562,163.8699951171875,193.1999969482422,163.91000366210938,48704.0,8973.0
2024-09-23 18:33:00+00:00,193.2200927734375,163.889892578125,193.2200927734375,163.889892578125,193.25999450683594,163.88999938964844,193.17999267578125,163.86309814453125,193.21499633789062,163.8699951171875,49766.0,13686.0
2024-09-23 18:34:00+00:00,193.18099975585938,163.8800048828125,193.18099975585938,163.8800048828125,193.30990600585938,163.94000244140625,193.16000366210938,163.8800048828125,193.25,163.88999938964844,30737.0,11337.0
2024-09-23 18:35:00+00:00,193.22000122070312,163.8699951171875,193.22000122070312,163.8699951171875,193.24000549316406,163.89999389648438,193.16000366210938,163.85499572753906,193.1898956298828,163.8800048828125,34754.0,9352.0
2024-09-23 18:36:00+00:00,193.2949981689453,163.8800048828125,193.2949981689453,163.8800048828125,193.32000732421875,163.90499877929688,193.2100067138672,163.8699951171875,193.22000122070312,163.8773956298828,40215.0,8103.0
2024-09-23 18:37:00+00:00,193.356201171875,163.875,193.356201171875,163.875,193.356201171875,163.88999938964844,193.2624053955078,163.86000061035156,193.29010009765625,163.8699951171875,28873.0,7221.0
2024-09-23 18:38:00+00:00,193.38499450683594,163.9250030517578,193.38499450683594,163.9250030517578,193.4550018310547,163.9250030517578,193.34500122070312,163.8800048828125,193.35499572753906,163.8800048828125,46946.0,12482.0
2024-09-23 18:39:00+00:00,193.4127960205078,163.86000061035156,193.4127960205078,163.86000061035156,193.44000244140625,163.9199981689453,193.33999633789062,163.86000061035156,193.38999938964844,163.9199981689453,60685.0,14477.0
2024-09-23 18:40:00+00:00,193.55999755859375,163.89999389648438,193.55999755859375,163.89999389648438,193.56500244140625,163.89999389648438,193.42999267578125,163.83999633789062,193.42999267578125,163.85009765625,46699.0,11080.0
2024-09-23 18:41:00+00:00,193.47999572753906,163.86500549316406,193.47999572753906,163.86500549316406,193.5850067138672,163.89999389648438,193.47000122070312,163.86000061035156,193.5800018310547,163.89999389648438,57496.0,10148.0
2024-09-23 18:42:00+00:00,193.60000610351562,163.89999389648438,193.60000610351562,163.89999389648438,193.6300048828125,163.91000366210938,193.44000244140625,163.86500549316406,193.47999572753906,163.86500549316406,53349.0,17789.0
2024-09-23 18:43:00+00:00,193.53990173339844,163.85000610351562,193.53990173339844,163.85000610351562,193.58999633789062,163.89999389648438,193.47019958496094,163.84500122070312,193.57000732421875,163.89999389648438,212711.0,12804.0
2024-09-23 18:44:00+00:00,193.5,163.8800048828125,193.5,163.8800048828125,193.55999755859375,163.88999938964844,193.47999572753906,163.83999633789062,193.5399932861328,163.83999633789062,38700.0,13922.0
2024-09-23 18:45:00+00:00,193.5404052734375,163.87600708007812,193.5404052734375,163.87600708007812,193.61000061035156,163.8800048828125,193.47000122070312,163.84500122070312,193.50999450683594,163.8800048828125,82297.0,14747.0
2024-09-23 18:46:00+00:00,193.60000610351562,163.88999938964844,193.60000610351562,163.88999938964844,193.6699981689453,163.91000366210938,193.5500030517578,163.8699951171875,193.57000732421875,163.88999938964844,80018.0,20064.0
2024-09-23 18:47:00+00:00,193.75999450683594,163.8699951171875,193.75999450683594,163.8699951171875,193.75999450683594,163.91600036621094,193.61000061035156,163.85499572753906,193.61000061035156,163.89999389648438,123319.0,19551.0
2024-09-23 18:48:00+00:00,193.83999633789062,163.8800048828125,193.83999633789062,163.8800048828125,193.83999633789062,163.90199279785156,193.68499755859375,163.83999633789062,193.75,163.86000061035156,93607.0,9771.0
2024-09-23 18:49:00+00:00,193.77000427246094,163.97000122070312,193.77000427246094,163.97000122070312,193.9199981689453,163.99000549316406,193.72999572753906,163.88999938964844,193.8280029296875,163.88999938964844,124243.0,11847.0
2024-09-23 18:50:00+00:00,193.85000610351562,163.99000549316406,193.85000610351562,163.99000549316406,193.89999389648438,164.02000427246094,193.76499938964844,163.97999572753906,193.7899932861328,163.99000549316406,166391.0,25225.0
2024-09-23 18:51:00+00:00,193.86929321289062,163.97999572753906,193.86929321289062,163.97999572753906,193.9199981689453,164.0,193.8000030517578,163.94009399414062,193.86000061035156,163.99000549316406,216939.0,19707.0
2024-09-23 18:52:00+00:00,193.92999267578125,163.95640563964844,193.92999267578125,163.95640563964844,193.99000549316406,164.0,193.86000061035156,163.95050048828125,193.8699951171875,163.9949951171875,171522.0,15672.0
2024-09-23 18:53:00+00:00,193.9499969482422,163.9550018310547,193.9499969482422,163.9550018310547,193.9600067138672,163.97000122070312,193.843994140625,163.94000244140625,193.94000244140625,163.97000122070312,44819.0,11262.0
2024-09-23 18:54:00+00:00,194.00999450683594,163.99000549316406,194.00999450683594,163.99000549316406,194.05999755859375,164.0,193.9499969482422,163.9550018310547,193.96859741210938,163.96499633789062,199679.0,15315.0
2024-09-23 18:55:00+00:00,193.9508056640625,163.9499969482422,193.9508056640625,163.9499969482422,194.05999755859375,163.97999572753906,193.9300994873047,163.9199981689453,194.02999877929688,163.97999572753906,77377.0,15157.0
2024-09-23 18:56:00+00:00,194.10009765625,164.0,194.10009765625,164.0,194.11000061035156,164.0,193.97000122070312,163.9499969482422,193.97000122070312,163.9499969482422,79449.0,22021.0
2024-09-23 18:57:00+00:00,194.21339416503906,163.97999572753906,194.21339416503906,163.97999572753906,194.2895050048828,164.00999450683594,194.10499572753906,163.97000122070312,194.10499572753906,164.0,121003.0,21601.0
2024-09-23 18:58:00+00:00,194.1300048828125,163.97500610351562,194.1300048828125,163.97500610351562,194.22000122070312,163.97999572753906,194.110107421875,163.9340057373047,194.22000122070312,163.9600067138672,63541.0,18430.0
2024-09-23 18:59:00+00:00,194.03309631347656,163.98500061035156,194.03309631347656,163.98500061035156,194.11000061035156,163.9886932373047,193.9949951171875,163.9499969482422,194.11000061035156,163.97000122070312,65726.0,10929.0
2024-09-23 19:00:00+00:00,194.00999450683594,164.02000427246094,194.00999450683594,164.02000427246094,194.11000061035156,164.05999755859375,193.97999572753906,163.97000122070312,194.00999450683594,163.97999572753906,78790.0,24816.0
2024-09-23 19:01:00+00:00,194.0800018310547,163.98199462890625,194.0800018310547,163.98199462890625,194.13999938964844,164.0399932861328,194.0,163.9738006591797,194.07000732421875,164.02999877929688,65198.0,16160.0
2024-09-23 19:02:00+00:00,194.10000610351562,164.0,194.10000610351562,164.0,194.13999938964844,164.00999450683594,194.07000732421875,163.9499969482422,194.0800018310547,163.97999572753906,38800.0,42995.0
2024-09-23 19:03:00+00:00,194.14999389648438,164.0,194.14999389648438,164.0,194.19000244140625,164.00999450683594,194.08200073242188,163.98500061035156,194.09500122070312,164.0,41818.0,33726.0
2024-09-23 19:04:00+00:00,194.10000610351562,164.02000427246094,194.10000610351562,164.02000427246094,194.19000244140625,164.02000427246094,194.0800018310547,164.0,194.15109252929688,164.0,78252.0,7722.0
2024-09-23 19:05:00+00:00,194.06399536132812,164.0399932861328,194.06399536132812,164.0399932861328,194.1699981689453,164.07000732421875,194.06399536132812,164.02000427246094,194.1199951171875,164.02000427246094,44869.0,15669.0
2024-09-23 19:06:00+00:00,193.88999938964844,164.01499938964844,193.88999938964844,164.01499938964844,194.06500244140625,164.02999877929688,193.88999938964844,163.99989318847656,194.06500244140625,164.02000427246094,110686.0,19315.0
2024-09-23 19:07:00+00:00,193.9600067138672,163.97500610351562,193.9600067138672,163.97500610351562,193.97999572753906,164.0,193.8800048828125,163.96499633789062,193.89999389648438,164.0,128768.0,18049.0
2024-09-23 19:08:00+00:00,193.91000366210938,163.91000366210938,193.91000366210938,163.91000366210938,193.97999572753906,163.97999572753906,193.91000366210938,163.91000366210938,193.9499969482422,163.97999572753906,33708.0,13947.0
2024-09-23 19:09:00+00:00,193.86000061035156,163.88999938964844,193.86000061035156,163.88999938964844,193.94000244140625,163.9250030517578,193.80039978027344,163.86000061035156,193.91000366210938,163.90499877929688,79166.0,21531.0
2024-09-23 19:10:00+00:00,193.84500122070312,163.8800048828125,193.84500122070312,163.8800048828125,193.88999938964844,163.88999938964844,193.80999755859375,163.8468017578125,193.84530639648438,163.8802032470703,42147.0,16458.0
2024-09-23 19:11:00+00:00,193.935302734375,163.8699951171875,193.935302734375,163.8699951171875,193.9600067138672,163.9084930419922,193.82269287109375,163.86000061035156,193.85000610351562,163.88999938964844,66917.0,13660.0
2024-09-23 19:12:00+00:00,194.05760192871094,163.82229614257812,194.05760192871094,163.82229614257812,194.05760192871094,163.86500549316406,193.83999633789062,163.77999877929688,193.9398956298828,163.86500549316406,85294.0,26928.0
2024-09-23 19:13:00+00:00,194.0800018310547,163.87379455566406,194.0800018310547,163.87379455566406,194.10000610351562,163.88499450683594,194.00999450683594,163.8249969482422,194.05999755859375,163.82989501953125,61338.0,9091.0
2024-09-23 19:14:00+00:00,193.9149932861328,163.85499572753906,193.9149932861328,163.85499572753906,193.92999267578125,163.86000061035156,193.91000366210938,163.843994140625,193.92999267578125,163.86000061035156,35600.0,12021.0
2024-09-23 19:15:00+00:00,194.19000244140625,163.8699951171875,194.19000244140625,163.8699951171875,194.2100067138672,163.8800048828125,193.91000366210938,163.77000427246094,193.9149932861328,163.85499572753906,163289.0,25194.0
2024-09-23 19:16:00+00:00,194.1300048828125,163.93499755859375,194.1300048828125,163.93499755859375,194.1999969482422,163.97000122070312,194.07000732421875,163.8800048828125,194.1699981689453,163.8800048828125,91495.0,22042.0
2024-09-23 19:17:00+00:00,194.10009765625,163.9550018310547,194.10009765625,163.9550018310547,194.17999267578125,163.97999572753906,194.07000732421875,163.93499755859375,194.1300048828125,163.93499755859375,61387.0,9775.0
2024-09-23 19:18:00+00:00,194.14999389648438,163.9550018310547,194.14999389648438,163.9550018310547,194.18600463867188,163.97999572753906,194.0800018310547,163.92999267578125,194.1300048828125,163.9550018310547,35505.0,23152.0
2024-09-23 19:19:00+00:00,194.2100067138672,163.9781036376953,194.2100067138672,163.9781036376953,194.25,163.98989868164062,194.14999389648438,163.94000244140625,194.14999389648438,163.9499969482422,70762.0,19855.0
2024-09-23 19:20:00+00:00,194.11000061035156,163.9199981689453,194.11000061035156,163.9199981689453,194.27999877929688,163.99000549316406,194.05740356445312,163.9199981689453,194.2100067138672,163.97500610351562,108761.0,16350.0
2024-09-23 19:21:00+00:00,194.07000732421875,163.8699951171875,194.07000732421875,163.8699951171875,194.11500549316406,163.91000366210938,194.02999877929688,163.83999633789062,194.1020050048828,163.91000366210938,59884.0,16948.0
2024-09-23 19:22:00+00:00,194.09500122070312,163.8988037109375,194.09500122070312,163.8988037109375,194.1199951171875,163.8988037109375,194.05999755859375,163.85499572753906,194.08999633789062,163.8699951171875,51410.0,11590.0
2024-09-23 19:23:00+00:00,193.9600067138672,163.85499572753906,193.9600067138672,163.85499572753906,194.11000061035156,163.89999389648438,193.9600067138672,163.85499572753906,194.11000061035156,163.89999389648438,43141.0,25945.0
2024-09-23 19:24:00+00:00,193.91690063476562,163.8000030517578,193.91690063476562,163.8000030517578,194.0,163.86000061035156,193.91690063476562,163.7899932861328,193.97000122070312,163.86000061035156,44742.0,28354.0
2024-09-23 19:25:00+00:00,193.8715057373047,163.8249969482422,193.8715057373047,163.8249969482422,193.9499969482422,163.83250427246094,193.8000030517578,163.7949981689453,193.91000366210938,163.79820251464844,56409.0,13787.0
2024-09-23 19:26:00+00:00,193.85000610351562,163.8000030517578,193.85000610351562,163.8000030517578,193.89500427246094,163.8699951171875,193.83999633789062,163.8000030517578,193.875,163.82000732421875,36185.0,15889.0
2024-09-23 19:27:00+00:00,193.89999389648438,163.7698974609375,193.89999389648438,163.7698974609375,193.91000366210938,163.80999755859375,193.82000732421875,163.75059509277344,193.84500122070312,163.7899932861328,50847.0,16511.0
2024-09-23 19:28:00+00:00,193.89500427246094,163.74000549316406,193.89500427246094,163.74000549316406,193.92999267578125,163.7799072265625,193.86500549316406,163.72999572753906,193.9073944091797,163.7593994140625,39989.0,15154.0
2024-09-23 19:29:00+00:00,193.875,163.74400329589844,193.875,163.74400329589844,193.89999389648438,163.7449951171875,193.8300018310547,163.72000122070312,193.88999938964844,163.72999572753906,49582.0,16799.0
2024-09-23 19:30:00+00:00,193.69500732421875,163.66000366210938,193.69500732421875,163.66000366210938,193.875,163.7550048828125,193.64999389648438,163.6199951171875,193.875,163.75,95109.0,39487.0
2024-09-23 19:31:00+00:00,193.69000244140625,163.63999938964844,193.69000244140625,163.63999938964844,193.7281951904297,163.68499755859375,193.66000366210938,163.6300048828125,193.69000244140625,163.6699981689453,53448.0,31148.0
2024-09-23 19:32:00+00:00,193.8699951171875,163.625,193.8699951171875,163.625,193.92999267578125,163.65499877929688,193.69009399414062,163.6199951171875,193.6999969482422,163.63999938964844,80889.0,19205.0
2024-09-23 19:33:00+00:00,193.88499450683594,163.625,193.88499450683594,163.625,193.88999938964844,163.64500427246094,193.77000427246094,163.61000061035156,193.83999633789062,163.6199951171875,47581.0,23560.0
2024-09-23 19:34:00+00:00,193.98500061035156,163.6300048828125,193.98500061035156,163.6300048828125,194.00999450683594,163.63999938964844,193.86000061035156,163.58999633789062,193.8699951171875,163.6300048828125,60416.0,42762.0
2024-09-23 19:35:00+00:00,193.9499969482422,163.59500122070312,193.9499969482422,163.59500122070312,194.02000427246094,163.6374053955078,193.92430114746094,163.5802001953125,193.97500610351562,163.61500549316406,55527.0,29017.0
2024-09-23 19:36:00+00:00,193.88999938964844,163.5399932861328,193.88999938964844,163.5399932861328,193.93499755859375,163.58999633789062,193.8300018310547,163.5399932861328,193.93499755859375,163.58999633789062,47989.0,25487.0
2024-09-23 19:37:00+00:00,193.89999389648438,163.59500122070312,193.89999389648438,163.59500122070312,193.92999267578125,163.60769653320312,193.86000061035156,163.51499938964844,193.8699951171875,163.5500030517578,40817.0,27884.0
2024-09-23 19:38:00+00:00,193.8699951171875,163.63619995117188,193.8699951171875,163.63619995117188,193.89500427246094,163.63999938964844,193.77029418945312,163.564697265625,193.89500427246094,163.58999633789062,62746.0,26497.0
2024-09-23 19:39:00+00:00,193.86500549316406,163.6750030517578,193.86500549316406,163.6750030517578,193.88890075683594,163.6750030517578,193.81170654296875,163.61500549316406,193.85000610351562,163.6300048828125,40127.0,20393.0
2024-09-23 19:40:00+00:00,193.83999633789062,163.6750030517578,193.83999633789062,163.6750030517578,193.87989807128906,163.6999969482422,193.77999877929688,163.6300048828125,193.85499572753906,163.67999267578125,73424.0,34061.0
2024-09-23 19:41:00+00:00,193.75,163.5850067138672,193.75,163.5850067138672,193.8350067138672,163.6898956298828,193.72999572753906,163.5699005126953,193.8300018310547,163.6898956298828,47467.0,29178.0
2024-09-23 19:42:00+00:00,193.7100067138672,163.60000610351562,193.7100067138672,163.60000610351562,193.7989044189453,163.6300048828125,193.6699981689453,163.5749969482422,193.75,163.58999633789062,84132.0,18024.0
2024-09-23 19:43:00+00:00,193.67999267578125,163.60159301757812,193.67999267578125,163.60159301757812,193.7100067138672,163.6199951171875,193.64999389648438,163.58999633789062,193.68499755859375,163.61000061035156,54692.0,18391.0
2024-09-23 19:44:00+00:00,193.5500030517578,163.60000610351562,193.5500030517578,163.60000610351562,193.6800994873047,163.61000061035156,193.52000427246094,163.55499267578125,193.6800994873047,163.60000610351562,81491.0,25331.0
2024-09-23 19:45:00+00:00,193.52499389648438,163.5749969482422,193.52499389648438,163.5749969482422,193.6300048828125,163.60000610351562,193.4600067138672,163.5500030517578,193.5500030517578,163.59500122070312,86853.0,27899.0
2024-09-23 19:46:00+00:00,193.61500549316406,163.5718994140625,193.61500549316406,163.5718994140625,193.65750122070312,163.60000610351562,193.52000427246094,163.5500030517578,193.52000427246094,163.5749969482422,61609.0,27190.0
2024-09-23 19:47:00+00:00,193.6300048828125,163.5850067138672,193.6300048828125,163.5850067138672,193.72999572753906,163.60499572753906,193.6199951171875,163.5749969482422,193.6199951171875,163.5800018310547,61669.0,36462.0
2024-09-23 19:48:00+00:00,193.78799438476562,163.61000061035156,193.78799438476562,163.61000061035156,193.79800415039062,163.61500549316406,193.63209533691406,163.5749969482422,193.63499450683594,163.5850067138672,61024.0,31221.0
2024-09-23 19:49:00+00:00,193.88250732421875,163.64999389648438,193.88250732421875,163.64999389648438,193.88999938964844,163.66900634765625,193.76010131835938,163.61000061035156,193.8000030517578,163.6199951171875,69977.0,36034.0
2024-09-23 19:50:00+00:00,194.0,163.38699340820312,194.0,163.38699340820312,194.4499969482422,163.63999938964844,193.8699951171875,163.38009643554688,193.8699951171875,163.63999938964844,588837.0,98139.0
2024-09-23 19:51:00+00:00,194.0500030517578,163.32000732421875,194.0500030517578,163.32000732421875,194.14990234375,163.41990661621094,193.9600067138672,163.30999755859375,193.99000549316406,163.36000061035156,147749.0,43854.0
2024-09-23 19:52:00+00:00,194.15899658203125,163.3300018310547,194.15899658203125,163.3300018310547,194.31500244140625,163.3800048828125,194.0399932861328,163.32000732421875,194.0500030517578,163.3249969482422,159840.0,30173.0
2024-09-23 19:53:00+00:00,194.1199951171875,163.17999267578125,194.1199951171875,163.17999267578125,194.35000610351562,163.3249969482422,194.11500549316406,163.1699981689453,194.1699981689453,163.32000732421875,156054.0,60869.0
2024-09-23 19:54:00+00:00,194.1199951171875,163.17999267578125,194.1199951171875,163.17999267578125,194.3800048828125,163.22500610351562,194.0800018310547,163.1199951171875,194.1300048828125,163.17999267578125,250870.0,97535.0
2024-09-23 19:55:00+00:00,193.85789489746094,163.08999633789062,193.85789489746094,163.08999633789062,194.1300048828125,163.17999267578125,193.85000610351562,162.9600067138672,194.11000061035156,163.1699981689453,199356.0,163834.0
2024-09-23 19:56:00+00:00,194.02999877929688,163.0399932861328,194.02999877929688,163.0399932861328,194.0500030517578,163.08999633789062,193.83999633789062,163.00999450683594,193.85000610351562,163.0850067138672,144481.0,50832.0
2024-09-23 19:57:00+00:00,193.97999572753906,163.09500122070312,193.97999572753906,163.09500122070312,194.11000061035156,163.11000061035156,193.97000122070312,163.02999877929688,194.02999877929688,163.0399932861328,157089.0,79264.0
2024-09-23 19:58:00+00:00,193.88499450683594,163.02499389648438,193.88499450683594,163.02499389648438,194.02499389648438,163.11000061035156,193.85000610351562,163.00999450683594,193.97999572753906,163.09500122070312,153366.0,110391.0
2024-09-23 19:59:00+00:00,193.92999267578125,163.05999755859375,193.92999267578125,163.05999755859375,194.13999938964844,163.13999938964844,193.83999633789062,163.0050048828125,193.88999938964844,163.02000427246094,636033.0,255113.0
